user_id,message_length,word_count,response_time,sentiment_score,bert_sentiment_num,lda_score_15,lda_topic_15,w2v_cluster,w2v_1,w2v_2,w2v_3,w2v_4,w2v_5,w2v_6,w2v_7,w2v_8,w2v_9,w2v_10,w2v_11,w2v_12,w2v_13,w2v_14,w2v_15,w2v_16,w2v_17,w2v_18,w2v_19,w2v_20,w2v_21,w2v_22,w2v_23,w2v_24,w2v_25,w2v_26,w2v_27,w2v_28,w2v_29,w2v_30,w2v_31,w2v_32,w2v_33,w2v_34,w2v_35,w2v_36,w2v_37,w2v_38,w2v_39,w2v_40,w2v_41,w2v_42,w2v_43,w2v_44,w2v_45,w2v_46,w2v_47,w2v_48,w2v_49,w2v_50,similarity
100,59.755319148936174,10.702127659574469,77941.3829787234,0.19829361702127662,0.6063829787234043,0.40326083,6,1,-0.3455454375531915,0.7226851588297872,-0.41809989808510634,0.37289508425531914,-1.1703399498936171,0.4769857682234042,-0.3352299364468085,0.40342541712765956,-0.09521166808191489,0.18447327240531916,-0.7624009169148936,-0.443390344787234,-0.2648503719574468,0.7189888873404257,-0.7018466945744681,-0.19534681381914892,-0.10673269510276596,0.5498123371276595,-0.681361695,-0.25397921685106384,-0.6084082723404255,-0.41717535021276597,0.7144375780851064,1.13430385,0.17213533973404258,-0.4607694484042553,0.31888284039361703,-1.3493787340425532,0.9159207764893618,0.5246439329787234,0.004240470250265957,-0.004782693918191489,0.30600987372340427,-0.4546659076595745,0.06576856221170213,-0.7728382837234042,-0.5138131858510638,0.8742781693617022,-0.25439685738297874,-1.1509510007446808,-0.4404719285106383,0.28922957112765957,0.1975943609574468,-0.20351384775531914,0.31910172623404254,0.08353617597127659,-0.3217379714893617,-0.6924152759574469,0.32258924031914893,-0.6377605079787234,1.0
1001,51.75,10.75,216774.75,0.42169999999999996,0.5,0.32201248,10,1,-0.3695428825,0.7863994825,-0.4576264725,0.3890825325,-1.1635498,0.48919,-0.3647715125,0.4153673275,-0.1604776735,0.14199859,-0.797387385,-0.4145490575,-0.256540525,0.7066932575,-0.7062894675,-0.142438776,-0.10407892075,0.5498447399999999,-0.7306178125,-0.28728729750000004,-0.566351365,-0.406018725,0.704624795,1.160995975,0.15628586849999998,-0.4674726025,0.3604663125,-1.380121725,0.9564227599999999,0.525810195,0.016894966999999997,0.07247558325,0.35410261,-0.474563455,0.09314721825,-0.758892005,-0.48183811499999996,0.89434608,-0.2946560125,-1.152924325,-0.41264829,0.27133449,0.2161547475,-0.2059095025,0.2832859025,0.15933819375,-0.27039891250000003,-0.7219929625,0.2950813975,-0.6297868175,0.9999998562324678
1003,31.78810408921933,6.353159851301116,148212.63568773234,0.20606226765799254,0.6356877323420075,0.36294416,0,1,-0.4162201254089219,0.8357789152602231,-0.44230785050929367,0.343000073,-1.1165211403159851,0.4417490621124535,-0.30793644131598513,0.4539909634386617,-0.11519241062379182,0.13913503673940522,-0.7272441836802974,-0.3978525985464684,-0.3067583537211896,0.7885156580669145,-0.7264379214498141,-0.2056189261302974,0.011902972195167286,0.5854854640148699,-0.6652901500130112,-0.24259712498754646,-0.5969349888104089,-0.4356116688475836,0.7781111918215614,1.1638530220817844,0.11580888254591079,-0.46403571473977695,0.38098314409479556,-1.3376208620446097,0.8767747672862454,0.570527443141264,-0.00664322510061896,-0.03469531040167286,0.3220858513048327,-0.4161273209921933,0.05557369008828997,-0.8033507774535316,-0.5315437523048328,0.8305008419702602,-0.2941156511767658,-1.1683961755947956,-0.4168395161710037,0.3334674069795539,0.2132885729042751,-0.24252748928531598,0.37354101902788106,0.17654196632193309,-0.38258975392193306,-0.7182022591078068,0.31710632911152414,-0.6227066044981412,0.9999998427785206
1005,119.36521739130434,22.304347826086957,117811.09565217391,0.24312608695652177,0.5217391304347826,0.36482856,6,1,-0.3140742332173913,0.706333707652174,-0.44965456800000003,0.33130395130434787,-1.2041356860869565,0.4728882238260869,-0.38258920860869566,0.3887393542608696,-0.13452283623478262,0.1481931494,-0.813174007652174,-0.41994771556521737,-0.25752173939130435,0.7224561001739132,-0.7136977490434783,-0.13297850417304347,-0.09271463664347826,0.5274089366086956,-0.7172293104347826,-0.2708007593043478,-0.5882624651304348,-0.3845401266956522,0.7067851354782608,1.1079934486086958,0.1431070917878261,-0.4373168036521739,0.3469216909391304,-1.3544038260869564,0.9509380749565217,0.5003952450434783,-6.620394530434776e-05,0.025638841164956523,0.32056518869565215,-0.4714280970434782,0.1199818411321739,-0.7256222743478261,-0.4870127608695652,0.8548617546086957,-0.3059329185826087,-1.1442505204347826,-0.388000188,0.24568194029565216,0.19093699869565217,-0.20906433115652176,0.2873212403478261,0.11821634987826087,-0.2721290732173913,-0.6545414849565218,0.3178529112173913,-0.6481538930434783,0.9999999680954379
1006,30.97347480106101,5.949602122015915,62120.64190981432,0.19442042440318302,0.7214854111405835,0.5127566,14,1,-0.3895057119761273,0.7970174228647214,-0.4513838739204244,0.3590549287511936,-1.1642616131034482,0.4615791550530504,-0.3474325317771883,0.4246231420291777,-0.1288623373822281,0.16510052469655173,-0.7716700818302388,-0.3859606216220159,-0.2686245085013263,0.7415566190371352,-0.7221348844297082,-0.14832047766259948,-0.03624712880891247,0.5682048928116711,-0.6429768616657825,-0.23624594653050396,-0.5940392755968169,-0.4047587402970822,0.7680666266047744,1.1438437446419099,0.11676656388992043,-0.45707991840848805,0.3601940566912467,-1.314151438116711,0.8913764248541114,0.5843032412997348,-0.019623313561777187,-0.01720802202811671,0.3151328505400531,-0.4402095258726791,0.07669431173183024,-0.7568803167374005,-0.538814938469496,0.8132679845580902,-0.2827573106153846,-1.1558599547745358,-0.4089214586047745,0.29410515106763924,0.18490735049602122,-0.2120543828204244,0.31193849099204246,0.17043184007851458,-0.3146229099893899,-0.6798574694429708,0.33851926674005306,-0.6500996669496021,0.9999999631018991
1008,94.49063876651982,18.15748898678414,573699.2131057269,0.058860737885462554,0.35462555066079293,0.39202508,1,1,-0.35567348362059475,0.7507717263215858,-0.4629282711624449,0.3194043076976872,-1.1795238830479073,0.4558584968177313,-0.3600177378875551,0.4207174257599119,-0.14064484677805067,0.1491773662518502,-0.7902971718116739,-0.39262826346954843,-0.28371813493337006,0.7397127831112336,-0.7236249101211454,-0.13243478477232928,-0.04421348956630066,0.5611490695457049,-0.7131777068419604,-0.2563905216769824,-0.5912900340781938,-0.4019221492772577,0.74458437069163,1.1245146634911893,0.12634845534625552,-0.459404136194934,0.37936220985297353,-1.3364040006360132,0.9555330228744493,0.5260688681464758,0.010619161184909692,-0.0017189070137169605,0.3267789683619493,-0.46276321226486783,0.10810425352957378,-0.7452679504845815,-0.49989073746420704,0.8538759379129955,-0.32750183985770925,-1.1439927300220265,-0.4042636390545154,0.25761134374080397,0.1891278065027533,-0.2030805490732379,0.3065864071024229,0.17211483825471366,-0.30854491082599117,-0.6656822951596916,0.3144533287159692,-0.6486003991547357,0.9999998122084841
1010,25.46131805157593,5.355300859598854,39015.79083094556,0.1278656160458453,0.7822349570200573,0.515822,14,1,-0.4107756448280802,0.8465988730659025,-0.48237275647564465,0.3343364225730659,-1.1520300519197708,0.4364732617765043,-0.34735123964469916,0.47361349759312316,-0.17462732048424068,0.140976153108596,-0.7924281387106018,-0.35174159745845274,-0.29044809690544415,0.7580665626848136,-0.7656730879369628,-0.14671334308309456,0.0011297022874011467,0.5942490946704871,-0.662146066773639,-0.2441225509512894,-0.5858018633982808,-0.3951733029226361,0.8261271118767909,1.1929422435243553,0.06875644592808024,-0.45522420959885385,0.38120913469054446,-1.3216312991404011,0.9077149321776505,0.6193399479369628,-0.004640075513037249,-0.021060192224335243,0.335157567234957,-0.4538549429455588,0.08987943903008597,-0.7766834672779369,-0.5389761483553009,0.8072461698567335,-0.33174344027793695,-1.172918718338109,-0.3983050709570201,0.29026864856733525,0.19816687461232094,-0.21158986761776505,0.32102829198853866,0.26141902582148996,-0.33924135159312324,-0.682637453008596,0.3492948750315186,-0.6584427286246418,0.9999999919052271
1011,52.968211206896555,9.594647988505747,1163069.7816091955,0.18160465158045977,0.5729166666666666,0.442695,14,1,-0.3386337350419612,0.7234186671740302,-0.4359432862662087,0.3371170949240302,-1.1639056441215876,0.4694388522950431,-0.3383015643696634,0.40853910828160916,-0.11607395223968571,0.1709071566911428,-0.7780684320400503,-0.4169202581381286,-0.2725718292181393,0.7166897168183549,-0.721700381713362,-0.17648917517032148,-0.090553636858477,0.549836504389727,-0.6702470621773886,-0.2514431070435165,-0.5956415620980604,-0.4008160257969289,0.7104985172016882,1.129617432889727,0.15140813429302621,-0.45001305520204743,0.3185711110878628,-1.3426489052790949,0.923819284558908,0.552719652573635,-0.0012175633339926363,-0.005442258060382004,0.30311059672375606,-0.4565665253449353,0.0772844709297755,-0.7500176324543821,-0.5123735799259339,0.8518685172322198,-0.2703842505584052,-1.1500701899830819,-0.4201628978723778,0.27387403391921694,0.19770586097379417,-0.19976061055127517,0.3033542076802802,0.11378130744008799,-0.31393028984024784,-0.6748023373450072,0.3335288072279005,-0.6300017863817888,0.9999997304627446
1012,40.30691823899371,8.353459119496856,994087.3635220126,0.1767293081761006,0.5974842767295597,0.43034953,14,1,-0.3541914301446541,0.7794964437861636,-0.49052787547383647,0.32482029035496857,-1.1836147171194968,0.4433636496930818,-0.3662453985823899,0.44790102325786163,-0.17539113014578617,0.15468328753422642,-0.8102528609559749,-0.3713806614314465,-0.2798651822792453,0.7368807287672956,-0.7602835949685535,-0.12367682548135848,-0.02509788488615094,0.5751738906968554,-0.7014191115056604,-0.2565285600309434,-0.5809416650867925,-0.37674622488621384,0.7740708777610062,1.1552392842767294,0.08462869624896854,-0.4489215718616352,0.3608854290638994,-1.3247824115220126,0.95032388481761,0.5834902446163522,0.0010596887585635221,-0.005204313471836477,0.32720325026691827,-0.4719532983245283,0.1206454282066415,-0.7515917450566039,-0.5065975613899371,0.8176850945776102,-0.33788778950767295,-1.1660138091874215,-0.3985104769069182,0.2455636256251572,0.18483880423270438,-0.18866729491786163,0.2984779155734591,0.2269600194553082,-0.30152279935597487,-0.6649309493836478,0.3362709917320755,-0.6486320926163522,0.9999997268998835
1013,25.91304347826087,5.217391304347826,91929.04347826086,0.03635217391304348,0.7536231884057971,0.44823414,1,1,-0.4011744188405797,0.802810767826087,-0.4879334852173913,0.32566067188405795,-1.1796137807246379,0.4431327623188406,-0.3522827820289855,0.46447441565217396,-0.163238707057971,0.13794102939130434,-0.785525305942029,-0.35853047166666663,-0.2905955998550725,0.7582456482608696,-0.7519306007246377,-0.18671711004347827,-0.011703074794202899,0.5765215437681159,-0.6749780211594203,-0.25830421855072466,-0.6155427007246377,-0.40460547420289855,0.7936015497101448,1.1951404275362318,0.08488390933768115,-0.45684486927536233,0.3794307107246377,-1.3197339797101448,0.9156876956521739,0.5931811210144927,0.0021184225705797102,-0.03441778781449275,0.31606008942028985,-0.4738224579710145,0.09984827928405797,-0.7547219878260869,-0.5147198217391304,0.8249383126086957,-0.35042667874347827,-1.180423843478261,-0.3731987947826087,0.2783455624637681,0.19647926072463767,-0.2163278294463768,0.3102334894202899,0.22216499981159418,-0.367729824057971,-0.6751714518840579,0.33648761026086954,-0.645542852173913,0.9999998792111989
1014,47.82692307692308,9.538461538461538,80089.05769230769,0.3240173076923077,0.6346153846153846,0.38644335,8,1,-0.3161146571153846,0.7513041582692307,-0.49680387038461543,0.3038455366153846,-1.1665890476923075,0.47323200634615387,-0.3667377130769231,0.4093064571153846,-0.1476088718076923,0.17406655728846154,-0.8161816159615385,-0.37357145038461537,-0.2923713821153846,0.7270451653846154,-0.7332868738461538,-0.1098378617173077,-0.05053274011923077,0.5712904967307693,-0.7063212641346154,-0.25186480699999997,-0.5786750794230769,-0.35723389657692306,0.7501798576923077,1.1263306665384616,0.09821648482307693,-0.44068285346153846,0.3692237025,-1.3444832384615386,0.9608525982692308,0.5552589953846154,-0.017039880815384614,0.011719960090384616,0.3373661838461538,-0.4601796809615385,0.11977537582692308,-0.7321972630769231,-0.48979457759615386,0.7931599544230769,-0.34452946134615386,-1.1771092307692308,-0.3929501532692308,0.24884838975,0.17784969886538463,-0.20915424826923076,0.2924643065384615,0.18752462378846155,-0.2804704346153846,-0.6411529209615385,0.33152833269038456,-0.6425561309615385,0.9999999854594875
1016,37.857142857142854,7.257142857142857,19942.692857142858,0.06960285714285715,0.5285714285714286,0.43522024,8,1,-0.3597630872142857,0.7680872449285714,-0.46277088798249993,0.33193561829714285,-1.1740750979285715,0.44560152955,-0.3467554998142857,0.42927091114285715,-0.13161749519642857,0.16695473133214286,-0.7798034384285715,-0.4078472036678571,-0.2843965885,0.7540589588571429,-0.7393425774285713,-0.16513711969285716,-0.02823158324642857,0.5790849345714285,-0.6846349885714286,-0.24831624765000002,-0.6107897490714286,-0.41439580207142857,0.7744103778571428,1.1345715542857144,0.11136445311054272,-0.4502842142142857,0.35618354441428574,-1.3253687685,0.9149331709285714,0.5656035819285714,0.006894013859642858,-0.037953961930714285,0.3068492292857143,-0.45281474587857146,0.10508984958285715,-0.7655806855714286,-0.5303871357142858,0.8474072194285714,-0.2999648845921429,-1.1521261507857143,-0.4138117636785714,0.27411227956714285,0.1863591457942857,-0.21052851485714286,0.31691345081428574,0.16725655317857144,-0.3337530681071429,-0.6722338420714286,0.3241379894285714,-0.6556542738571428,0.999999322236316
1019,71.29032258064517,14.310385523210071,1275274.9260424862,0.31299622344610545,0.6111329661683713,0.42164278,6,1,-0.3589747052895358,0.774072452043804,-0.4838778602922896,0.3274691318464792,-1.1771147191050355,0.45774615454602674,-0.36295612032199054,0.4296647685848348,-0.1662493517374351,0.14893316287557948,-0.8137500785641227,-0.3769870494300354,-0.2835781850558615,0.7340554708013375,-0.7490838186664044,-0.13138356278236427,-0.05891107630240756,0.5551552368922108,-0.6986590147470496,-0.25889183507755703,-0.5849409230861526,-0.3822025644018489,0.7710119460464201,1.1638712346243116,0.1123124261935541,-0.44373816508457903,0.3821499458103855,-1.3431228800944137,0.9637738015676632,0.5537880657710464,-0.0030187079960721872,0.00664661991459874,0.3367127038123918,-0.4639774075472069,0.10992804875130409,-0.7473654785253737,-0.5171583307379032,0.8308803646085758,-0.3493881574750393,-1.1657422697305273,-0.406289328895358,0.25241331759618413,0.18415276619423682,-0.19539328321362312,0.3102242317566876,0.19452675466372935,-0.30246970835719905,-0.6710097756207711,0.32110102921748623,-0.6679298634107003,0.999999738247415
102,47.454054054054055,8.989189189189188,38225.016216216216,0.14623513513513514,0.5459459459459459,0.41011596,6,1,-0.3499006663243243,0.7306710264324324,-0.44145050345405407,0.3508091444324325,-1.169965335837838,0.4720791598378378,-0.33109322452702705,0.4187160375135135,-0.12180166197027029,0.17390897975837838,-0.7682745227027027,-0.42704887832432437,-0.2774906016756757,0.7413089405945946,-0.7170327355135135,-0.16669350272,-0.07037719462540541,0.5680500024324324,-0.6837937832432432,-0.2426543114162162,-0.6024482188108108,-0.40568100540540536,0.735360164918919,1.1254545366486486,0.14776852895135134,-0.45837784994594594,0.3252703953837838,-1.341387974918919,0.9303620157297297,0.5477299802162162,0.004119319685135136,-0.020399949070270273,0.3111767606410811,-0.45552818389189187,0.0795457103735135,-0.7648855296216216,-0.5244420245405406,0.8485836381081081,-0.27582650288594596,-1.1530447894054054,-0.43285907477297303,0.2759446305621622,0.1839879329837838,-0.19837643543783784,0.30457418864864866,0.12827893973027027,-0.32613068048648647,-0.6885508533513514,0.3297748323243243,-0.6354397847027027,0.9999998810287801
1022,29.5,6.8,51716.7,0.16760000000000003,0.6,0.42414084,0,1,-0.377105194,0.8640167699999999,-0.5192907360000001,0.384572874,-1.18917582,0.45434598600000003,-0.352899042,0.48080088199999993,-0.1870211745,0.23682867440000002,-0.803681531,-0.3486193615,-0.284149422,0.788704368,-0.782754139,-0.1481887946,0.0505796196,0.6123600060000001,-0.73051021,-0.272582789,-0.548976565,-0.379975312,0.844753448,1.20904887,0.053317969500000006,-0.45136297599999997,0.392867487,-1.33870168,0.9659009380000001,0.626689804,0.03346516740000001,-0.011471656700000003,0.360762945,-0.505313454,0.1414639302,-0.826101957,-0.506704096,0.779994153,-0.35411088,-1.25726333,-0.439287396,0.22706089899999998,0.1541066818,-0.1577637586,0.364330373,0.2889407985,-0.338022851,-0.714874197,0.31967917,-0.644802042,0.9999999802281103
1023,48.52842809364549,7.444816053511706,50842.362040133776,0.22145443143812713,0.7073578595317725,0.43873888,0,1,-0.31056062502508364,0.6514967062198996,-0.3626418410192642,0.4263853926145485,-1.1531445034197325,0.4917147180183946,-0.25453767471698996,0.3848258141638796,-0.04660894586312709,0.23236770352391306,-0.7273831683361204,-0.5375615467048495,-0.24210831726421406,0.7034708584113712,-0.7089809944983277,-0.2927214483394649,-0.18426585959864547,0.5616362428595318,-0.6416085255217392,-0.24372095380351172,-0.6390576747408027,-0.42074223016555184,0.6656217260785954,1.132449124590301,0.24678261451923078,-0.4410479608862876,0.18889162353871236,-1.3684510835869563,0.8563483495735785,0.5902834960284281,0.008100891523418061,-0.02429418394097826,0.2634692746979599,-0.4642396013704014,-0.03094737405819398,-0.7802060775167224,-0.5602147070234114,0.8778730673494983,-0.13805598379749162,-1.1564129877173912,-0.49860706679096994,0.3066898133520067,0.22673888495041808,-0.17300810134021738,0.29245819764829434,-0.06292965894732441,-0.37332176155685615,-0.7344839160033445,0.3425820254998328,-0.6099844423411371,0.999999981904295
1024,30.98583569405099,5.663597733711049,183970.62818696882,0.025181515580736544,0.4681303116147309,0.45508975,8,1,-0.3705378491706799,0.7787747255954675,-0.4688660576175637,0.3276054497674929,-1.131333673703966,0.43917535170113314,-0.3072698610203966,0.4627771044010623,-0.13887261232376275,0.18091520434040367,-0.7589222800141643,-0.407196555259915,-0.29406021446650144,0.7029692548838528,-0.7373168398654392,-0.19968774848688384,-0.05641681736282578,0.5951941660906516,-0.6483475792322947,-0.23352453216692634,-0.6234334446798867,-0.42534849690934845,0.779081069486898,1.1838143888101982,0.11792839466398725,-0.4703025824008499,0.3111171397917847,-1.3090172848016999,0.9245819571458923,0.6162255456090652,0.015218632860165723,-0.04061797004095043,0.30159843914730877,-0.45635336754957506,0.04766605861246459,-0.7753075609235127,-0.5478797580743626,0.8673501544971671,-0.283230424261119,-1.1568649767776202,-0.44379992900000004,0.2802131420410765,0.1836006128313739,-0.18899360580169972,0.3034873375252833,0.18184988721685552,-0.3571359546554532,-0.6912824815609065,0.3657506259369689,-0.6314291919865439,0.9999998149243116
1025,30.53435114503817,6.290076335877862,236772.76335877864,0.12755725190839695,0.6564885496183206,0.46615508,12,1,-0.36979721022900763,0.8156763313740458,-0.5123144648854961,0.3261396289030535,-1.1434700647328244,0.45353668512977097,-0.34363700302290073,0.4481901915267176,-0.17487543429847327,0.16855025852290076,-0.8008384145801527,-0.3637307342748091,-0.3036119464885496,0.7526691951908397,-0.7461072819083969,-0.13935445889312978,-0.030909439770992364,0.5856349558778625,-0.6874338183206108,-0.2464850646946565,-0.5946497313740458,-0.38233387931297713,0.8018092087786259,1.193849147022901,0.08631102641664122,-0.4536208167938931,0.3840882979389313,-1.3325856494656487,0.9652157727480916,0.5905185505343512,-0.013649390812786261,-0.01512684640687023,0.345906890610687,-0.46064010122137405,0.08878334002900763,-0.7749311728244275,-0.5313120916793893,0.7908112821725192,-0.3576180698931298,-1.2083512139694657,-0.41301654759541984,0.26364213763358774,0.16680210842290077,-0.20018568620610686,0.30889735432061066,0.2246543459312977,-0.3204168487022901,-0.6826920903053435,0.34423914190839694,-0.6543506353435115,0.9999997899265022
1029,35.604395604395606,6.435897435897436,96663.80952380953,0.05679890109890111,0.4835164835164835,0.4445547,14,1,-0.3595762254029304,0.7442290056776556,-0.45593963998168496,0.3528716546934066,-1.1745551070695972,0.45339108073992673,-0.31707293701208794,0.44140307820512825,-0.12378758612564102,0.18447183652600732,-0.7558064545421246,-0.42700233018681316,-0.28862026152380954,0.7477615273992674,-0.7380433417948719,-0.18390755930036629,-0.0412145058018315,0.581512803919414,-0.6831760989743589,-0.24237066493772896,-0.609372735018315,-0.41837787323076925,0.7583123548351649,1.1408640446520146,0.1311701816040293,-0.46068700978021976,0.31895553949706956,-1.324625527838828,0.9234446215018315,0.5641510036263736,0.0068341089236520144,-0.03935651371388278,0.2964642661091575,-0.4577765905494505,0.08647468446244688,-0.7883274551648352,-0.5292147102930402,0.8511742936263736,-0.2808460031007326,-1.157397317142857,-0.4300908511904762,0.2716736540879121,0.18802532715531137,-0.19223855475091575,0.3261445653479853,0.15305745702344323,-0.35272973826007326,-0.702543795970696,0.3368979467765568,-0.6202555596336996,0.9999999181081541
103,51.132,9.828,137492.064,0.1863988,0.572,0.40212676,8,1,-0.33300009854400003,0.73768332264,-0.454921605128,0.3431545196052,-1.19053987732,0.45891804880799997,-0.3549016407808,0.41737764292,-0.12850997624799998,0.15941063910279998,-0.7859620758,-0.41768409484799995,-0.27389806448000004,0.72429477104,-0.7262583018000001,-0.1438396524104,-0.060180503745719996,0.56061185284,-0.70484027312,-0.25243324046,-0.59784890792,-0.39436977286799996,0.7453710756799999,1.13152810856,0.1345473546256,-0.46148325856,0.350593655516,-1.3382647706,0.95244417276,0.5342205380399999,0.009490227060296,0.0068666460504,0.318612956816,-0.46243579687999997,0.095225378616,-0.75107456976,-0.50643951516,0.8469320049783999,-0.3142068818432,-1.15122244412,-0.41425414372,0.25695422208,0.1866839919472,-0.19720352810400002,0.308377187228,0.14922566483988,-0.30873744432,-0.67392988524,0.330472166696,-0.64758931836,0.9999999196506955
1030,78.52941176470588,15.411764705882353,48210.94117647059,0.19516470588235293,0.6470588235294118,0.3756482,6,1,-0.29521321411764706,0.6909368682352941,-0.44096565117647063,0.35302611588235294,-1.16219159,0.4768467517647059,-0.36191646470588235,0.3876547094117647,-0.10872950947058824,0.17349861005882355,-0.7950678547058824,-0.43382624117647056,-0.25263076705882354,0.7059828923529412,-0.7124010947058824,-0.1557519321764706,-0.12203932376470587,0.5332186747058824,-0.7174784547058825,-0.26956675941176467,-0.5914488952941176,-0.3765643382352941,0.6611886176470588,1.0959752076470588,0.169463705,-0.4303162317647059,0.3043938144117647,-1.3515040764705883,0.944253754117647,0.5445314023529412,-0.002877869823529413,0.02846173376470588,0.2905523687647059,-0.45816595705882357,0.10977491973529412,-0.7374534747058824,-0.48433473411764705,0.8381237094117647,-0.2465791905882353,-1.1549656588235295,-0.4347631570588235,0.2417934327647059,0.1982268476470588,-0.16543397470588236,0.28789274235294116,0.08652965599264706,-0.25423256529411764,-0.6775691164705883,0.3067007088235294,-0.6301828970588236,0.9999996111866102
1031,38.86511627906977,7.920930232558139,60597.93023255814,0.19432573643410853,0.4945736434108527,0.4306986,8,1,-0.34720618908217055,0.7619481420465116,-0.48643721604651163,0.34417598319689924,-1.1673040061782947,0.4777660553643411,-0.34046547504341085,0.42729978559689924,-0.15311670906223254,0.16268157493813953,-0.8021637379069767,-0.40712346627131785,-0.2978774148155039,0.7314225312403101,-0.7559279460620155,-0.14451603927280618,-0.061107924234440315,0.5814165329767442,-0.7012513218418605,-0.25332713432868215,-0.5892755558294575,-0.37239320726511627,0.7510883687596899,1.1530764577054264,0.1237846770013566,-0.4472228401612403,0.35119350346325584,-1.360813376883721,0.9491622279379844,0.5829805456124031,-0.005913270346231007,0.006091052923999999,0.3449767068899225,-0.4701356664899225,0.08833361546048682,-0.7502734914108528,-0.5125103317829457,0.8331946059534884,-0.32181241858093024,-1.1584620231937985,-0.42630408355813953,0.2586887828449612,0.18878707692031008,-0.20256191656310077,0.2992884760883721,0.1734207389043411,-0.32586684286046513,-0.6886271451007753,0.324068365875969,-0.6442651756899225,0.9999999919958146
1034,74.5307486631016,14.381016042780749,214358.28877005348,0.19571016042780748,0.5147058823529411,0.39628235,13,1,-0.328007748394385,0.7300631602807486,-0.45242811880080214,0.3542231155254011,-1.199745452566845,0.4636176172713904,-0.3655481011010695,0.4053584206951871,-0.12913967874435828,0.16130798029751336,-0.7967074023262032,-0.42215755329411764,-0.26401801335695185,0.7265839648429144,-0.7277624026336899,-0.14128094638382352,-0.07542078381434492,0.55064624092246,-0.7238166319786097,-0.26733424889438506,-0.5893373205882353,-0.3929207312967914,0.7187042444786097,1.1187352773663102,0.1436967138050174,-0.4462608921122994,0.34617192088195187,-1.348250102540107,0.9471190086229947,0.5246289749331551,0.00781331494555615,0.021743451329893047,0.31362964559772727,-0.47183621555481287,0.11059418422540107,-0.7452429131818182,-0.49356263929144384,0.857766933276738,-0.29513556806220587,-1.142894445066845,-0.40968188404679146,0.24786987931283422,0.19768504205481285,-0.1886714474304813,0.3020051232259358,0.13634358399237967,-0.29178799580213904,-0.6796810384491979,0.3088425140254011,-0.6454146919652406,0.9999999092052304
1036,22.198237093002337,4.548659830904839,532025.4453139054,0.15047900701565028,0.7030041374347904,0.48252434,14,1,-0.39545222251412127,0.8299570522729627,-0.4781411028949856,0.3238161651746591,-1.117316590982371,0.44728762878795647,-0.32127450730496493,0.4521549005997662,-0.14056889067173997,0.16236195692713526,-0.7733215285599928,-0.3607500307235864,-0.30659783989476525,0.7484125527141573,-0.7495520732056125,-0.17833605694051072,-0.03017696195177208,0.5849771070062061,-0.6378601791442705,-0.22621409618431101,-0.6017697299970318,-0.3903809116339108,0.8169733087506746,1.20510174674186,0.08717459299684703,-0.45481140341248427,0.37687456625745636,-1.3332341981642382,0.9331482070376866,0.6171582003521316,-0.01805385794533981,-0.02942946212641761,0.31652664777057926,-0.43355116164611435,0.06954110816333,-0.7770138759895125,-0.5442856480025005,0.7882526963148948,-0.32913494060041104,-1.1908744403480842,-0.416015307940277,0.30039714119907984,0.1743575510835108,-0.2141073653114211,0.33624842479716677,0.21241173715143732,-0.3453713468023925,-0.6725414764280176,0.35364465679186,-0.6641071155459076,0.999999727943943
1038,99.45158102766798,19.459486166007906,222642.7776679842,0.3055399209486166,0.4792490118577075,0.35824284,13,1,-0.3174652221541502,0.7205834904347826,-0.4596824329407114,0.33844808320948616,-1.2018878873517786,0.4670894086768775,-0.37985940805928853,0.3952614198715415,-0.13840398494960474,0.15103054816067193,-0.8123095011660079,-0.41014840999604746,-0.2680296768715415,0.7159803763142292,-0.7261793064822135,-0.12153530612391304,-0.08263780333142293,0.5413089401521739,-0.71981486531917,-0.2678940081729249,-0.5779898286492094,-0.3752947014347826,0.7171397019960474,1.118120010602767,0.13288561640899207,-0.44488820898221343,0.35328174961758896,-1.3524910203260871,0.9612961765612648,0.5131555235770752,0.0003620685300345848,0.03455845131470356,0.3295163604061265,-0.4691172240464427,0.12251509301294466,-0.7372706630533596,-0.4897017958280632,0.8437974371156127,-0.3197957201290514,-1.1434514318606719,-0.39793950972332015,0.2424166863177174,0.19054885041166006,-0.1956544148784585,0.29667848653162054,0.14245621360014823,-0.27050275715513833,-0.6616952306225297,0.31334856002964423,-0.6479991999209486,0.9999999469747866
1039,101.0,19.5,102808.75,0.314925,0.25,0.31807488,13,1,-0.31441877,0.67482115,-0.44924065,0.2918675675,-1.1738898500000001,0.4359879725,-0.398051545,0.36225853,-0.1483028275,0.07521531,-0.821089065,-0.365986015,-0.2825814325,0.6998531225,-0.7077169375000001,-0.08439745600000001,-0.09912667124999999,0.519130515,-0.691243805,-0.26951182,-0.55101944,-0.3466613475,0.67876529,1.078856125,0.10390127325,-0.4437316375,0.3372749675,-1.33971645,0.95999754,0.5202872900000001,0.008151703025,0.06999499375,0.3420094125,-0.4398811125,0.146682425,-0.6825834875,-0.4948799425,0.793134265,-0.3552510325,-1.093937725,-0.35175670000000003,0.23246523,0.18632176,-0.1787560175,0.24254257750000002,0.15382544,-0.2195648425,-0.640409085,0.297762035,-0.6355351075,0.9999999752385187
1041,24.666666666666668,4.333333333333333,125201.66666666667,0.07543333333333334,0.6666666666666666,0.340674,4,0,-0.3960304266666667,0.7769486333333333,-0.3517831433333333,0.40243754333333337,-1.1654581333333331,0.50685903,-0.33856725666666665,0.4392118666666667,-0.06979931733333333,0.16966454,-0.7264808899999999,-0.4060837033333333,-0.2416339133333333,0.7725109466666668,-0.6834055666666666,-0.22484987,-0.065703633,0.5161084733333333,-0.7008329766666667,-0.24534396000000003,-0.5839038066666666,-0.42726033,0.6568120833333334,1.1258904,0.23047344,-0.4579678566666667,0.39642719,-1.3387574666666666,0.9015116866666667,0.5265696533333334,0.020533203999999996,-0.06654169833333333,0.28071900666666666,-0.44487314333333333,0.028555080833333333,-0.7575689033333334,-0.47312664,0.9305266366666668,-0.22618712,-1.1549585,-0.5026609133333334,0.3255554133333333,0.19308812333333333,-0.18838186666666665,0.43936748666666664,0.08612525753333333,-0.3706817966666667,-0.7125254499999999,0.26694677,-0.6287156166666666,0.9999998322761582
1042,27.375,2.875,359436.375,-0.1507125,0.75,0.5666636,4,1,-0.361676025,0.6725736,-0.342584077925,0.35789181125,-1.1718359299999999,0.45398162375,-0.235938588625,0.3965206825,-0.005334955000000002,0.29125274225,-0.70310645875,-0.51700482375,-0.25647660625,0.6563613925,-0.6567053150000001,-0.349352276875,-0.15964588424999998,0.567611095,-0.52128390125,-0.1884412,-0.72416443375,-0.51685940125,0.76248246125,1.1739689125,0.21675495025,-0.43191779125,0.204014667,-1.2656646375,0.76382963625,0.562319545,-0.027270506125000003,-0.0720819821875,0.246908890625,-0.47276402500000003,-0.131123458,-0.805386045,-0.65751289625,0.867641435,-0.09406350125,-1.1653882875,-0.47480837875,0.34758541875,0.22734575750000002,-0.17695628200000002,0.300608184375,-0.08770987687500001,-0.41538966125,-0.6608641125,0.436659465,-0.66102776875,0.9999997523897379
1043,68.12987012987013,12.818181818181818,16156.974025974027,0.22720519480519483,0.6363636363636364,0.38581955,1,1,-0.33130610714285713,0.7420184802597403,-0.4312986753831169,0.3598745764935065,-1.1575204535584416,0.46065803350649354,-0.33039710548838963,0.39536859714285716,-0.08581484811688311,0.17368873494025974,-0.7516083227272727,-0.4368107623506493,-0.28074989381818183,0.7343755335064935,-0.7111680122077922,-0.1824427267714286,-0.06860380985766233,0.5646468536363637,-0.6902754474025975,-0.24704507668831166,-0.5972605622077922,-0.4035274405844156,0.7204834442857143,1.1217096127272728,0.15407199745714284,-0.45792338792207793,0.33167056111688314,-1.3547671324675326,0.9207721235064935,0.5352093568831169,-0.0005369537285714283,0.006862745362337662,0.29393011094805194,-0.43945672242857137,0.07995759310389611,-0.7642235923376623,-0.5110033509090909,0.8426480224675325,-0.26422563407792204,-1.1411156966233766,-0.41577939870129865,0.28159433090909086,0.1958831918181818,-0.2082694983961039,0.3286698896103896,0.0994267220896104,-0.3223042155844156,-0.6884798387012987,0.31677385597402596,-0.6342626968831169,0.9999938134807419
1044,38.349514563106794,7.466019417475728,245843.16504854368,0.1858116504854369,0.49514563106796117,0.43215173,13,1,-0.3612460469805825,0.7364433689320389,-0.44824326331747577,0.3314983466990291,-1.1861344441747572,0.4615559353786408,-0.33795251167961166,0.4297952649514563,-0.13803924398737866,0.1568540355446602,-0.7901135801941748,-0.428269711262136,-0.27548890796116504,0.7390402011650485,-0.7401831414563107,-0.17080938003009707,-0.07817876510730097,0.5537829616504855,-0.682836866407767,-0.2587026711359223,-0.6055878904854369,-0.42699486660194175,0.7465502573786408,1.139865608737864,0.1442761333786408,-0.44289188699029125,0.3339234801262136,-1.3437019729126214,0.933019288446602,0.5350104112621359,-0.0005738154533980578,-0.016882303724271845,0.30855445063106796,-0.45854367077669905,0.09902662396407767,-0.7693013508737864,-0.5349383239805825,0.8743697049514564,-0.29107746873786405,-1.1583909980582523,-0.41045938601941745,0.27661816235339803,0.2060485843592233,-0.21237434953980583,0.30573444962135926,0.13618853232038836,-0.3270771100485437,-0.6923679088349515,0.32041265949514564,-0.6419357993203884,0.9999998071805529
1047,55.26923076923077,11.057692307692308,195805.34615384616,0.1893951923076923,0.5865384615384616,0.40619197,1,1,-0.3519326767307692,0.7613841838461539,-0.4792100670192308,0.3200104036442308,-1.182646146923077,0.46479285625,-0.3671773054615385,0.4106688071153846,-0.16351167526384616,0.16388459192884616,-0.8114336200961538,-0.37333353548076925,-0.27633668,0.7477001605769231,-0.7364538245192308,-0.1371283209326923,-0.04446186182788461,0.5467821208653846,-0.6841135271153846,-0.2571598488846154,-0.5814438851923077,-0.3862019125961539,0.7705788322115384,1.1468552086538462,0.10720324606442308,-0.44178914375,0.3817825047673077,-1.3400720163461537,0.9479530422115385,0.5486881515384615,0.0017831148778846154,-0.007001647473365385,0.33067774525,-0.4658818426923077,0.1243822830576923,-0.7360403112499999,-0.5188761445192308,0.8166196131730769,-0.343241345325,-1.1710659442307692,-0.38658193759615384,0.24632297895192307,0.1728706651346154,-0.20725292834615386,0.3022392201826923,0.1759955319903846,-0.2968677983173077,-0.65158282375,0.33114133038461535,-0.6668679807692308,0.9999998789136562
1049,15.782805429864254,3.5604395604395602,420685.1266968326,0.04778661926308985,0.687136393018746,0.4525833,4,1,-0.46085916200129284,0.9182437034970911,-0.5390126944925663,0.28999609474376215,-1.0891596936845507,0.4094615270510666,-0.30053588726244346,0.5366202557530705,-0.24870786395528766,0.16602286585317388,-0.7877681562533936,-0.31696943849069165,-0.32106202233484166,0.7419881127721396,-0.7806967942275371,-0.14183295792385262,0.029150476813859086,0.650611536354234,-0.5862403956405947,-0.20120911483510018,-0.6156016470756303,-0.42635148122895605,0.9329618277375565,1.2779293546218489,0.021631104660617323,-0.4956576570051713,0.37643753030316746,-1.2730292916871364,0.9421512217647058,0.7048714612036199,-0.0015988409346283125,-0.08151665753193925,0.37263986544751126,-0.45052281052811893,0.026704615164660637,-0.8111550930510665,-0.6312156922934713,0.7880288160692954,-0.37596246033096314,-1.2246959286554622,-0.4421212476541694,0.3000402876599871,0.15411894225296702,-0.20317122252889463,0.2699290180911441,0.3477504992580478,-0.3705530508345184,-0.6844244003361345,0.42401764170071105,-0.6866740745009696,0.9999997249730732
1050,3.5,1.0,14227.0,0.0,1.0,0.29999772,0,4,-0.54845552,0.99345895,-0.5879616400000001,0.16338012200000002,-0.93457217,0.485902465,-0.079345057,0.6905387925,-0.2614213325,0.24014221849999998,-0.7343659475,-0.3091337325,-0.5560387875,0.7471945275,-0.8586509,-0.22894131499999998,0.1511971305,0.809607775,-0.46687501849999996,-0.09029360650000001,-0.65760307,-0.486678425,1.1412845625,1.368580575,0.005664405799999998,-0.53605686,0.421232825,-1.259254565,0.861606815,0.90937695,0.04894242124999999,-0.30446192,0.5249071224999999,-0.4328679875,-0.20911138325,-0.8276566075,-0.762151825,0.8725022575,-0.47274087,-1.210250915,-0.5865168599999999,0.385444225,0.12155779875,-0.3207401585,0.44312398249999996,0.520074815,-0.7301280274999999,-0.7745604525,0.610197175,-0.569341445,0.9999998222005515
1051,48.333333333333336,9.0,21871.97619047619,0.06047678571428571,0.5416666666666666,0.44884405,14,1,-0.38628896107142857,0.7687415886904762,-0.45696313160714286,0.32954038114285716,-1.2068208188095237,0.4773873653571429,-0.3647612193273809,0.4356849397023809,-0.1484073620447619,0.14186213440178572,-0.7720989447023809,-0.38718947642857143,-0.2709860332738095,0.7648643242857143,-0.7223009345238095,-0.13198677232083333,-0.0029336538166666666,0.5514453204166666,-0.7006200300595238,-0.24110625134226188,-0.5892272377380953,-0.4071724539285714,0.7448035849404763,1.1142087218452381,0.12166772427107142,-0.45822518744047624,0.3940410371845238,-1.3230497851190475,0.929628975952381,0.5264513844642857,-0.0064280736175916665,-0.015889196136309524,0.3102888189107143,-0.46522953916666665,0.12325961190833332,-0.7449498775595238,-0.48668632833333336,0.8404689014285713,-0.31003645171428573,-1.1538937170833332,-0.38375212428571426,0.2702945124107143,0.18438829023809525,-0.21526486939285713,0.3108423566547619,0.19061623790773807,-0.30933207357142856,-0.6586873710119048,0.3172544386904762,-0.6343601838690477,0.9999989119963396
1052,49.47831474597274,10.00185873605948,202741.69950433704,0.16330204460966544,0.516728624535316,0.40957823,1,1,-0.34823155610966544,0.7556019783271375,-0.47645746318528504,0.3230397472204461,-1.1641851307434945,0.45732662942812885,-0.3604296229203841,0.4187310575563817,-0.14673068058655514,0.1439686267299752,-0.8007755733289962,-0.38802948994021064,-0.28963701756319704,0.7331118049752168,-0.735343564677819,-0.13711022119576827,-0.05840511232561958,0.5603349875216853,-0.6996813194553902,-0.2557583296758364,-0.5901225690830235,-0.37734167205295477,0.755605438007435,1.1456281023791821,0.10909585355748451,-0.44943107285439904,0.3646847455576208,-1.3476992822924412,0.9578071319330854,0.5523668843234201,-0.001745866616358736,0.010598951634052044,0.3274725705577324,-0.45773793438983895,0.11428438945983271,-0.7486132657967781,-0.5036331353339529,0.8228130646223047,-0.33266603799380423,-1.1542844451301115,-0.39801487618897147,0.2561769429121314,0.18224980761094797,-0.20361131982348205,0.30138638028438663,0.18116928264258367,-0.2983008079355638,-0.6644667137112764,0.3279440006164808,-0.6506367006505577,0.9999998590410842
1053,53.511744966442954,10.812080536912752,78286.86577181208,0.12478036912751678,0.4211409395973154,0.4321284,8,1,-0.3499992680805369,0.7701787547483221,-0.4808987878057886,0.3337417071104027,-1.1813090449328858,0.46113228831711406,-0.3502274291006711,0.4227693789412752,-0.13860843375369128,0.17281465509832214,-0.8023974597483221,-0.3898961223204698,-0.2947461967751678,0.7218239226174497,-0.7543932873322148,-0.13394070253934562,-0.050157335333130874,0.5888621545973154,-0.7179652274714765,-0.25963422398825503,-0.5799975729278524,-0.3781009963620571,0.756250561409396,1.151805830922819,0.11713180157236579,-0.4584055428926174,0.3728074048026846,-1.3607238252348992,0.9713687127348994,0.5599647732130872,0.005417935854244967,0.024683975186912753,0.3357739970922819,-0.4792200509916107,0.10702232416325504,-0.7565267363422818,-0.4945645844630872,0.8405638779026846,-0.3311327221510067,-1.153304885100671,-0.40890487267449666,0.2518168127001678,0.19710492969379195,-0.1946136711442953,0.3019818999530201,0.18541182544463086,-0.3158011954875839,-0.6683650318959732,0.30625078708221476,-0.6528506604362416,0.9999999965349661
1054,44.939586645469,9.208267090620032,529627.9809220986,0.17941621621621623,0.6661367249602543,0.4309015,14,1,-0.35105707564387917,0.7595169271383148,-0.47399839006041333,0.3329408052538951,-1.200537667281399,0.4663445025119237,-0.3790233593593005,0.4253993125755167,-0.1627764925645469,0.1576131681837838,-0.8170342900794914,-0.3792140286527822,-0.2688155748553259,0.7398675008903021,-0.7374660361049284,-0.11551742647790142,-0.04837364864979332,0.5535414557233704,-0.7116218732432432,-0.2601326373155803,-0.5842187718282988,-0.38124610896661365,0.764809123354531,1.137985743290938,0.11434757636604133,-0.4465639155325914,0.386075636772655,-1.335931500953895,0.9543431962639111,0.5348660146581876,-0.00017214708174244852,0.003609276590302066,0.33647976492034976,-0.47099196462639115,0.12322669155955485,-0.7485543906836248,-0.5047293307949126,0.8281919804133545,-0.3391359319419714,-1.1675719947853735,-0.4032686398982512,0.24798591475357712,0.18379658887122416,-0.1941646999109698,0.305237585518124,0.19038483582066773,-0.2878270639109698,-0.6576166715262322,0.3194335580127186,-0.6675713487122417,0.9999997593760047
1058,24.310166570936243,5.053417576105686,113785.94773118898,0.22589316484778865,0.6502010338885698,0.47226512,8,1,-0.38030052785755314,0.8008009898621482,-0.5019266997139575,0.3142501634036186,-1.1493787123882826,0.4626058388690408,-0.34167027767828834,0.4448437249379667,-0.16413935870243537,0.15542163983022403,-0.7909768013383114,-0.3615330395178633,-0.3084706668,0.750005527926479,-0.7510960271338312,-0.12182186683225503,-0.01748563991689259,0.5826112399253303,-0.6668312507156806,-0.22799903228592763,-0.5817437257673751,-0.36765792696553706,0.8056160981476164,1.1661159007466972,0.08204361233129236,-0.4537133670884549,0.38162721532969557,-1.3354421160827112,0.955743521315336,0.583821131412981,-0.027951518167942564,-0.016037251824658243,0.33783203648851234,-0.44552933560425045,0.10863833783350949,-0.765634077080988,-0.5275032545192418,0.7843214997695578,-0.35000762613555425,-1.1713964929718552,-0.39684791410608844,0.2703789965157955,0.1611816572759908,-0.21625928821596782,0.3124603897202757,0.22969247616810454,-0.31689052528144745,-0.6609387468983342,0.34486579841757614,-0.6536921331355542,0.9999998426350314
1059,25.252525252525253,5.9393939393939394,71606.43434343435,0.10968989898989898,0.5858585858585859,0.44158617,8,1,-0.36767414525252523,0.8056478944444444,-0.5379423786868687,0.29877727374747476,-1.2117541192929293,0.4714888906060606,-0.37493158686868683,0.4586223297979798,-0.193755102600202,0.16789392381818183,-0.8402642235353535,-0.33279821074747473,-0.3048410938383838,0.7474622925252525,-0.7977883187878788,-0.11500499334343434,0.01418698001010101,0.6102287877777778,-0.7303626222222223,-0.26653897898282825,-0.5794609868686869,-0.35345250545454543,0.8197249238383838,1.184212659191919,0.06995804962121212,-0.4526305826262626,0.4265907327272727,-1.372419601010101,0.9900563338383839,0.5993665567676768,0.008225448797979797,0.03133885215757576,0.3649969155555555,-0.5191671431313132,0.14894183265858585,-0.7407738634848485,-0.4856162107070707,0.7872593304040404,-0.39926697383838383,-1.2034375290909092,-0.3717841278787879,0.21831975716161614,0.1948562046161616,-0.19291082506060606,0.2675929422828283,0.27043627730303027,-0.33397622,-0.6352902142424243,0.31367717979797977,-0.691569155959596,0.9999999127739814
106,53.0,10.333333333333334,20423.333333333332,0.24023333333333333,0.0,0.37641647,8,1,-0.3775007833333333,0.6842117,-0.43937016333333334,0.3189442333333334,-1.1753419,0.47554048,-0.38711348333333334,0.39974681666666667,-0.14354519333333335,0.13209459666666667,-0.8202765200000001,-0.33852298999999997,-0.24637354999999997,0.65561378,-0.6838281666666667,-0.124253687,-0.14308948533333335,0.5137567399999999,-0.73301617,-0.28738637666666667,-0.5842155533333333,-0.38755668000000004,0.6496693166666666,1.1071160333333334,0.16364781666666667,-0.45077333666666664,0.37884028333333336,-1.3291160333333334,0.96985118,0.5188629966666666,0.043324247,0.060008876666666676,0.30638357,-0.48426725333333326,0.12812819666666667,-0.63841207,-0.43839305666666667,0.89955843,-0.3088137633333333,-1.0648191,-0.4002858266666667,0.21995737333333332,0.22478055666666666,-0.13461269766666667,0.27646282666666666,0.16895229666666667,-0.24864895666666667,-0.6428796533333333,0.28845601,-0.65509652,0.9999982504684906
1060,35.37134502923977,7.069200779727096,706657.22417154,0.0991166179337232,0.6120857699805068,0.4441489,13,1,-0.3503226839205653,0.753968727334308,-0.4742448063815789,0.3390569592702729,-1.191129010034113,0.4590052903657407,-0.3581985972188109,0.4368568649512671,-0.15478193178445906,0.16212480547285574,-0.7986798927095516,-0.40076097970662766,-0.27797435851208574,0.7371228924580896,-0.7430188523586745,-0.12536712979160333,-0.039527352332256335,0.5798273707417154,-0.7217190424951268,-0.2607367362494639,-0.5860596251739767,-0.3921345876608187,0.7509046303265108,1.1290457310380118,0.12197760911343566,-0.4602277119917154,0.35653082214868426,-1.3397593875341132,0.957011540214425,0.5500113054678363,0.013311009485493859,-0.00031324158391325593,0.3320335036720273,-0.47603233376218324,0.11334125516124269,-0.7621521468226121,-0.5040318513489278,0.8552508717690059,-0.31723401874453216,-1.1498691261086744,-0.4166669022188109,0.24666683772207604,0.1910260576141813,-0.19039128174931774,0.29719320733572124,0.1873040534849756,-0.3125641142043372,-0.6808904495979532,0.31473009248557504,-0.6437729286549707,0.9999997340436401
1061,79.48387096774194,16.032258064516128,67888.93548387097,0.26093225806451614,0.5483870967741935,0.38022968,14,1,-0.32010230096774195,0.7107716729032257,-0.46229025064516127,0.3511095964516129,-1.2328228161290322,0.46466183,-0.40314976354838705,0.39688138451612903,-0.14988535722580645,0.12802834838709679,-0.8287781377419354,-0.41629962193548387,-0.2606477067741935,0.7344852232258064,-0.7247196919354839,-0.09860853687096774,-0.07499081629032257,0.5323228529032258,-0.7459316483870967,-0.2741533922580645,-0.584158653548387,-0.37571924483870967,0.7287713441935485,1.1042745032258066,0.12071049206451613,-0.4372071041935484,0.36801040032258064,-1.3388776903225807,0.9632610896774194,0.50231184,0.011624592070967742,0.02308704871677419,0.3280997079032258,-0.474422134516129,0.1528783951935484,-0.7264106183870968,-0.48700029322580646,0.852682919032258,-0.3392612087096774,-1.134406512903226,-0.3853222606451613,0.2321788927096774,0.1838433922580645,-0.19605366161290322,0.2999200235483871,0.16359055696774194,-0.25425192677419356,-0.6661376351612903,0.3099678141935484,-0.6456383212903226,0.9999999134180474
1062,42.059322033898304,8.288135593220339,59150.3813559322,0.15022881355932205,0.5508474576271186,0.34000123,0,1,-0.3370277183898305,0.7633842211016949,-0.4468894517542373,0.31563953517796606,-1.1832755326271187,0.39858551266949155,-0.34633305449999996,0.42622236991525425,-0.12711365669186442,0.1636256026032627,-0.7688685268644068,-0.36651088103389834,-0.2918650001694915,0.7604618923728813,-0.7212280773728813,-0.1779392695762712,-0.03495256148050847,0.5471145624576271,-0.6897934337288135,-0.26525849246610167,-0.5914780863559321,-0.41121444161016946,0.7284544131864407,1.1645212028813559,0.08794617222966103,-0.4496413758474576,0.34486174,-1.2907553873728812,0.8982180976271186,0.5159323666101695,-0.021523800562627118,-0.028607326397881355,0.30061558722881354,-0.4591198545894068,0.05228913672288135,-0.7760857375423729,-0.491293028220339,0.7874746022881356,-0.331350514559322,-1.1983221010169491,-0.3614726334322034,0.2875915223305085,0.21804339208898305,-0.19842032391525424,0.3509986811016949,0.17204755374576272,-0.3413696657627119,-0.6807145538135594,0.35696642571186443,-0.5838525470338982,0.9999999983104721
1063,34.80695102685624,6.280252764612954,373262.13933649287,0.14358631911532385,0.5554502369668246,0.39421475,0,1,-0.3447875462682465,0.7227295477124803,-0.3969006344599052,0.3741548766511532,-1.119346507386414,0.4770910420480569,-0.276479316666951,0.4041375029627172,-0.050851312360493964,0.20938826647244232,-0.7220894138420221,-0.4720776747298578,-0.299065979714376,0.7335650535039494,-0.7166404386793049,-0.25591258346110585,-0.11230513796253301,0.5754928245023697,-0.6244018837222749,-0.22599921706695103,-0.6250993166413902,-0.4296719414056872,0.7139115653680884,1.148277911649289,0.1766697865531586,-0.4607192921548183,0.26428464962995957,-1.3586263189541865,0.8926435245939969,0.5924352922812006,-0.004796805328561137,-0.03955299052113997,0.2791952718668878,-0.43246311869589255,0.022992572983203792,-0.8013858969731438,-0.5482255203804107,0.8408138419225276,-0.2008872672578831,-1.1741041253633493,-0.4726362332815166,0.3241192280477883,0.18923187798914376,-0.20780012073251186,0.33341914135522904,0.052200282360960505,-0.3726182157680411,-0.7228049159620853,0.35228638433270143,-0.6077970259421801,0.9999997651343445
1064,67.72584640792734,12.43104872006606,93133.15359207266,0.25220858794384804,0.5383980181668043,0.41338876,1,1,-0.31616864649380677,0.7015395814781172,-0.43550344892592896,0.3601220134236169,-1.199182997010735,0.4708963702601156,-0.356928897818332,0.3870495193170933,-0.11019981841379027,0.16229116409735755,-0.7859931253096615,-0.44698696651445086,-0.26577247692716766,0.7248616292981007,-0.714732789496284,-0.15251696359132946,-0.09778063280417176,0.5417237340545005,-0.7134445692733279,-0.259896620968621,-0.5977332672171759,-0.4009364045268373,0.6983358805284888,1.1044153177126341,0.1614869342125516,-0.44362048051197356,0.3281885040955409,-1.348949491296449,0.937738098447564,0.5089187052518579,0.001876315827926507,0.0163091955262436,0.3037410967407102,-0.460116642716763,0.10019038253421966,-0.7432557699801817,-0.5041219816102395,0.8635568557886044,-0.2764872737111478,-1.1347190005119736,-0.4176019144013212,0.2578522399240297,0.1992360347023947,-0.19300641093426918,0.30684424496036333,0.09575215939041289,-0.28918377765367465,-0.6847001666969447,0.3130703859083402,-0.6372949451857969,0.9999999991727702
1066,49.29240898528273,9.341595662277305,293707.7199845081,0.2123680867544539,0.7316034082106894,0.45003557,8,1,-0.3277445031386522,0.7611675346824167,-0.4461824408896979,0.3893954253202943,-1.1903625381642138,0.490699001236251,-0.3647203965592564,0.40443782357707203,-0.11397256572600309,0.16372717130889233,-0.769544061622773,-0.42684106268551514,-0.24574601038721922,0.7301070047629744,-0.6978466793261038,-0.14649915594010068,-0.06109224481955074,0.5373480066847406,-0.7045391103312936,-0.25421225924283497,-0.5903646261564679,-0.39507351806297447,0.7138173637931836,1.1070165207288922,0.17191654660216887,-0.4474729686676994,0.36667796521134777,-1.3381092097707203,0.9205838929976763,0.526009933672347,-0.0005759979741116964,0.01193129707135825,0.3100531572385748,-0.44078999493570875,0.09121397502487838,-0.733094463013168,-0.5049512559587142,0.8514571463710301,-0.2802165138545275,-1.1520714574051123,-0.43443295674283505,0.26784703799577847,0.17887732245842292,-0.1937076935986832,0.33653243017459333,0.11614948745584276,-0.296177813257165,-0.6995145860573199,0.29273288009391946,-0.6573150636212239,0.9999998143894755
1067,44.263605051664754,8.51641791044776,744095.768771527,0.10598197474167623,0.5981630309988519,0.4612585,11,1,-0.35922764183044087,0.7590765689033295,-0.45592147029575203,0.358812271535178,-1.165243880274627,0.4703818055531573,-0.31075187090856904,0.4417506745467279,-0.1194884272229093,0.19164211779189666,-0.7649981959632606,-0.43079730938463834,-0.27757266350902415,0.7366401900241102,-0.738007290282434,-0.19324200837265718,-0.05965213379781607,0.583529331304248,-0.6714140789265212,-0.2393362109667899,-0.6171597328818369,-0.4087036310184156,0.7637355285235362,1.1545515865120553,0.14558105774853364,-0.4467270495683123,0.31829974811048106,-1.3402443902686567,0.9148258926750861,0.5800206017749713,-0.007837985096920321,-0.023083904601859932,0.2994076050094007,-0.45993682251373136,0.05957739350373134,-0.7839902718966706,-0.5390040894665901,0.841843534835132,-0.26241399386332953,-1.1712327396555682,-0.43800938402211254,0.2812262904614466,0.19660796649242251,-0.1951828398693915,0.31756844486176805,0.13218195243004044,-0.3552549011244547,-0.697579007239954,0.3364526145171068,-0.6428911735421354,0.9999997409274756
1069,42.25675675675676,7.972972972972973,34894.85135135135,0.12153378378378377,0.5945945945945946,0.43918192,11,1,-0.37815447797297297,0.7849355282432432,-0.4639988725675676,0.3423697595445946,-1.1631342386486487,0.47438710662162165,-0.3567082310135135,0.42372207743243245,-0.12451998436891892,0.13768119917027027,-0.7704399075675676,-0.3928096389189189,-0.298643187027027,0.739306227972973,-0.7272215506756756,-0.15713099004054054,-0.038334824295945945,0.5650701398648649,-0.6898811564864865,-0.24298140962162162,-0.595361952027027,-0.40612656945945946,0.7443917593243243,1.1494160844594596,0.12254614405405406,-0.4601429189189189,0.398745236945946,-1.3400541932432433,0.9332869827027028,0.550197445,-0.01137118820472973,0.005843236706351352,0.3186512362837838,-0.4341813617567568,0.11381502339324326,-0.7580872548648648,-0.5076131424324325,0.8365341950621622,-0.32368828270270267,-1.161651695,-0.414080165,0.29318904171621624,0.2023653607972973,-0.21392743112162163,0.33947616391891894,0.1754539952162162,-0.30133234209459464,-0.6789727441891892,0.30558384189189186,-0.6456391654054054,0.9999998949771853
107,99.76,19.72,41027.9,0.28126999999999996,0.7,0.4183757,12,1,-0.309663376,0.7300483682,-0.49204932999999995,0.3003676818,-1.209179552,0.4308313896,-0.41986556280000004,0.4014926102,-0.15432394398,0.127260704484,-0.8288428057999999,-0.3448815346,-0.26669984339999997,0.6837979061999999,-0.750458012,-0.06083429424,-0.017904262932599998,0.5432402776,-0.7248484508,-0.2719324271,-0.5425289298,-0.3153994642,0.7086204332,1.067821,0.0837930545,-0.43146951200000005,0.37171809279999996,-1.3139397748,0.9304136492,0.549776048,-0.017172315019800002,0.0617106683214,0.3321471714,-0.4600916962,0.16789865492,-0.6786908782000001,-0.45063669920000005,0.7897165262,-0.3390118402,-1.065254368,-0.35018113479999996,0.19826644370000002,0.17550202720000002,-0.170628076,0.269546616,0.2049810723,-0.235482889,-0.6055333822,0.2843273846,-0.66698655324,0.9999985541640526
1070,87.85714285714286,16.285714285714285,82058.77142857143,0.1273142857142857,0.5428571428571428,0.40679643,13,1,-0.29559481257142856,0.6938744905714286,-0.4491686742857143,0.3703097237142857,-1.2138430657142856,0.48551809628571424,-0.3640471608571429,0.39225498771428574,-0.10688133343714286,0.17810919157142857,-0.7972494342857143,-0.46578568,-0.2636943371428571,0.7116395985714286,-0.7165324117142857,-0.1438428301714286,-0.09585011194285714,0.5521139508571429,-0.726519648,-0.2615304151428572,-0.6049733534285714,-0.38936580657142855,0.7097221134285714,1.098245545714286,0.15783068200000003,-0.4355907291428572,0.3166124186,-1.3535923742857143,0.9356434754285715,0.511644884,-0.0037343074419999996,0.03139363993428571,0.3195719442857143,-0.47355458457142857,0.10137466271428572,-0.7534033874285715,-0.4996655762857143,0.8570431865714285,-0.2693839345142857,-1.1456726142857143,-0.42883026342857145,0.24656199045714286,0.19131273117142858,-0.19065057328571428,0.29983021200000004,0.09597829865714286,-0.28611449514285714,-0.685438326,0.3169481828571429,-0.6399763740000001,0.999999951918171
1071,90.06849315068493,17.136986301369863,25464.109589041094,0.22013013698630135,0.547945205479452,0.3925326,1,1,-0.3153245094520548,0.7156256169863013,-0.45273760678082187,0.32784192232876713,-1.1942754580821917,0.46462230164383567,-0.3735544309589041,0.3923871138356164,-0.13951037005479452,0.14818850073972603,-0.8073709064383562,-0.41804255794520545,-0.26568839589041093,0.7183805467123288,-0.7264020397260273,-0.13104229456164385,-0.0935877743150685,0.538397641780822,-0.7157384694520548,-0.2624545173972603,-0.5887348401369863,-0.3942798804109589,0.7106419243835617,1.1184871547945205,0.1437891733561644,-0.4462228793150685,0.35219990213698626,-1.3548421198630136,0.9685816830136986,0.5065590453424658,0.003486974432321918,0.02890908990890411,0.30983646547945204,-0.4628392875342465,0.11960925154520548,-0.7301441750684932,-0.4987044776712329,0.8624137175342467,-0.31003717910958906,-1.1422395712328768,-0.40260765123287673,0.2462969771917808,0.1998639210958904,-0.19552558443835616,0.2895613990410959,0.13043211071232877,-0.2684321110958904,-0.6589570760273973,0.3174566291780822,-0.6592833664383562,0.9999960132111226
1075,102.1027397260274,19.445205479452056,66449.51369863014,0.295563698630137,0.5821917808219178,0.40737584,13,1,-0.3181589527739726,0.7250322952054795,-0.4514594576712329,0.3359818748287671,-1.2038308782191782,0.460983839109589,-0.3802486226027397,0.40277820479452053,-0.14183148343082191,0.1509172625821918,-0.8050182256164383,-0.4106209453082192,-0.24642895538356166,0.734117372739726,-0.7181995621917808,-0.12517658787534247,-0.06490859385821918,0.5390937906849315,-0.716855412260274,-0.27001878509589045,-0.5802428096575343,-0.3893048054109589,0.7292193297945205,1.1064319920547945,0.12544187107534246,-0.4421934968493151,0.34179661547945206,-1.3486430157534246,0.9430756308219178,0.5022540578767124,0.005739935098287672,0.02574330545273973,0.30612494910958904,-0.46129677863013696,0.13511913795684932,-0.7412337139726027,-0.48879610239726035,0.8473272910273972,-0.3025721849589041,-1.1458147778767125,-0.37758432136986303,0.24775750306849317,0.2004897054520548,-0.2091801887328767,0.2979981147260274,0.1487348796650685,-0.272842642739726,-0.6589439897260274,0.32624187280821915,-0.6452478697260273,0.9999996915384886
1076,44.515151515151516,9.090909090909092,55533.30303030303,0.22378358585858588,0.6691919191919192,0.42886823,13,1,-0.35719147959595954,0.7640569301010101,-0.4702816511010101,0.34983825345454544,-1.1820845252777776,0.4689745821085859,-0.35304565729494947,0.4290459626010101,-0.14014705286641413,0.15761026537171718,-0.7967848779545453,-0.40561722596212124,-0.29055763236363635,0.7389557234343433,-0.7357709917676767,-0.13791286739318181,-0.05335661491550505,0.5800077943686869,-0.7119097337121213,-0.25388101244646466,-0.59632702185101,-0.39205337843434346,0.7583041686616162,1.1467028993939394,0.12339450899090909,-0.4569571404292929,0.3705650423358586,-1.3427623222222222,0.9512061113636364,0.5563946245707071,0.004216951058661616,-0.0017952893756313139,0.33564623083686873,-0.46309258140909093,0.1018812950300505,-0.7651065506565656,-0.5167783093686869,0.8409176836363637,-0.3244916900782828,-1.16298475739899,-0.4222197236414142,0.2674703285580808,0.19008262228914144,-0.19917222669949494,0.31707176897727274,0.17844101478661617,-0.3135778318939394,-0.6888247530808081,0.3168023354040404,-0.6434169699494949,0.9999999987836381
1077,52.166666666666664,10.333333333333334,60589.833333333336,0.2889333333333333,0.3333333333333333,0.4032514,13,1,-0.32524181999999996,0.7258759433333334,-0.4604697533333333,0.3703484733333333,-1.1727509166666668,0.45413952166666666,-0.3727403866666667,0.4121946633333333,-0.14957170833333333,0.12083910116666667,-0.8339662200000001,-0.4514430566666667,-0.27252376,0.7382085266666666,-0.7387568400000001,-0.11710628166666666,-0.12934673333333332,0.55836034,-0.7512383833333334,-0.266575165,-0.6059892533333334,-0.366675955,0.7489690033333334,1.1467447833333333,0.11198506166666666,-0.429181125,0.31670520166666666,-1.3765546333333332,0.9969967333333333,0.550533365,0.008492729333333332,0.0389557835,0.32691676333333336,-0.4768285333333333,0.11462683533333333,-0.7643605516666666,-0.5024647516666666,0.84793049,-0.300842165,-1.1523377166666668,-0.43105915166666664,0.24973047166666665,0.1803883616666667,-0.18455080333333332,0.27091814333333336,0.16771312766666666,-0.253162175,-0.6987983883333334,0.3326107283333333,-0.6564567433333334,0.9999999948615381
1079,40.879396984924625,7.796482412060302,57298.887772194306,0.19403978224455612,0.6214405360134003,0.46591267,8,1,-0.3489846657847571,0.7731300088944724,-0.4601970829974874,0.3428461151520938,-1.137614392120603,0.46223303488274703,-0.33138932050971526,0.43605592780234503,-0.12699742717742882,0.16934742362292296,-0.7777224607453936,-0.4117732813073702,-0.2872664508283082,0.72770364040201,-0.7389237038609715,-0.18390708175125628,-0.07478664708116416,0.5741483179061977,-0.6605836720644892,-0.23494601495159126,-0.6127726648241206,-0.3948762383467337,0.7701540126381909,1.1730176043383584,0.11403740886785595,-0.44715676535175874,0.32360867648772196,-1.3451280951423785,0.9350965223869347,0.6012226231909548,-0.007459824190609297,-0.011277973116683417,0.29793382199924623,-0.44712116902177557,0.07865857886525125,-0.7721719199497488,-0.5301861221189279,0.8205220628217755,-0.2798900256308878,-1.1830609547403683,-0.4324061547906198,0.28514895044304855,0.17868543626817504,-0.1989212758622278,0.30682825325829144,0.16778232681400337,-0.3170705943475712,-0.6824491724874372,0.35577351992964823,-0.6496963776549414,0.9999999983820732
1080,50.11570247933884,10.0,149050.04958677685,0.20641570247933885,0.49586776859504134,0.44043142,14,1,-0.3588364255371901,0.759070431983471,-0.4998060866942149,0.3180123070909091,-1.2153980810743803,0.47254101000000004,-0.36809582252892564,0.44202125942148757,-0.16557408383801653,0.14968821221487605,-0.7979659671900826,-0.3674596065289257,-0.2755775278512396,0.7524320568595042,-0.7638734232231404,-0.11071925103057852,0.002713032734710744,0.5572585559504133,-0.7034479615702479,-0.2480106794471901,-0.5724896610743802,-0.36512827016528926,0.7640773612396694,1.1200054363636365,0.10940671018512398,-0.43946078082644624,0.39121965546280996,-1.3331772016528924,0.9538365547933884,0.5390995266942149,-0.025029515398429753,-0.002041145813223141,0.3095215347933884,-0.45776275008264466,0.15884847900000001,-0.7472710846280992,-0.49568760743801654,0.8087286647107438,-0.34834751747107434,-1.153649540165289,-0.37755660895867765,0.23717851161157028,0.18826250676033057,-0.19823683020661156,0.32137513176859506,0.2042039241057851,-0.30612594958677686,-0.6473061096694215,0.3012172205785124,-0.658118148429752,0.999999904582051
1081,41.149253731343286,8.567164179104477,397372.4776119403,0.22636119402985075,0.6417910447761194,0.43355137,14,1,-0.36568324597014923,0.7919668586567165,-0.4726160585074627,0.3414868397014926,-1.194848699402985,0.4689611071641791,-0.3723660586567164,0.43963804074626867,-0.18228472664179105,0.14379198761194031,-0.8234906391044776,-0.37493428194029854,-0.26968467402985075,0.75161009,-0.7627486135820896,-0.10824489329850746,-0.03993251522537313,0.5657150085074627,-0.6897847198507463,-0.24915072685074627,-0.5704901485074627,-0.3701197401492537,0.7894704352238806,1.16690953880597,0.09329218374626864,-0.4526250673134328,0.3815928807462687,-1.352665304477612,0.9620050968656717,0.5679023947761194,-0.008523743019402985,0.0067534798122388055,0.3427126043283582,-0.4667028319402985,0.11797358556716418,-0.7566933386567164,-0.5164268050746268,0.8103283531343284,-0.3477563786119403,-1.1843676985074627,-0.3977661904477612,0.2666094276119403,0.18686595282089552,-0.21257826002985075,0.30113185074626864,0.2205627597313433,-0.2901196344776119,-0.6630934562686567,0.3401771117014925,-0.6712635092537313,0.9999997725606865
1082,45.70416732688956,8.803993028046268,1367664.191570274,0.19427643796545715,0.6504515924576136,0.44416142,14,1,-0.34987654619458086,0.7593156272841072,-0.4670217666038663,0.3371202295732689,-1.1776654028315638,0.4649074115781968,-0.3553591516338774,0.42393659265124384,-0.1441135602329211,0.16188277084115354,-0.7990012331706544,-0.40555836165746634,-0.27151084694533356,0.7367702715607669,-0.7345826463001108,-0.15220846034901028,-0.056804394313196956,0.5626400616162257,-0.6814346899717952,-0.25043351658838536,-0.6060549933112027,-0.40075719723054987,0.7695501514894628,1.1449933450198067,0.1207935856878707,-0.44118833135477736,0.3553797531071778,-1.3380804312517824,0.9276629547646966,0.5599219348360006,-0.003915616875050546,-0.004341250628273729,0.31630112149852957,-0.45745197140643323,0.09838226537975203,-0.7541005985644114,-0.5318510963729995,0.8346472899049279,-0.3049756395972714,-1.1676105477356995,-0.4113824677618444,0.265412731449485,0.1923432070132388,-0.20436777365026143,0.30311608812216767,0.16019151500324116,-0.3074385620042782,-0.6700877739645065,0.3367787365169545,-0.665273998238631,0.9999997213875261
1085,110.41666666666667,19.729166666666668,160767.86458333334,0.23330833333333334,0.6458333333333334,0.37881735,6,1,-0.36357913343750003,0.78214644375,-0.42087859334375,0.3464157352083333,-1.1215329933333333,0.4842406727083333,-0.34811046307291665,0.4124372240625,-0.10734213618333333,0.15400347278125,-0.7587196861458333,-0.40042213218750006,-0.2546609219791667,0.7271788663541666,-0.676666259375,-0.18648657124687498,-0.07153634822291667,0.5405573930208333,-0.65389164125,-0.253003347028125,-0.5913414036458333,-0.4172723613541667,0.73251396,1.1348843830208333,0.15441134322916666,-0.4612872267708333,0.35710361560833337,-1.3524348270833333,0.8911940233333334,0.5403478195833333,0.005930044132291667,0.0015270589488541656,0.318116711625,-0.42002347874999996,0.06684472022916667,-0.7467695660416668,-0.5111040121875,0.8585591116666667,-0.26765818884375,-1.1576653278125,-0.41612315854166665,0.3140641755208333,0.19592745278125,-0.24417399812499999,0.3309356910416667,0.12183952240625,-0.3143867603125,-0.6799921856250001,0.33173033142708336,-0.6472872921875,0.999999996336437
1087,25.0,5.0,649934.0,0.0,1.0,0.4133356,4,1,-0.2779653,0.82277745,-0.5161619,0.24532282,-1.0298715,0.40510908,-0.43961418,0.4699707,-0.3176127,0.15514313,-0.95356804,-0.2609701,-0.15524286,0.66585165,-0.73707587,-0.12556268,-0.22241108,0.47851306,-0.5578697,-0.26791188,-0.6079355,-0.3263904,0.8598446,1.2601812,0.015740508,-0.34466237,0.25254223,-1.2709272,0.9020527,0.7003669,-0.028721867,-0.08057985,0.25731716,-0.40860605,0.11195607,-0.7066745,-0.62022126,0.78373754,-0.29081374,-1.2459161,-0.40378743,0.24440554,0.13210355,-0.17250897,0.21267492,0.28609556,-0.14178792,-0.56887245,0.48173228,-0.7675787,0.9999997253954716
1091,61.07535885167464,11.947368421052632,12695.692583732058,0.15985478468899522,0.47368421052631576,0.41022772,13,1,-0.33963914089357655,0.7359142242703349,-0.4535838546232058,0.3347597854748804,-1.186234870825359,0.46072847220454544,-0.36248825832416265,0.40902965229545457,-0.13639984684126794,0.15125900790038277,-0.8000839780741626,-0.39819489006578945,-0.27792389757177033,0.7276043721782296,-0.7348080036602871,-0.1324554888797847,-0.06586988953016747,0.5568423049401914,-0.7099879257464115,-0.26443254812200956,-0.5745816666901914,-0.3820133907117225,0.7314175875717704,1.126068681770335,0.1268491982986842,-0.4537009958851675,0.35493905888380384,-1.3551698461124404,0.957775203313397,0.5337415855382776,0.012698296808297847,0.02167005855974761,0.32979661763875595,-0.46832104100717703,0.1138314873958708,-0.7478569445334928,-0.4933360373588517,0.8445616266136364,-0.31944966919629186,-1.1437581700358852,-0.405152318611244,0.2533421416088517,0.19589372193660287,-0.19537257893122012,0.3046894029665072,0.16300654423002392,-0.29791391034928233,-0.6702808147607656,0.31344291995095697,-0.6417491028468899,0.9999914639094636
1092,16.5,3.75,104242.33333333333,0.06321666666666666,0.5833333333333334,0.532291,4,4,-0.5030234408333333,0.8887320258333333,-0.5858640741666666,0.23022540366666666,-1.0288961341666667,0.44567550083333335,-0.25434898620833335,0.5778547125,-0.28368176083333335,0.12972475983333334,-0.7626200408333333,-0.28343409166666667,-0.3612413083333333,0.7736859558333333,-0.7534117666666668,-0.14881885754166665,0.054450662233333336,0.6646046875,-0.5497373916666667,-0.17150547491666668,-0.6614374175000001,-0.4146633183333333,0.9465737658333334,1.2800090333333334,0.04009916451666667,-0.5236742608333333,0.3827582483333334,-1.2655033500000001,0.9725158266666667,0.7275325291666667,-0.009144014333333334,-0.14613271831533334,0.390756335,-0.43523536416666664,-0.010209443166666665,-0.8058678599999999,-0.65417755,0.7626469308333333,-0.4204289783333333,-1.2283494499999998,-0.44597353666666667,0.29610017083333334,0.11628565166666666,-0.22541232166666667,0.24251799541666666,0.3677747825,-0.45488436416666667,-0.6896287499999999,0.4700733266666666,-0.6644314733333333,0.9999998097004948
1093,67.69396551724138,12.734913793103448,13287.614224137931,0.18521918103448276,0.5107758620689655,0.41823325,1,1,-0.3413291246271552,0.7155320599784483,-0.42878145758836206,0.34434982921616375,-1.1763694685560344,0.4664521641875,-0.3535959281896552,0.4005757952801724,-0.11831838021573275,0.14707226382859914,-0.781310548900862,-0.42936483715517243,-0.2637159370711207,0.7305350112715516,-0.7069218246767242,-0.16162816508943964,-0.09382208801006466,0.5357467932327586,-0.687697760349138,-0.25317180718599136,-0.605513974375,-0.4130311789439655,0.7267868432974137,1.1168389197413793,0.1494498894068793,-0.4484679518534483,0.3358910383297414,-1.344594750323276,0.931387637349138,0.5147608093965517,0.008073535861573276,0.0019679761130172416,0.2990657470840517,-0.4464867253017241,0.09958037034633621,-0.7478032729094828,-0.5147831316163793,0.8638500264538793,-0.2818284576575431,-1.1387071887284483,-0.41180123618534487,0.274317869362069,0.1963217384159483,-0.20609878367887932,0.30635038049568963,0.11680545721002154,-0.29371878699353443,-0.6762369851724138,0.3291556031896552,-0.6482341834267241,0.999990266091085
1094,96.81749049429658,18.56083650190114,122757.91064638783,0.24523269961977187,0.5209125475285171,0.3766009,1,1,-0.32599311036121675,0.7247743037452472,-0.45508154174904947,0.32991792519182506,-1.1864777558897337,0.4588970086311787,-0.3860762966806084,0.3828121392205323,-0.13051176922034222,0.12409972652110267,-0.8038451306273764,-0.40112638713498094,-0.2696327343840304,0.7267920738403042,-0.7134466859885932,-0.11727143255275665,-0.07436853413475286,0.5334645860456273,-0.710201920608365,-0.26466390650190114,-0.5819829431558935,-0.37909751984220535,0.7177789896577947,1.1048011447528516,0.12441972133555135,-0.4448534430608365,0.3691541426958175,-1.3478604460646386,0.9513615121102662,0.5092304483079848,0.0015739300945133083,0.03477352778747148,0.32216774661787073,-0.4477647713754753,0.13244846175323194,-0.7227424881558936,-0.4912198790304182,0.8305168112619772,-0.3283704930608365,-1.1337421914638783,-0.38554739399239546,0.25438961108307984,0.1933267544703422,-0.20544409017870724,0.29683672931558935,0.14374647933022813,-0.25941143542965783,-0.6547546426045627,0.3074015408745247,-0.6545625660570342,0.9999999994670915
1098,89.59302896416298,17.464408443789885,17498.567992145312,0.2514525773195876,0.5252822778595975,0.38116452,1,1,-0.30862806001423665,0.7099436241531665,-0.45136408724732446,0.35297931072371136,-1.1875641370608738,0.47612779149435447,-0.3626486955786971,0.38800320436917035,-0.12264637184634267,0.15830471604064802,-0.7976112741875307,-0.43838784439199807,-0.2660103352984782,0.7220206137506137,-0.7177228964359352,-0.14510477598704807,-0.10163267635639174,0.5428770663917526,-0.7009848840986745,-0.25785527376877765,-0.5975515030682376,-0.38541761624752086,0.715584713622975,1.1156538864015708,0.14950859098159058,-0.4398319140304369,0.32815413159838,-1.355784827437408,0.9426065170495828,0.5184314855905744,-0.008966256200122091,0.020292032825778107,0.3124112976278841,-0.45038058397005404,0.10734616700231714,-0.745269514904271,-0.5144717865439371,0.8417325583939126,-0.2911699996166593,-1.1495048534658812,-0.41386120434953366,0.2591499347396662,0.19151945424938635,-0.20222504489965634,0.29980476153951885,0.10509901934046245,-0.27932374140402555,-0.6763651522189494,0.3219074174050074,-0.6506795052641139,0.9999901377974
11,93.09803921568627,17.80392156862745,25451.91176470588,0.24633039215686273,0.5098039215686274,0.39850327,1,1,-0.3354832695098039,0.7296567049999999,-0.4714553595098039,0.32349874156862746,-1.192973618627451,0.45106455201764706,-0.386227788372549,0.39857076843137257,-0.1480310836137255,0.14092532048039216,-0.8035961429411764,-0.3839022481764706,-0.2732092225490196,0.7277984389215686,-0.7140459121568629,-0.12693608462745098,-0.05396291118333334,0.5489631600980392,-0.7225815064705883,-0.276756882745098,-0.5820521144117647,-0.38824564637254905,0.7259627506862746,1.1208214529411764,0.12158450242156862,-0.4614558379411765,0.37628014784313724,-1.335701432352941,0.9538487058823529,0.5060065101960785,0.015879213045784314,0.01987399209627451,0.3304291999411764,-0.460897885,0.14074150223039217,-0.7420379907843137,-0.49416557676470585,0.846238312745098,-0.3465903051960784,-1.1374239412745097,-0.3793943360784314,0.23920730827450978,0.19565348940980393,-0.1995286331862745,0.30017797911764704,0.15868149802941178,-0.2791665614705882,-0.6555318093137255,0.3069069032156863,-0.6446256811764706,0.9999956569177053
110,50.91803278688525,8.295081967213115,60670.7868852459,0.06219180327868852,0.47540983606557374,0.3739137,0,0,-0.3289586842622951,0.6908823565573771,-0.4076150014098361,0.3691688060327869,-1.124253573114754,0.4902272055737705,-0.2907968303442623,0.38987403967213113,-0.06644209149639344,0.18669798696885248,-0.7266868750819672,-0.4686600747540983,-0.28704005344262296,0.737849205737705,-0.6784929936065575,-0.2383684706557377,-0.12553606021311475,0.5471129124590164,-0.6670744903278688,-0.2476396562295082,-0.62079235,-0.42616280311475413,0.6647969013114754,1.1077176267213114,0.21254256140983607,-0.4490331006557377,0.28825387403278685,-1.352656113114754,0.8776504763934426,0.5243558975409837,-0.010467846952459016,-0.04447511599524591,0.28740100836065574,-0.42245130344262294,0.025622184311475414,-0.7749814709836066,-0.5311134185245902,0.8729879881967213,-0.22029507469016393,-1.1468396344262295,-0.4557876557377049,0.3129261762295082,0.20618266578688524,-0.21378500370491804,0.34062081606557376,0.016056751114754103,-0.3607345867213115,-0.7251782249180327,0.3105552362295082,-0.5941441713114753,0.9999999972648433
1100,28.490326673009832,5.106882334284808,278608.5353631462,0.07694278464954012,0.4903266730098319,0.35894716,0,1,-0.387023710729464,0.7910495709453853,-0.4314990850108944,0.34306684833301615,-1.0636171005366317,0.4617389480729464,-0.2567424085529807,0.41939957275959405,-0.09538787646335681,0.163942055586784,-0.7116575906420869,-0.41629955008404695,-0.34195672325880117,0.7680635130859499,-0.7377855105645417,-0.24301825567005392,-0.0505677684911608,0.5805574887028228,-0.6098162422885506,-0.2170951318765303,-0.5954828067285125,-0.41530763026495404,0.7407625773073263,1.1853194849857278,0.13571567370636886,-0.46828287420234693,0.3219035918974627,-1.3572049082080557,0.8916050687503964,0.6151519039391056,-0.019427486356086265,-0.04197254554461053,0.3058621465294228,-0.39917314504078655,0.013895265523694671,-0.8013706968874088,-0.5523739260558199,0.801307222375325,-0.27177502224007927,-1.1698463168445925,-0.4450822727881383,0.3372751665654932,0.1980358257404567,-0.23555471731799557,0.37762870795816683,0.12675927291719633,-0.3933340589947669,-0.7327531087884555,0.37044594339987313,-0.5845571492316206,0.9999997714861675
1103,26.806451612903224,5.5,380295.3870967742,0.22336290322580646,0.6612903225806451,0.4673925,14,1,-0.41567149580645163,0.8249999051612904,-0.47360700267741934,0.3505765567741935,-1.177376535,0.46713215048387097,-0.32806872822580646,0.45146256629032255,-0.15771550125806452,0.16894648367741935,-0.7906759369354838,-0.37220656258064516,-0.2978467825806452,0.7333556024193548,-0.7705841846774193,-0.16402609450645161,-0.02579248390483871,0.5791753843548386,-0.6450167367741935,-0.23428735135483872,-0.5917705022580645,-0.38555808557096777,0.8100610032258065,1.1981323161290323,0.11104986969032257,-0.45300777338709675,0.3922041159677419,-1.3311441177419354,0.9058076637096774,0.616394345,-0.016543514004838708,-0.019119442022580646,0.36158443677419355,-0.4761901329032258,0.04147613631774193,-0.745793940967742,-0.5396100051612903,0.8164257474193548,-0.33257844758064514,-1.1578092583870967,-0.4244362022580645,0.28542146029032256,0.18150274851612902,-0.20889737961290322,0.32195250429032257,0.2007396807419355,-0.37057725048387097,-0.6773046527419354,0.338902186032258,-0.6771303546774193,0.9999997492626296
1104,49.0,7.0,265033.0,0.4019,1.0,0.4381156,13,0,-0.40080363,0.7100998,-0.3694634,0.32563347,-0.91217643,0.39798802,-0.30641687,0.3612226,-0.13067447,-0.038080048,-0.73768884,-0.4362601,-0.26129442,0.75101364,-0.6110579,-0.20558064,-0.1906192,0.4814761,-0.5454154,-0.25151408,-0.63257277,-0.4333897,0.68198234,1.1239368,0.15350907,-0.4816445,0.25251892,-1.3030835,0.83706665,0.55951655,0.014487589,-0.08849853,0.28997412,-0.2393885,0.009452771,-0.7416092,-0.62515503,0.9071187,-0.28456935,-1.0110677,-0.42739204,0.40044123,0.22438306,-0.33388525,0.36323667,0.038432628,-0.283986,-0.7411171,0.43272054,-0.5796394,0.9999998239050533
1108,108.62711864406779,21.46779661016949,27703.77966101695,0.2744122033898305,0.6305084745762712,0.36597785,13,1,-0.3057039047118644,0.7043863257288135,-0.47257029482711865,0.3357329377288135,-1.2171648633559322,0.46291021044067804,-0.3787151810542373,0.3957714525762712,-0.1374613817398644,0.15370174325118643,-0.8014578933220339,-0.4088393221355932,-0.2720704276813559,0.7062651755593221,-0.7394155005084746,-0.09448653380677965,-0.0576361194579661,0.5417277740984408,-0.7336495438305085,-0.26451399453898305,-0.5596375369152542,-0.3544400484067797,0.7038168085762712,1.0784443296271187,0.1383068566356271,-0.43939969352542374,0.3404864642677966,-1.3475879203389831,0.9571433848813559,0.5140850580135594,-0.0056076496494237285,0.05163480237179661,0.32517192436271186,-0.4774217883016949,0.14014093199288136,-0.7210753873898305,-0.47367739589830504,0.8319716409830508,-0.3052861485277966,-1.103869253322034,-0.38458847301694915,0.20796196994576271,0.18313756200338985,-0.17393727301627118,0.2819258321694916,0.15470004197559323,-0.2700396549661017,-0.6616603199525424,0.3001029733457627,-0.6385169646576272,0.9999948174616992
111,36.07692307692308,7.144970414201183,13663.686390532544,0.10713934911242602,0.5650887573964497,0.46468508,8,1,-0.3730724807544379,0.7802468937278108,-0.4585406408579882,0.34427072194970415,-1.170894479852071,0.4499658194674557,-0.3447525564704142,0.43278115127218936,-0.1434031762799704,0.14326368925754437,-0.7810551535798816,-0.4023614332130177,-0.2831907049704142,0.7413192402071006,-0.7377384991124261,-0.1443706302472781,-0.03894145140650888,0.5652113868639054,-0.6819122921893491,-0.24320917982248522,-0.5943053960355029,-0.41182316353550297,0.7778323854733729,1.1495598125739646,0.11719037302485207,-0.4572274905029586,0.3727318583949704,-1.3272849386094674,0.9365421821893491,0.5596905602366864,0.008912743912840236,-0.00980269077071006,0.3222628533446746,-0.44526881973964494,0.09173700348994082,-0.7537516744970414,-0.5344528152899408,0.8472503413905326,-0.32396680468639055,-1.1492598908284024,-0.4196801494970414,0.2769086863076923,0.19126145522485205,-0.20371252627218936,0.3277455977781065,0.18419599221035504,-0.31677763863343195,-0.6890324597337278,0.3309017314319527,-0.6566958548639054,0.9999981391718152
1111,23.766355140186917,4.4953271028037385,110134.95327102803,0.09337570093457943,0.7009345794392523,0.41809943,10,1,-0.42222955261682243,0.8591440718691589,-0.48328995922897194,0.35554924879626165,-1.0948127727102803,0.4691659196261682,-0.2794379965607477,0.489629688317757,-0.14169082457476637,0.19994174177102803,-0.7536568430841122,-0.382748673364486,-0.30894515710280374,0.745321423271028,-0.7488029377570093,-0.22427125874953271,-0.02735808067196262,0.6220812610280374,-0.6227979068224299,-0.2261244215420561,-0.6229721802803738,-0.42253209639252337,0.8140599152336448,1.223638461682243,0.12164140414766356,-0.45765052770093456,0.3505557088785047,-1.3246987336448597,0.8898420315887849,0.6707673585981309,-0.011246040501401867,-0.0683822143093458,0.3292522117009346,-0.4458888168224299,0.00644697520906542,-0.8056486847663551,-0.5795063043925234,0.8298178708411215,-0.277409388953271,-1.207221224953271,-0.47231321158878503,0.3218523502056075,0.18793016781401867,-0.20573925490654207,0.3420996409803738,0.1947381265,-0.40943137663551404,-0.7253807026168224,0.3463379793271028,-0.6461924928037382,0.9999998435053528
1114,43.77150537634409,9.102150537634408,75866.55107526881,0.15730887096774193,0.5645161290322581,0.42912698,13,1,-0.36615909408602154,0.7644291810215054,-0.4725854376322581,0.3433183880591398,-1.1816482108333333,0.47960071456989245,-0.35018714946505375,0.43317301354838705,-0.1438151625360215,0.15117068376935483,-0.7812263450806451,-0.40152198405913975,-0.2957651931182796,0.7416384110752688,-0.7315940264784947,-0.11114738588037634,-0.03237150874311828,0.5827711034946237,-0.7219434690053763,-0.24167865540591396,-0.5764677906451613,-0.38646489466666667,0.7502477313978495,1.1310792028225807,0.12697947516774194,-0.4719992409946237,0.3818359509973118,-1.3540641924731183,0.9773361023118279,0.532169334032258,-0.0028082846238817213,0.022132780466827956,0.34692127552150537,-0.46386307876344085,0.10677064251018818,-0.7690382350268817,-0.4980912903494623,0.8363910291666667,-0.3285548622629032,-1.1559003056989248,-0.4229492031451613,0.26344669350537636,0.1885289090392473,-0.19924734693548388,0.3116214615268817,0.19256023470537634,-0.3037758438172043,-0.684482547123656,0.3150995631236559,-0.6394738482258064,0.9999999818455664
1117,208.936,39.848,60338.168,0.3092208,0.472,0.35531524,13,1,-0.31898768528,0.71249534248,-0.44492219832,0.33064596815999997,-1.2137859316,0.47084399944,-0.39300403192,0.39414867864,-0.14722434142399998,0.1418014773168,-0.81839755128,-0.40952185007999997,-0.2486646808,0.7249453128,-0.7213024596000001,-0.1139924197048,-0.088424172316,0.52086732944,-0.73140651904,-0.27072758871999997,-0.57470713648,-0.38865104351999996,0.70759070904,1.10623762,0.14211567859760002,-0.44072462224,0.36509399903999995,-1.3543686008,0.97157303128,0.48865237584,0.00822127061352,0.03530770057128,0.31526248728,-0.47134019616,0.138834298948,-0.72077848384,-0.47844373352,0.86601377016,-0.31657885807999997,-1.1438733563999999,-0.39263635416,0.23928306976,0.196870672848,-0.196790769312,0.291750566,0.14098138208,-0.25043818112,-0.65066007088,0.30946858016,-0.65895415616,0.9999962286787291
1118,74.34782608695652,13.402173913043478,64040.72282608696,0.42419076086956525,0.6847826086956522,0.37141824,14,1,-0.30331785230978264,0.696574437826087,-0.4411500069565218,0.36672146269021744,-1.1955742607608695,0.48887607385869564,-0.3597715169021739,0.3822035385869565,-0.11582034425706522,0.17213226221195652,-0.7964713859782608,-0.450191885,-0.26406244820652175,0.7203087115760869,-0.718801826576087,-0.16214142533532608,-0.11134626109293479,0.5367731710326087,-0.6978504471195651,-0.2578758920108696,-0.597576918152174,-0.37940987130434783,0.6929028783695652,1.1118936938043478,0.1594014169527174,-0.43013895793478263,0.3082916882043478,-1.3579461679347826,0.9265249323913044,0.5316433848913044,-0.012290213954554348,0.015977490881847828,0.30679667760869567,-0.46569125945652173,0.09945811672157609,-0.7494481752717391,-0.5081500173913043,0.8413343467391305,-0.25906243474130436,-1.15028680875,-0.42059125124999996,0.25438754445652173,0.18514318436358695,-0.1921046699005435,0.2969268882880435,0.08440442579293479,-0.2810123330434783,-0.6791114257065217,0.3234141185869565,-0.6349458844565217,0.9999999196106644
1119,22.331715210355988,4.84789644012945,248266.81229773464,0.243731715210356,0.7605177993527508,0.44500205,4,1,-0.41272900457605183,0.8444358843203884,-0.5009341847718447,0.36264687641585763,-1.21103344697411,0.45841598142475726,-0.356931415368932,0.47062780423948225,-0.19086937219778316,0.18411136855702268,-0.8031832749838187,-0.36002237820550165,-0.281681683197411,0.7375853434951456,-0.7504903187055015,-0.1003131251697411,0.0018281306407281557,0.604327735,-0.6503305824110032,-0.2243370936407767,-0.5986024674919094,-0.39837290800970876,0.8777651085113268,1.1973557283333334,0.06222193996729773,-0.4769780974012945,0.3919421077864078,-1.2948541568284788,0.924515942605178,0.5909061683980582,-0.011193266512879937,-0.023190884487864077,0.371783020665534,-0.4758857124012945,0.07888922283414239,-0.7831947823462784,-0.5613567468932039,0.7965187042394822,-0.3581019526343042,-1.1873584183009709,-0.40875481141909387,0.2794006375453074,0.15892762844676375,-0.207888664302589,0.300920889368932,0.2793276433524272,-0.3301485493300971,-0.6765863110679612,0.37922442281229773,-0.6801374877831715,0.9999997634623851
112,123.56,22.76,471741.92,0.19476,0.6,0.35315907,8,1,-0.3779133708,0.7243305771999999,-0.45907853519999997,0.3092359228,-1.1529785256,0.4585285568,-0.33829207116,0.4272912344,-0.16928640884,0.13631614072,-0.7951550924,-0.38630903576000003,-0.2753838308,0.7368209576,-0.7246093712,-0.17626658016,-0.08782042072,0.5516168864000001,-0.6808358644000001,-0.2597846296,-0.6094838572,-0.41240085800000004,0.7547645328,1.166196196,0.13046007444000002,-0.46043557,0.34013884079999995,-1.355479448,0.9649333256,0.5472749348,0.030146203568,0.0005534508800000026,0.31136202999999996,-0.4729505072,0.09808392104,-0.744468176,-0.5237530311999999,0.8649358812,-0.32102709416,-1.148677696,-0.396889588,0.2526983728,0.20353103879999998,-0.1955663424,0.2701447432,0.16291500992,-0.32225885839999996,-0.6676986212,0.3543458976,-0.6560296800000001,0.9999998676942633
1121,26.596923076923076,5.375384615384616,101302.52,0.07145692307692308,0.6615384615384615,0.47198063,11,1,-0.39809424316923075,0.7810426999692307,-0.47772013201230773,0.3140880351230769,-1.1780797005538461,0.43778781052307686,-0.34100608643076924,0.44963781603076924,-0.1613427591233846,0.14185816447261537,-0.7875212127384615,-0.38656270655076924,-0.30324967576,0.7546577856,-0.7412046857846154,-0.14500338804676924,-0.013560732638769233,0.5902770071076924,-0.7015694729230769,-0.24062662935999998,-0.6169122877538462,-0.42407033264615385,0.824249478123077,1.1590631243076923,0.09301275140579693,-0.4630631376,0.400282942,-1.3146097584615386,0.9406286462461538,0.5662180989846154,0.02977973865569231,-0.033588024503046154,0.32879830024307694,-0.4656065373846154,0.10523486997415384,-0.752637182676923,-0.5406764048923077,0.851135088,-0.35528429670153844,-1.1466281562769232,-0.40253369981538467,0.2657325516430769,0.18801053224676922,-0.20125529056492308,0.3051986647384615,0.22607087261538458,-0.33446323316923077,-0.6683248201230769,0.3359304647692308,-0.6636499719384615,0.9999998693118135
1122,145.66092572658772,7.779332615715823,271172.93326157157,0.13120904198062433,0.4370290635091496,0.34403852,0,1,-0.3590796154623251,0.6944918475672767,-0.30155839569860066,0.465705310080732,-1.1293169786759958,0.49707460252529606,-0.3010392548202368,0.3519152645728741,0.013887542393649087,0.19122966310107645,-0.7175826311733046,-0.550707863872013,-0.25279714761657696,0.7121928082992466,-0.6862461123250807,-0.2649612843546824,-0.18461849033616792,0.5759781647255113,-0.5993222177502692,-0.21268071731829924,-0.679954649795479,-0.4517187276889128,0.6342180269967708,1.0620153886759958,0.2689447366459634,-0.45185152342303553,0.2558021579843918,-1.3230676567814854,0.739032954013789,0.5960794369967707,-0.019745151647920345,-0.1105181480123789,0.2665100751952637,-0.38572173603121634,-0.06117713419052745,-0.7683578487944025,-0.5975004921636168,0.9626436155435952,-0.0706548465371367,-1.032069327459634,-0.5811922702583423,0.4027418965091496,0.2373808884221744,-0.22400829451321852,0.3627382004703983,-0.09524979773853606,-0.3725525525974166,-0.7216660127664155,0.29741730198493005,-0.6734702098815931,0.9999999670451024
1123,100.45273631840796,19.36318407960199,56317.666666666664,0.39574029850746273,0.5771144278606966,0.37212104,1,1,-0.31039558895522384,0.7330032930348259,-0.46571087303482583,0.3366271573134328,-1.193417628358209,0.4685355639303483,-0.3814589552736319,0.397386180199005,-0.13519386037114428,0.16039618063880595,-0.8151645831840797,-0.41098191990049754,-0.2594792454228856,0.7160093049253731,-0.7198047383084577,-0.1212945823522388,-0.08250471024577115,0.542770856119403,-0.7265609121890547,-0.27238119580099507,-0.5811230418706468,-0.37920894004975125,0.7210267064676616,1.117887711840796,0.1323317348238806,-0.4390372755721393,0.3545208312835821,-1.355022851243781,0.9627099500995024,0.5120910029353234,-0.0021905448764676615,0.03997645574902487,0.3228125303781094,-0.4690595439303482,0.12281217533203981,-0.7373012100995026,-0.48375107621890545,0.8428535548756219,-0.3112156531691542,-1.1582353640298506,-0.3926737617661692,0.2436110035323383,0.19318469762686566,-0.20210254886169154,0.2929292889900498,0.14216782384577115,-0.26409228691542286,-0.6606639571144279,0.31435963395522387,-0.6501316152736318,0.9999994613071984
1128,18.5,4.5,211821.0,0.31845,1.0,0.562209,0,1,-0.36184348,0.83139462,-0.6365150150000001,0.25884076,-1.24931925,0.40718508,-0.470556185,0.46405506,-0.316501685,0.11252259,-0.9407060700000001,-0.3073574,-0.20369586499999998,0.720926125,-0.7486905699999999,-0.012391570250000001,0.0194414205,0.5577893899999999,-0.69669273,-0.27687832,-0.661290075,-0.368089,0.92277643,1.16900395,-0.024451564350000003,-0.384397265,0.42512123,-1.2207726,0.925073335,0.600550205,-0.029730986150000003,-0.0115366535,0.33918225999999996,-0.5067261000000001,0.1878336,-0.667314,-0.5687713249999999,0.76563233,-0.43482329,-1.18290565,-0.26880037,0.169688375,0.162233945,-0.21163036000000002,0.15514884,0.32659484,-0.19842519,-0.556960635,0.39954738,-0.76289285,0.9999997619797019
1129,53.35146443514645,10.179916317991632,103573.61087866109,0.12038075313807532,0.5313807531380753,0.41785806,1,1,-0.3462603972301255,0.7282963134728034,-0.459437720083682,0.29927846238493727,-1.1622855031799164,0.44938054027196656,-0.35996081252719664,0.41698641790794977,-0.14470401435815902,0.1529443620832636,-0.7950860622175733,-0.36654708076987447,-0.2773485961506276,0.7071100590627615,-0.7116481186192468,-0.11783479950334727,-0.06298568875774059,0.5367373645606694,-0.7008983015062762,-0.26114941158995814,-0.5575918372594143,-0.38044431945606694,0.7220046821338912,1.1111541353974894,0.1099059322539749,-0.44373828083682004,0.3470421067573222,-1.3319937050209205,0.9495979594142259,0.5201939915899582,-0.0008717455191715479,0.033093686712970714,0.320964189623431,-0.46094927539748953,0.11783297186569038,-0.728674099414226,-0.4738018642635983,0.8237723817573223,-0.3106905151548117,-1.125026788368201,-0.37321740953974897,0.2414069788912134,0.18675862761087866,-0.18612631765271967,0.28791546292468617,0.1845451245380753,-0.2685462947196653,-0.6502388980753138,0.32519439335564854,-0.623067629874477,0.9999999674970078
113,81.7752808988764,14.539325842696629,9908.011235955057,0.1669494382022472,0.43820224719101125,0.39195192,8,1,-0.3103515520224719,0.6793698855056179,-0.4104447840741573,0.3802499903370786,-1.1652392017977526,0.45774868,-0.3162707462359551,0.37492712177528087,-0.07712996747191012,0.18401741680898875,-0.7503794673033708,-0.47984797786516853,-0.26016923331460673,0.716581842247191,-0.71076246,-0.19486334166629213,-0.12276367754573035,0.5467049897752809,-0.6862433747191011,-0.2569802266741573,-0.6087366503370787,-0.4169574806741573,0.6638550880898877,1.084412794269663,0.19800512696629213,-0.44277979633707865,0.2695269943595506,-1.3440460206741573,0.9037140524719102,0.5338152712359551,0.006626728617752809,-0.0026003486303370774,0.270626298397191,-0.4417013946292135,0.06553979409438203,-0.754883487977528,-0.5277351275280899,0.8773974158426967,-0.20608572053146065,-1.1035513806741573,-0.45366601674157303,0.2658703999213483,0.20325921126404495,-0.1702747635280899,0.3038514677191011,0.03187376994719101,-0.3154212593258427,-0.713831742741573,0.3010498531235955,-0.6279567074157303,0.9999710296831957
1130,102.51131221719457,20.16923076923077,26068.610859728506,0.28193303167420813,0.5085972850678733,0.37600204,1,1,-0.31525797573755654,0.7234496973574661,-0.4662576571674208,0.3227311404443439,-1.2028734835203618,0.46507011129864256,-0.39174659534660633,0.3926619612760181,-0.14306285328235294,0.13618560551457012,-0.8183401594751131,-0.40395534447330317,-0.26629322719457016,0.7248339557647059,-0.7243060064615385,-0.10720920892449773,-0.07237728963780996,0.5330671846244344,-0.7353563661085973,-0.26993122071312214,-0.575943985322172,-0.3785222563954751,0.7198149999185521,1.1051659384162895,0.125834819624543,-0.4358465008597285,0.37426060330588234,-1.3548259014841628,0.9698495844615383,0.49926902367420817,0.0018921447317248867,0.042395109554208145,0.32275689475294117,-0.4654517178642534,0.14526257311529414,-0.7189916362714932,-0.47944367924886877,0.8453562729864253,-0.3314219407049774,-1.1403613850497738,-0.3824610265882353,0.23577430307873304,0.1930081237724887,-0.20059395302497737,0.2936814811429864,0.15528078257294117,-0.25360263977013575,-0.6509687613303167,0.30439917087357465,-0.6574303932488688,0.9999947813880323
1131,44.0796178343949,7.289808917197452,53579.96178343949,0.12732388535031847,0.5987261146496815,0.37286028,0,1,-0.3423260939363057,0.7054262735350318,-0.3985795958216561,0.3930007953789809,-1.1259669756050954,0.49304374624203817,-0.27039367805636944,0.3938273963280255,-0.05687973789242039,0.19903524381019108,-0.7142875993630574,-0.47676620695859867,-0.28499221109872613,0.7306464889171974,-0.7074677117197452,-0.2331102501283121,-0.0886004872156051,0.564424702133758,-0.6332115776974522,-0.22996151464968156,-0.5983389571974522,-0.4153867009394905,0.6845563750573248,1.1013427831847133,0.18844788784882166,-0.4503099670700637,0.255561808494586,-1.3552952656687898,0.8653099412420383,0.5870018083757962,0.0021472300539808926,-0.022148646901098728,0.28056803439490446,-0.43035010500318466,0.027013622170700635,-0.7730164453136943,-0.531731089522293,0.8505480478821655,-0.18515869814076433,-1.1225846478343948,-0.46156639463057325,0.30421529027070066,0.19956310309012737,-0.20354744094904456,0.34386872420382164,0.045102139390445856,-0.36756994863057324,-0.7346154958280254,0.3432165540923567,-0.580549358022293,0.9999999981679529
1132,40.64935064935065,8.25974025974026,47064.94805194805,0.1573779220779221,0.4675324675324675,0.4420373,13,1,-0.36609666064935065,0.7645259958441558,-0.4726743414285714,0.3357555424025974,-1.1830800663636365,0.4547642864285714,-0.3469985771038961,0.44519947324675324,-0.15311330835064935,0.15088734394805195,-0.7733214974025974,-0.3815784331168831,-0.27895282883116884,0.7277487607792208,-0.7369058862337663,-0.12786398718181818,-0.010100400627272726,0.5671676522077923,-0.6994057133766234,-0.25400497130519484,-0.569594477012987,-0.38277869909090906,0.7479358048051947,1.124414358051948,0.11608430170779221,-0.4668600225974026,0.35505332046753246,-1.3267902558441558,0.9446759612987013,0.5516237506493507,0.006871550774025973,0.01453652762987013,0.3295378972987013,-0.457128966025974,0.10712122602597401,-0.7495114090909091,-0.4885705275324675,0.8365065684415585,-0.3244986521038961,-1.1230993096103896,-0.3974500755844156,0.24788271674025975,0.18143667555844156,-0.1938571073766234,0.3124131166233766,0.20345751015194805,-0.3253471367142857,-0.6835327914285715,0.3186308429090909,-0.62651319,0.9999999939722592
1133,84.0752427184466,14.189320388349515,153975.9708737864,0.23925776699029128,0.2621359223300971,0.40319854,14,0,-0.28291095177184467,0.639340523592233,-0.3967195325485437,0.41639793119660196,-1.2194729169902914,0.48924195402912624,-0.3226779755339806,0.3737558239320388,-0.053487527987864075,0.2045415900788835,-0.7474770430825243,-0.548706221723301,-0.26606457016990287,0.7018626156553398,-0.7163936700728156,-0.22793602208592234,-0.14407349842014563,0.5573501838349514,-0.6742935675728156,-0.2439747839514563,-0.6426306513106795,-0.41730578084951453,0.6417726550242718,1.090954764684466,0.21082800100655338,-0.44968604024271847,0.21823492848203885,-1.344773144053398,0.8837906949271844,0.5441055825412621,-0.013897099972839807,-0.023003589715194173,0.2786620689368932,-0.47043306817961167,0.044172409239101935,-0.7789895583009708,-0.5314419801213592,0.8932154935679613,-0.17059794882849516,-1.1283793643932039,-0.4751453570145631,0.2818661037936893,0.1907648817184466,-0.18971215797815533,0.2909520284708738,-0.023289538357184465,-0.332835791092233,-0.7185943739077669,0.3277126574514563,-0.6037092194660194,0.9999999742856464
1134,74.14285714285714,14.0,33601.0,0.20192857142857143,0.42857142857142855,0.4492007,6,1,-0.3337493357142857,0.7135311685714285,-0.4306108771428571,0.3390575357142857,-1.1631397571428572,0.4667448042857143,-0.35883197285714286,0.4045554,-0.14635604285714285,0.13610681285714285,-0.79113134,-0.4019577814285714,-0.26089979142857145,0.7649483557142858,-0.7046728942857142,-0.14781610642857143,-0.09269726785714286,0.53758403,-0.7473807842857143,-0.2728770114285714,-0.5684014700000001,-0.38200693428571425,0.7094368442857143,1.1190744142857143,0.14516012485714286,-0.4536988957142857,0.3517227942857143,-1.3685045428571427,0.9748618857142858,0.5246588985714286,0.04396064485714286,-0.000787935999999998,0.3134547814285714,-0.4671536985714286,0.12400933857142857,-0.7248585814285714,-0.4755121957142857,0.8514761685714286,-0.3228024314285714,-1.1679258428571428,-0.40794695999999997,0.2535140242857143,0.18520173999999998,-0.1891133257142857,0.29118882285714287,0.15071218428571428,-0.2798645042857143,-0.6796794328571428,0.30342757000000004,-0.6219652699999999,0.9999989219702683
1135,44.35287569573284,8.689239332096475,681260.2025974026,0.2068503525046382,0.6369202226345083,0.45486185,11,1,-0.36990337930809464,0.7910721539262523,-0.4858976811523191,0.33110404207178107,-1.163573814141243,0.44334909170551023,-0.3430785630235807,0.4518643294363637,-0.17335885636864193,0.16848757004045642,-0.7976624096048237,-0.3822323129345826,-0.27685414212282,0.7281460869120594,-0.7486961223098331,-0.1463397424725844,-0.041502359313096475,0.5847075310927643,-0.6683155071376623,-0.24427412246341373,-0.6015869978660482,-0.4003500172278627,0.8007050977261595,1.1766615668009277,0.09620870170742857,-0.4554742948311688,0.34588302866696846,-1.320055033250464,0.939833553296846,0.5932746953135436,0.003579418047971614,-0.013882760543017812,0.3244328889134323,-0.4647321144862709,0.08620246766027978,-0.7678521644081633,-0.5470908038712431,0.8281794988717254,-0.31761616727712294,-1.170736089299629,-0.41666066522745826,0.260716878009308,0.18324748741779034,-0.18813962201523562,0.2892802552244063,0.2098486407109833,-0.3181327071332282,-0.6748263426842301,0.3546727981674397,-0.6659756244768089,0.9999997450736108
1136,75.35504201680672,14.762605042016807,134055.77521008404,0.2352105042016807,0.5987394957983193,0.39667174,6,1,-0.31998926456932775,0.7224874272478992,-0.45973277786764705,0.35046324594537814,-1.2046734079495798,0.476354918697479,-0.37588896139413025,0.3996113578781513,-0.1454313616847437,0.15280136082836135,-0.8153868222689076,-0.42361935201470585,-0.26547866192016806,0.7298906093487395,-0.7305821397058824,-0.1284721323460084,-0.08831847237951682,0.5419023819957983,-0.7177124548739496,-0.2649388797310924,-0.5853643402521008,-0.3822107532457983,0.7145557769327731,1.1220431193907563,0.1362259538487395,-0.43502180521008404,0.3448080907983193,-1.3520389771008403,0.953422032289916,0.5253491046008403,-0.006134417992815126,0.02118885461809874,0.3255852677447479,-0.47070739321428573,0.11772786256680672,-0.7404589362184875,-0.5024081868067227,0.8444928662815127,-0.3067112881869748,-1.159181494432773,-0.40871197445378155,0.24924847236134454,0.19229900366386554,-0.1955040326827731,0.2948980186134454,0.1356398917802395,-0.2706308877521008,-0.6751889441806722,0.3156558809033614,-0.6454155310084034,0.9999999784689201
1137,66.03935860058309,12.38192419825073,170216.21720116618,0.1866454810495627,0.5262390670553936,0.42084518,1,1,-0.3161134427565598,0.7143337974781341,-0.44059468668658897,0.35910974740131196,-1.172333222638484,0.45734399776384843,-0.3264916354279883,0.4073414685851312,-0.1031162193967347,0.197341905893207,-0.7761483042419824,-0.4570676706341108,-0.2696362751166181,0.7021274784402333,-0.7338264055247813,-0.19222722483740526,-0.10126365299804665,0.5713631220116618,-0.6845993178731778,-0.2576676729650146,-0.6139526745335278,-0.4043136415714286,0.713702328760933,1.1297545058017493,0.16178750184536442,-0.4482037132215744,0.2836731337739067,-1.3435069791836736,0.9098769160641399,0.5597461533177843,-0.0008916276362594754,-0.0038955672399125355,0.29905879612900876,-0.4674609289139942,0.05910421570612245,-0.7710948205102041,-0.5224913014285715,0.8708269369533527,-0.24072252559708454,-1.137872342405248,-0.43971267070991255,0.2654739534485423,0.20596759429973321,-0.19111367655655978,0.2968451496355685,0.0828066353212828,-0.33018395009475215,-0.6879659580466472,0.3330124645962099,-0.6341530659067056,0.9999999258034034
114,48.08080808080808,8.585858585858587,2731.070707070707,0.1282131313131313,0.48484848484848486,0.4127679,11,1,-0.30447832924242424,0.6960621974747474,-0.40471135333333336,0.3807612774949495,-1.1711643582828282,0.4663263902525252,-0.30545178413939394,0.4116342772727273,-0.08446697922424243,0.20086173464646467,-0.7532206752525252,-0.4914775878282828,-0.2703294930707071,0.716059487979798,-0.7284577431313132,-0.2324911074090909,-0.12195686364444445,0.5596780173737373,-0.6583716205050506,-0.2394415153939394,-0.6265973786868687,-0.4184008828282828,0.6937733047474748,1.136728624949495,0.1812760025959596,-0.44329888080808083,0.24456554374343434,-1.338694986868687,0.8963935397979799,0.577081414040404,-0.0017150370202020189,-0.038645588881111116,0.2767748939090909,-0.4584933915151515,0.025616490752525253,-0.780891309090909,-0.5444183384848486,0.8726633497979798,-0.20370859196969696,-1.1610449107070708,-0.47350991959595956,0.2883475018181818,0.19160247542424244,-0.18309903551515153,0.31971278636363637,0.04817727680545455,-0.3502604288888889,-0.7164371814141415,0.3522561175757576,-0.6132312427272728,0.9998527191730976
1140,66.73076923076923,13.26923076923077,12052.5,0.13229230769230768,0.7692307692307693,0.4868675,13,1,-0.33482052538461543,0.7617127303846154,-0.4839474676923077,0.3487454484615385,-1.2166438834615385,0.48211792884615384,-0.38020675923076924,0.42437298500000004,-0.15987934402692308,0.13863402184615387,-0.8111006138461538,-0.41636825,-0.2692577107692308,0.7316867942307692,-0.7485001084615385,-0.14367120159615385,-0.04194378079423077,0.5489982407692308,-0.7052527819230769,-0.2543915374615385,-0.5954768373076923,-0.38042823846153845,0.7489055269230769,1.1467090076923077,0.11499387623076923,-0.43057531346153843,0.3681848284615385,-1.3461311999999999,0.941895465,0.5648835861538462,-0.006721489373076923,0.015309789949999996,0.32225207269230766,-0.47684449538461543,0.12483263633461537,-0.7217250326923076,-0.5053177946153846,0.840879816923077,-0.32609568573076925,-1.167239623076923,-0.3938736896153846,0.24722763153846156,0.18337605730769233,-0.20782246942307692,0.3015512184615385,0.16972204484615386,-0.2914870665384615,-0.6666294184615384,0.32377591499999997,-0.6592217646153846,0.999988116445898
1142,46.45859621451104,9.208990536277602,229975.2783911672,0.07424049684542587,0.501577287066246,0.4757925,14,1,-0.3501088861679811,0.7492808690828076,-0.4658880184329653,0.31670426849380917,-1.1934057540851735,0.46611733638564673,-0.3794748662539432,0.4287627994514984,-0.15511821046998028,0.13500757771464905,-0.8042943582925868,-0.3871791718341088,-0.27403244027287066,0.731442419591877,-0.7389337707649842,-0.10831673908755127,-0.03595214267589905,0.5598793668099369,-0.7088382271044953,-0.25245804125090693,-0.5771776061557571,-0.389934962106112,0.7413996905678233,1.1115502117468454,0.11299739792841089,-0.45255981087933755,0.3794139941041009,-1.33562440511041,0.953015016013407,0.5380167817705047,0.0036934556413349365,0.005676649232474369,0.3250864063487382,-0.45596332426971614,0.13885259339467668,-0.7351823503899843,-0.4965440034321767,0.8502070310567823,-0.3295783953192429,-1.1444832277263408,-0.40421295670228713,0.2583496650107256,0.1982608651819795,-0.20302166511171135,0.3017207935386751,0.19500552803714905,-0.2769985164737776,-0.6520948259357255,0.30959587252728704,-0.6545235615457413,0.9999998352494025
1143,46.625,8.75,193042.25,0.2291625,0.5,0.44919565,14,1,-0.4161430175,0.77529187375,-0.47917269,0.32166914750000003,-1.213994545,0.49746253875,-0.3153579675,0.46686303,-0.131552945875,0.2024646225,-0.77152079375,-0.38616221,-0.29963261750000003,0.77869774125,-0.7604564300000001,-0.208195758375,-0.0019245897500000005,0.55419440125,-0.6427958325,-0.22787404,-0.6280407825,-0.403815865,0.8028691,1.168875175,0.13811495095,-0.43137238,0.38584781125,-1.3249968875,0.9227824225,0.592910595,-0.0273740828125,-0.08565627725000001,0.316669955,-0.4995649375,0.077336330875,-0.76446484375,-0.5272975525,0.8095892674999999,-0.30852140375000003,-1.2058758250000001,-0.40739046875,0.26499234875,0.132190071125,-0.2127440475,0.3249284375,0.15956928125,-0.42051822250000004,-0.66683023875,0.32334014625,-0.657480645,0.9999998574052071
1145,43.79730596536241,8.727068633739577,203094.68986529828,0.2264222257857601,0.7036561898652983,0.44522947,14,1,-0.34327943062572164,0.7629594204233483,-0.4622328207026299,0.34009984465971776,-1.2013610265939705,0.4793117770869147,-0.35860151964161646,0.43067768677678003,-0.13004808244005292,0.18555308956568956,-0.799264063887107,-0.40272811659653623,-0.27500302547466327,0.7365321357729314,-0.7534756097017319,-0.15768850759974246,-0.039701355566792815,0.5769936983707504,-0.6975504749255933,-0.25475415101876203,-0.5921140471295703,-0.3888247543438101,0.7517172227293136,1.1427609256895446,0.12272599297096537,-0.44610596366901856,0.3590130259059846,-1.3529287493842208,0.9297406515907634,0.5637478328755613,-0.007493614002322226,-0.0003660554140115458,0.3187848028014753,-0.47750934223338676,0.10724516889976267,-0.7620603393681847,-0.4975755396536241,0.835506698922386,-0.29742199850341566,-1.179384254060295,-0.4105876723903143,0.2674523556462476,0.2023726973635343,-0.2097402078237973,0.3150527188463759,0.16291595888175112,-0.32388632115586913,-0.6605912534797947,0.32360436980006413,-0.6520253944387427,0.9999998432275301
1147,176.625,30.9375,170970.625,0.07085000000000001,0.1875,0.2651203,13,1,-0.284962628125,0.6546676075,-0.41550331749999997,0.362481131875,-1.1880659625,0.477176323125,-0.359665645625,0.36103642,-0.1015025991875,0.134975030625,-0.78349761375,-0.44418478125,-0.25210878,0.680582155625,-0.700741965625,-0.16009344074999998,-0.1428191434375,0.5099187675,-0.702808190625,-0.26842454625,-0.56880382625,-0.35289555375,0.642425185,1.0932932025,0.175150023125,-0.439888193125,0.286021574375,-1.36926808125,0.9490863525,0.52138325875,0.00930157616875,0.07063907233125,0.30610495375,-0.459389905,0.096640480375,-0.705507795,-0.472265365,0.8333010481249999,-0.27674090875,-1.122017075,-0.40647313125,0.244529456875,0.194169639375,-0.168738370375,0.26876145375,0.058711294875,-0.250417244375,-0.6717977475,0.295574524375,-0.617985766875,0.9999999631193563
1148,62.42746113989637,12.42832469775475,24498.0207253886,0.27393937823834197,0.6062176165803109,0.41551432,1,1,-0.35019513212003456,0.7510020899481865,-0.45460078646200347,0.3290890356485319,-1.1680045871493956,0.44137884567962005,-0.36468273457003453,0.41124210294905006,-0.13620660424335063,0.13729221527423144,-0.7858104758635579,-0.38917166020120897,-0.2742162742720207,0.7199683437616581,-0.7206495849050086,-0.13048521665915372,-0.0502846299844646,0.5583427198100173,-0.7044909273488773,-0.26606527882124353,-0.5737774009956822,-0.39578585230763386,0.7309986419533678,1.121078406701209,0.11920111787216754,-0.4653192162435233,0.35993702777867015,-1.3376461809326425,0.9473812514576857,0.5363464401986183,0.019721735632219344,0.02801778630899827,0.3235564653344559,-0.4508478008108808,0.1189284420558031,-0.7405168585276339,-0.4967671228557858,0.8439542855189982,-0.31939405209775473,-1.1272657522253886,-0.39471262021848014,0.2561150213924007,0.19891430736551813,-0.19409107528246977,0.2977958220362694,0.17235208818212436,-0.2855740153199482,-0.67169482544905,0.30995077011588945,-0.6424479659412781,0.9999983380294484
1151,168.25,31.833333333333332,129494.29166666667,0.2961020833333333,0.4375,0.33084145,1,1,-0.298577741875,0.70785193125,-0.46804764249999997,0.33607614708333333,-1.2177583854166667,0.475805868125,-0.40809385229166667,0.3878544110416667,-0.15408166066666668,0.13148137929166667,-0.8253543991666666,-0.41540143145833336,-0.25985652354166666,0.7091495195833333,-0.7203970554166667,-0.099501056875,-0.0858197422125,0.5226717835416667,-0.7374042474999999,-0.268479370625,-0.577939144375,-0.3705691441666667,0.710729845,1.10678426875,0.12900323084375,-0.44334968104166667,0.3695397810416667,-1.3486138041666667,0.9757202018750001,0.4928643652083333,0.0044800304725,0.041514553903333334,0.32976100604166664,-0.4648563129166667,0.1521649484375,-0.7121275127083333,-0.477599825,0.8591675822916667,-0.3425468866666667,-1.1365590929166667,-0.39451471791666665,0.22895258541666666,0.18230532254166668,-0.19995507791666667,0.29603500416666667,0.15162881584166668,-0.23460417916666668,-0.6482116022916666,0.31624311270833333,-0.6568419804166666,0.9999998520432548
1152,19.881944444444443,3.642361111111111,118353.09722222222,0.06697986111111111,0.7743055555555556,0.40324527,0,1,-0.44135664863194446,0.9029081277777777,-0.44515583857291663,0.3209189149791667,-1.0652537700347222,0.39680403808333337,-0.2736257154083333,0.4916027236805555,-0.1503828447048611,0.20912592802375,-0.7485202780902778,-0.3666886175763889,-0.2914187395104167,0.767629175138889,-0.7392094530208334,-0.23023577484305557,-0.017936532831951388,0.6239812720486111,-0.5684834465624999,-0.21738973274479167,-0.62738372125,-0.46839355687499995,0.9167558982291667,1.260756969826389,0.060196750942083335,-0.4725847032291667,0.32537380126788196,-1.3155258322916668,0.8763371813541667,0.6509841758680556,0.0065805106541666665,-0.06732974034375,0.32253823542013893,-0.43305530180555557,-0.012288060376597222,-0.8529949490625,-0.6248556761805556,0.7958000792013888,-0.2636905235451389,-1.2314587325347222,-0.4364803115625,0.34873538570833335,0.1804024522704861,-0.22828076004791667,0.3138665301909722,0.2354984480746528,-0.40299131996527776,-0.7024550332638889,0.42362869764583333,-0.6874512735416667,0.9999998149662934
1153,39.333333333333336,9.0,172458.33333333334,0.14834999999999998,1.0,0.40521133,14,1,-0.2881138266666667,0.7561862866666668,-0.539075075,0.3524645866666667,-1.2298749666666666,0.5102208300000001,-0.42639655,0.44993695333333333,-0.21992870833333336,0.14983456308333334,-0.8809568133333333,-0.37413931666666667,-0.24722155999999998,0.7217691833333334,-0.7806051616666667,-0.07552080133333333,-0.05215270783333333,0.5594787883333333,-0.7496612566666667,-0.2751118416666667,-0.5702215716666666,-0.293754065,0.7245163333333333,1.1501171333333333,0.09833467133333333,-0.41705282000000005,0.36163383499999996,-1.3514719,0.991056725,0.606614265,-0.029753214833333336,0.023355464000000003,0.34802304666666667,-0.5014073683333333,0.16418982416666666,-0.729462275,-0.47216767666666665,0.7926232333333333,-0.35682522666666666,-1.2149693,-0.4132936483333333,0.19932343666666666,0.16824434333333335,-0.17305638999999998,0.27637681833333333,0.22171801400000002,-0.24079958333333332,-0.6484260733333334,0.318573545,-0.6582629716666667,0.9999998509370405
1155,32.517336268574574,6.567418822234452,31179.878921298845,0.14546186020913593,0.6075949367088608,0.44973034,0,1,-0.37048178983632357,0.8000455327793065,-0.4563391808297193,0.3242123109625757,-1.1397453724050635,0.4531982518249863,-0.3434673497074848,0.4306889568435333,-0.14268843685932855,0.15072141574156633,-0.7833924538745184,-0.3707036506440836,-0.2998521676730875,0.7575896671813429,-0.7498467193175564,-0.15226236754251513,-0.023254901773582828,0.572194293346175,-0.6729432725140341,-0.24395027029146946,-0.5731023873126032,-0.39743692950225645,0.7746117466923501,1.1580706210544853,0.09376496796499724,-0.4557713942157402,0.38216915895101816,-1.3449143874793614,0.9294124633571821,0.5834743906439185,0.007366468306638415,-0.012599153850335717,0.3261068801012658,-0.43784669635222895,0.09907266759764172,-0.7569919914536598,-0.5145971598833242,0.8192735634876169,-0.32915791938717665,-1.1677277341607044,-0.4138422422003302,0.28833513508668135,0.1960764956947716,-0.21790074651073196,0.3456268553626858,0.2115923220435333,-0.321692638820033,-0.6774086523995597,0.3418329299810897,-0.6426468211227298,0.9999999559369533
1156,82.27587533666795,15.545594459407464,68250.91111966141,0.28551550596383224,0.6025394382454791,0.38325685,1,1,-0.32055356142439395,0.7213297867756829,-0.44752909842400923,0.33509705315592536,-1.1842608990150056,0.4649343897941516,-0.37378517346560214,0.40236871941900726,-0.1333608057323309,0.15336584383644863,-0.801812670388611,-0.4153613794531358,-0.25600687988949594,0.7236453638591767,-0.7149451089034243,-0.1427561828289804,-0.08458387200407541,0.5423576064109272,-0.7050703256302424,-0.26956229711531354,-0.5883176013428242,-0.3954678936317815,0.7099997645555983,1.1145948164186226,0.13977603635313196,-0.4473646436360138,0.33676033260696425,-1.3450309278838013,0.9412353679453636,0.5203321172335514,0.004163043179074606,0.012223334620763755,0.31334831959603693,-0.4555341348092343,0.1169804615164294,-0.7447130369465179,-0.49998573439784527,0.8553591089435167,-0.2970923683809542,-1.1551552890380916,-0.40347123714621,0.2601106989811466,0.20051078493505195,-0.20632909852200848,0.29608571913620624,0.12637893158906502,-0.27698127116237015,-0.6665164227025779,0.3180876693128126,-0.6415710197883802,0.9999998995966309
1157,58.82646048109966,10.687285223367697,10332.01030927835,0.2133372852233677,0.5429553264604811,0.4271308,6,1,-0.3271860098969072,0.7202923842439862,-0.4295266974134021,0.36672071519003435,-1.184052505017182,0.4722981648195877,-0.34050270682054984,0.3983126183676976,-0.11134430359793814,0.1698505865943299,-0.7865688401890034,-0.4462707979896907,-0.2680981185017182,0.7363928169243986,-0.7330858725257733,-0.18150939118367698,-0.0946136547349055,0.5524614550515464,-0.6860855927835051,-0.2555170646013746,-0.6033426709278351,-0.4019637779381443,0.7232391172680412,1.1313923833333333,0.15439937846057045,-0.4403553791408935,0.3171635826965636,-1.3568153529209623,0.9229635244501719,0.5511707528006873,0.0067231364909163226,-0.004765620512113401,0.29861716193298965,-0.4570629190549828,0.08693387888848797,-0.7575360339175258,-0.5259676531998282,0.8569370248783506,-0.26817879345395185,-1.1514749843470788,-0.4279281275189003,0.2723109090635739,0.20025755110996563,-0.20124591425945015,0.32021541241408935,0.0994810837756701,-0.3170949291065292,-0.6924894252061856,0.33016363455670106,-0.6417900803780069,0.9999874015439086
1158,26.117915904936016,6.092321755027422,520800.93601462524,0.14494533820840952,0.8839122486288848,0.51634246,4,1,-0.40725068554844607,0.9003759292413163,-0.5246976537330895,0.3419770828244973,-1.140018516974406,0.40958004214351007,-0.35612847030712985,0.4915620028153565,-0.2476173062999086,0.16823818458119746,-0.8282513444606947,-0.3248341947696527,-0.2474088312358318,0.7486099465904936,-0.7642863856215721,-0.14038334970661792,-0.02419439833942413,0.5762293701005484,-0.6305603832998171,-0.2460680839378428,-0.6048742577787934,-0.4122627590767824,0.9059806660511883,1.2610949446526507,0.03432685068592322,-0.4340657323674589,0.37184933239579526,-1.2829149573765997,0.919766326928702,0.6486332604113345,0.0003442515737294334,-0.03475496618098721,0.3261001435941499,-0.45776817715722123,0.07580462644179159,-0.7710021599268738,-0.5989740082906765,0.7910852450000001,-0.35414895372760513,-1.228372561736746,-0.4017248621773309,0.2674455462248629,0.1693676601727605,-0.18323115549616087,0.29271519640493604,0.3081950494225777,-0.30358160740219375,-0.6858716982815356,0.4025993987038391,-0.7124211655804388,0.9999997344326332
1159,44.001689189189186,8.570945945945946,19488.359797297297,0.16725219594594595,0.5320945945945946,0.43911693,1,1,-0.35515945054054054,0.771897020152027,-0.46271648211993244,0.3318137233489865,-1.157902293902027,0.44968938340912157,-0.3465878586283784,0.41952400038175675,-0.13255523278733108,0.15651362846013514,-0.7895528627533783,-0.3933755176537162,-0.2844472488344595,0.7419168432432433,-0.7339856286993243,-0.14971782795692568,-0.05169893888530405,0.5695480895101351,-0.6897029312702703,-0.25523351026351354,-0.5888214791047297,-0.3895356150168919,0.7680770137668919,1.148228923766892,0.11238167588327702,-0.4498363726182433,0.35901534405743246,-1.3520756159290541,0.9432749294932432,0.5504499199662162,-0.0006836625193918922,0.007691980193359122,0.32147839868243244,-0.4508950257550675,0.09965176718871623,-0.7683650886993243,-0.5160445164594595,0.8235398543398649,-0.3140303508314189,-1.1579585558783783,-0.4010499912263514,0.2719287299949324,0.19168975559341214,-0.20917526711908785,0.31518945997804054,0.1703959738943074,-0.31533413264358107,-0.6734677320608108,0.32414301989189187,-0.6545397271283784,0.999998829905773
1161,15.763157894736842,1.8368421052631578,622911.3736842105,0.029684736842105264,0.7684210526315789,0.18714361,0,3,-0.4062353004342105,0.7640533565789475,-0.34576683603157893,0.3589406131789474,-1.0489842709473685,0.3691954944421052,-0.17839487211052632,0.42522773147,0.04487984975968421,0.276594489291579,-0.594492188831579,-0.3877633767,-0.3501946979526316,0.6461510649473684,-0.7580671707368422,-0.3029092369836842,0.0067162058710526305,0.6233199710052632,-0.4786191482368421,-0.16579210251473683,-0.560718854131579,-0.41095990495789475,0.683855450105263,1.0822255730526316,0.15720202365157895,-0.4579606178578947,0.1995119781542105,-1.204266924368421,0.6990319339473684,0.7714116750526316,-0.017736683496473685,-0.08048687411052631,0.24407333212789475,-0.4028512188210526,-0.10842740585736842,-0.7683722255,-0.6020335253105263,0.7417568862031578,-0.05635770886631579,-0.9985668722105262,-0.5047096991536841,0.31182033004210524,0.17598587527894738,-0.0759046221263158,0.3697443059229474,0.06453050877736842,-0.46203847039052626,-0.7117667143473685,0.33468994152526316,-0.5674612105157895,0.9999997150893479
1162,66.02439024390245,13.32752613240418,34945.337979094074,0.27828954703832753,0.6829268292682927,0.40345916,13,1,-0.34702036180487805,0.7524174046341464,-0.4472967806445993,0.3538977501463415,-1.1926321286759582,0.4600734612195122,-0.37702791390940765,0.40336599891986064,-0.13092865582299654,0.13824090673623693,-0.7968937026480836,-0.3995189119337979,-0.2701427038675958,0.7434091119512195,-0.7333412160278746,-0.13655104894578396,-0.050426154120348426,0.5441881935191637,-0.724897969825784,-0.2742935170940767,-0.5737940656097561,-0.3898355619308711,0.7254978420557491,1.1176668723693381,0.12716671345261324,-0.4475344358885017,0.37722536226480835,-1.3547494833449478,0.935068167456446,0.5342667300696864,0.017009293155923345,0.03223724024662021,0.3251522904006968,-0.4650164833797909,0.12642146536689894,-0.7338155099303135,-0.4793818214982578,0.8406725509756098,-0.3143782122264809,-1.140373989860627,-0.393844348271777,0.25480172403728224,0.20448860666898955,-0.199154490758885,0.3135316601219512,0.16455362036829269,-0.289486528989547,-0.6810941799651569,0.3018599891637631,-0.6461498407665505,0.9999993378631845
1163,84.05882352941177,16.294117647058822,29214.70588235294,0.19460588235294118,0.7647058823529411,0.36311877,13,1,-0.31321290705882354,0.7458703952941177,-0.46721571411764706,0.3644993488235294,-1.1827339152941176,0.4595004958823529,-0.3786266929411765,0.4018738170588235,-0.15875869050588234,0.15612516882352942,-0.8210065170588235,-0.4069100094117647,-0.2593841117647059,0.7158791376470588,-0.7540648629411765,-0.15644256347058824,-0.09425612029411765,0.5285200588235294,-0.684138824117647,-0.27351814647058825,-0.5815090564705883,-0.3645953905882353,0.73277603,1.1452863794117647,0.11790236176470588,-0.4124004464705882,0.32372095647058824,-1.3416386764705883,0.8921727076470588,0.5712036688235295,-0.010383439694117647,0.010704019491764707,0.32576648176470585,-0.45791740588235297,0.10191509529411764,-0.7274080094117648,-0.5139405029411764,0.8359041276470589,-0.3001949327058823,-1.1410628705882353,-0.4199162770588235,0.2510271276470588,0.19535727529411764,-0.19065920042588236,0.3181834629411765,0.1482122228529412,-0.2865286411764706,-0.6800025217647059,0.3320858529411765,-0.6607846388235294,0.9999976804129685
1164,72.96197591436217,14.889384478144514,7013046.275758252,0.36795353479036574,0.5932203389830508,0.4064782,11,1,-0.3422347749014273,0.743922775587868,-0.5103679149062109,0.3406685778142618,-1.2040356887096342,0.49078501276891173,-0.34462209181101694,0.43193166608942907,-0.170679007180119,0.16083508106711977,-0.8023608629070027,-0.4210898662899866,-0.29499692842526765,0.7188919809478144,-0.7500552924319803,-0.11154244089753423,-0.04462725702126901,0.5764001293800178,-0.7145208382450937,-0.2477271068561552,-0.5879792236641391,-0.35595842673929523,0.759560276778546,1.1482571421833183,0.12944788265462867,-0.46374552277219006,0.3484200903062032,-1.3659002151527653,0.988121325425959,0.5418678894681088,-0.020465797591416816,0.03810812260647179,0.36761852194307204,-0.49474285287466546,0.090758683762875,-0.7572401950479483,-0.4982837818302855,0.8242447411289697,-0.3409407400728836,-1.151560575485058,-0.3999898068576048,0.2263676889672441,0.16494086355831622,-0.20928480791935772,0.26908583353869314,0.17378900699168823,-0.3253963828368644,-0.6795328370863069,0.3442893821635259,-0.6409766057700714,0.99999970355111
1165,36.833333333333336,5.944444444444445,75999.22222222222,0.05235,0.5555555555555556,0.34080777,0,1,-0.3726608572222222,0.6888480177777778,-0.38870313316666666,0.40663097111111113,-1.1303677683333335,0.4850338777777778,-0.20495492063888887,0.4639603333333333,-0.070451631,0.16384155822222224,-0.6499367172222222,-0.5642155516666666,-0.30346399611111113,0.7380972466666667,-0.7421367116666667,-0.27713796955555553,-0.06627528354777779,0.6038158927777778,-0.5768770396666666,-0.15707214083333335,-0.6647164522222222,-0.45517947999999997,0.7038791038888889,1.1395235405555555,0.19454591544444447,-0.49159242611111115,0.16887461305555554,-1.318748461111111,0.8952864022222222,0.6514889994444445,-0.009238195522222227,-0.09535742200555555,0.22495260690555557,-0.42202841277777775,-0.032944607666666674,-0.8262422127777778,-0.5918797561111111,0.8974326222222222,-0.14367950970555554,-1.1267415422222222,-0.5204318072222223,0.3374241677777778,0.18615414044444445,-0.20327909111111112,0.33054521166666667,0.046260519444444446,-0.42605867833333333,-0.7698913283333333,0.4257120572222222,-0.5432379188888888,0.9999999584646111
1166,82.18032786885246,16.598360655737704,256667.12295081967,0.14235081967213115,0.38524590163934425,0.3802774,11,1,-0.32661044770491804,0.7226985850819672,-0.47454561713114757,0.3259905950819672,-1.2189474945081966,0.4615699858196721,-0.3879148028442623,0.398949170409836,-0.14085614365573773,0.13895651407344262,-0.8226293736065574,-0.3949725080819672,-0.280111847295082,0.7304918916393442,-0.7382492304918032,-0.09833447867868852,-0.061157698575409834,0.5424653323770492,-0.7414525398852458,-0.26282724131147545,-0.5795853837704918,-0.3667660231393443,0.7463138313114754,1.112165903852459,0.11143650468852459,-0.4337662486065574,0.3865972467213115,-1.3500799598360655,0.9814471905737705,0.5079087101639345,0.003359810076090164,0.03767105491872951,0.3244691926229508,-0.47585053859016396,0.15141727187704918,-0.7230107590163934,-0.47888557163934425,0.8298778416393443,-0.35092689885245903,-1.1357331263114754,-0.3809830123770492,0.22725627768032786,0.18323123582786888,-0.1881941998114754,0.30354948073770494,0.18087840263114752,-0.26580562663934426,-0.6482840518852458,0.30577460887704916,-0.6604151245081966,0.9999998970137719
1167,22.512937595129376,4.736681887366819,460275.601217656,0.08453089802130898,0.6666666666666666,0.46712908,11,1,-0.39859627201217657,0.8374523413394216,-0.504428307368341,0.3095892942395738,-1.1533084250228312,0.4175567630334855,-0.338740437575038,0.4981274363622526,-0.1931313667757991,0.1569209223916286,-0.7879204985175038,-0.35688062201065446,-0.2810449548006088,0.7428106101978691,-0.7623324258599695,-0.15275019745321156,0.0012316809156012183,0.5960883810958905,-0.6633057225266362,-0.23882592456179605,-0.6111492488584475,-0.42149313484018264,0.836156820563166,1.1994715685083712,0.06775125061465753,-0.45601291318112636,0.36401968573059357,-1.2858035229071538,0.9271803787671233,0.6124889182648402,-0.0008664812815372902,-0.054880208955403346,0.30556466082952816,-0.45314275401674275,0.08888950395707762,-0.7787696192694064,-0.55283352238965,0.8411226380060883,-0.3366956473165906,-1.1825254683866058,-0.40655033940030444,0.27629674240943686,0.19116993565494672,-0.1985534287998478,0.3148063627138508,0.2692753437468798,-0.3417131472754947,-0.676639078021309,0.36340003230745815,-0.6565463688538813,0.9999997334059605
1169,48.15621156211562,9.182041820418204,42798.27921279213,0.20177761377613776,0.6150061500615006,0.4403611,6,1,-0.35148561310332105,0.7471115950676507,-0.44861102223862237,0.34681972600078725,-1.1877211690528906,0.46368144793357935,-0.36112753301599015,0.4153239382287823,-0.13209468827343174,0.1510917261300123,-0.7932351392496925,-0.41170731623616236,-0.2732566768327183,0.7434437392804427,-0.7319295237638377,-0.14390503959188192,-0.059680280269231244,0.5546141501599016,-0.702092369699877,-0.2555225214563346,-0.5916519443726937,-0.3955391689114391,0.7393135396678967,1.1251656898769986,0.12668969303763838,-0.4446057750799508,0.3551918912110701,-1.3421954576137762,0.933854142496925,0.5427416146125461,0.0016203785213407132,-0.0008273025602681425,0.31469032012915127,-0.4603514166445265,0.11091757714763838,-0.7524003430135301,-0.5057155666186962,0.8447589437884379,-0.29716711910504306,-1.1476124639286593,-0.4100459920664206,0.2670654132472325,0.19158977108741695,-0.20178465967822878,0.31271197399753997,0.15715918367306275,-0.299867819600246,-0.6762782455793358,0.3179158386446494,-0.6454994607257073,0.9999999317995021
117,41.47787610619469,7.0194690265486726,12249.888495575222,0.12578973451327435,0.6283185840707964,0.4541739,14,1,-0.32673624785132743,0.7105295643716815,-0.40338101787929204,0.40260504051327434,-1.1795890818938053,0.4869312999115044,-0.2957828860554867,0.4019744337876106,-0.07165132183454867,0.2091501473096283,-0.7420867782300885,-0.48864724001150445,-0.26581429457699113,0.7195616001238938,-0.7325848769734513,-0.23550561001511505,-0.10378653736205311,0.5660947020353982,-0.645006481621239,-0.23523745738707963,-0.6162627345663717,-0.41707634488318585,0.6991218185309734,1.1285241256460177,0.18931449931681418,-0.4394150441769911,0.2548308911803009,-1.3547812450265488,0.8816344604247788,0.5864461760530973,-0.0033928511565663715,-0.012441859040327432,0.2728807731618938,-0.4606175972141593,0.03400950352286725,-0.7798773310442477,-0.546131954658407,0.8612216611858406,-0.18406869980902654,-1.1490542640353982,-0.46416047895228324,0.28990981235044244,0.201943960679646,-0.18220897087610619,0.3224558745345133,0.042750620414513274,-0.35738913733982297,-0.7213507134336283,0.3368696450371681,-0.6216061293628318,0.9999964350603596
1170,42.53205479452055,8.287671232876713,170381.22904109588,0.1807734794520548,0.6893150684931507,0.49764976,4,1,-0.3976026765068493,0.8457745212345206,-0.4536977329989041,0.2967881054651507,-1.0995916149167124,0.4368610017041096,-0.33421302236652056,0.43256332429753425,-0.15607132728456988,0.1671295536959452,-0.8016350730958904,-0.34024883884328766,-0.30592593844328764,0.7409800030520548,-0.7431821396109589,-0.16329690408791234,-0.0665881590516493,0.5660197573095891,-0.5830601610586301,-0.20754529595243834,-0.6034706512164384,-0.4070446081161644,0.8621775779616438,1.22549070630137,0.06936371184383562,-0.4467043537369863,0.39176682512054795,-1.3232481297369862,0.9232943533753425,0.6231314026624658,-0.01734600224553737,-0.043359471914243296,0.3374375141342466,-0.42485624286136986,0.041814985019824655,-0.7598493599726027,-0.5969371889972602,0.7704017931483836,-0.33293831642438354,-1.2070145961479453,-0.42850438208219177,0.3176291436608219,0.1527511610871452,-0.2171569170869041,0.31522110776109585,0.22274539068649862,-0.3141862572849315,-0.6441093576142466,0.3951544817978082,-0.7188725815917808,0.9999998620095202
1171,102.24444444444444,19.177777777777777,80331.28888888888,0.23203555555555555,0.6444444444444445,0.35678464,0,1,-0.30054476888888887,0.7078739917777778,-0.41201806462222224,0.37873184444444447,-1.1680836426666668,0.4894772062222222,-0.34947073977777776,0.3926932068888889,-0.0985291566888889,0.18301039666666669,-0.7760733473333333,-0.47142303888888887,-0.2387897871111111,0.7338650366666667,-0.709951548,-0.20288863224000003,-0.11886884580000001,0.5380757708888889,-0.688570662,-0.26071163066666664,-0.6127465202222222,-0.42495179,0.6719468668888889,1.1011924288888888,0.19060278597777774,-0.42671030844444446,0.29255612815555554,-1.3535567377777777,0.8957646473333333,0.5463219475555555,0.006352459875555555,-0.020300782866666665,0.26976938866666667,-0.4412275357777778,0.08510280577777779,-0.7512698942222221,-0.5261150242222222,0.8970363811111112,-0.2079985144,-1.1603800755555556,-0.46515547622222225,0.2830219113333333,0.21097396777777777,-0.19550990213333333,0.32281503711111115,0.051542137244444446,-0.2963742291111111,-0.7021723508888889,0.3122892471111111,-0.6424883213333333,0.999999866777422
1172,44.0,8.951456310679612,65087.88349514563,0.20234174757281553,0.6407766990291263,0.40542677,0,1,-0.4086509209708738,0.8054230593203884,-0.4809229940776699,0.32821108891262135,-1.1774675009708737,0.42741597139805826,-0.3457107205242718,0.4623265496116505,-0.1841175204330097,0.11330917306796116,-0.7870136313592233,-0.3741532462621359,-0.2915961513592233,0.7738089672815534,-0.7506458517475728,-0.14640110759223302,0.0023786566116504853,0.5709476290291262,-0.6786861038834952,-0.2432411163495146,-0.6038686057281554,-0.4166515766407767,0.8098569378640776,1.1818215291262135,0.06777919700776698,-0.45584018621359224,0.38066006475728154,-1.3021541591262136,0.9302002541747573,0.5833466569902912,0.008717794577475728,-0.03184981111456311,0.3179241937475728,-0.45648379951456314,0.10026597866213592,-0.7584070157281554,-0.5359871903883495,0.8250408188349514,-0.3581427790873786,-1.163193077184466,-0.3775940618446602,0.27616096349514563,0.1947393444563107,-0.21253978666019419,0.3243346376699029,0.24826197711650483,-0.33248422252427184,-0.6894995151456311,0.3659940575728155,-0.6309501333980582,0.9999999958089181
1173,43.859173126614984,8.496124031007753,26417.086563307494,0.12133863049095607,0.5452196382428941,0.44703996,6,1,-0.37191011460981915,0.7735424007751939,-0.4516324492881137,0.3196441604496124,-1.1544667528423773,0.4511608713565891,-0.33848504491085274,0.4164573546640827,-0.12851836442445735,0.15083382164421189,-0.7834978330361758,-0.3991528522390181,-0.2945695747390181,0.7475191553229974,-0.7322640513307493,-0.15973158985925065,-0.04427261279435401,0.5801721663436693,-0.6688715328488373,-0.246665369625969,-0.60300995875969,-0.41639262150219636,0.7798517069121448,1.1432155448578811,0.11652994535865634,-0.459860388875969,0.370685139603876,-1.3495660968217054,0.9258117189018088,0.5573306833591731,0.010457599077080102,-0.013126030653009045,0.3264177575852713,-0.4447469962403101,0.0897960589495478,-0.7599719178036176,-0.5403800776485788,0.841741855878553,-0.31289117452803616,-1.147638047997416,-0.40462268794702844,0.2889348632700258,0.19822547254263567,-0.22613465710904393,0.3062710242661499,0.16273684130391475,-0.3340926189276486,-0.6705278627583979,0.32656381928036177,-0.6671689258914729,0.9999995784136955
1176,27.5,5.711822660098522,272553.9630541872,0.11404630541871921,0.7733990147783252,0.45280433,12,1,-0.38530115280788174,0.7881090046798029,-0.5249293375587192,0.3336428051551724,-1.1739150490394088,0.4798931398940887,-0.3392971457832512,0.4667884323399015,-0.19428897994285715,0.1148951441770936,-0.7791536719458129,-0.3900949825406404,-0.3199189598004926,0.7512472823152708,-0.7453071748275862,-0.08808121843004926,0.01428288429137931,0.6061815277093596,-0.7065355849261084,-0.22466002196699505,-0.5851070450246305,-0.36410783600985225,0.7856778093965517,1.1654809000738917,0.09182913163852217,-0.49685250308866996,0.3841934178187192,-1.3418353781773398,1.0122468480295566,0.5703418474137931,-0.014390419626083744,0.018165948735714286,0.3739623376798029,-0.4607223898275862,0.10520069599433499,-0.7811695925123152,-0.5173116002463054,0.7924024177586207,-0.3868364475812808,-1.1740463260344827,-0.40618815601724134,0.2513480280541872,0.16141284414162563,-0.20951987276600986,0.2882577378078818,0.2498552251625616,-0.3193941449014779,-0.6970402470935961,0.35217765656157635,-0.6216310042044335,0.9999997709186907
1177,53.6058572300183,11.024405125076266,112651.65588773643,0.13932910311165345,0.43929225137278827,0.44811806,1,1,-0.3721129839579012,0.7916798669823063,-0.48778389177016473,0.34176117261470407,-1.1754826761500916,0.4486565531590604,-0.3428766341441916,0.455535760504576,-0.1578630665181086,0.1600943933300183,-0.7897481084319707,-0.38855765652135454,-0.28570465086699204,0.7330564652428311,-0.7552805738743137,-0.14625895588463697,-0.025033885895893837,0.5864858832824893,-0.7095784560951799,-0.25821085344100064,-0.592499612037828,-0.4000627567774496,0.779445168633313,1.160551865753508,0.10805573570234289,-0.4530330152410006,0.3687314223706528,-1.3335402953874314,0.9430898420317267,0.5753120451250763,0.009310896502599145,0.004780976277913361,0.32668122146833434,-0.46594911063575356,0.0994078630623856,-0.7608409901391092,-0.5115888613166565,0.8486805889231238,-0.3279117980938987,-1.1524676952196462,-0.41587483885295906,0.25800275356198904,0.20252169808706527,-0.18947754621211105,0.3173771446851739,0.21317007083259304,-0.3325890539121415,-0.6926962988852959,0.3171762458816351,-0.6512269205826724,0.9999999568061987
118,35.00373134328358,6.529850746268656,50700.38432835821,0.13299067164179104,0.6529850746268657,0.49541968,8,1,-0.3570907250597015,0.7812698382089552,-0.5129255307052238,0.3235572158059702,-1.1552372206343284,0.4484126720671642,-0.3305761973507462,0.49075084839552235,-0.19776619920123134,0.16463620666343284,-0.8038350307462687,-0.40468888363432837,-0.28398397080597015,0.7192073423880597,-0.7892502642910448,-0.1704212507947761,-0.037470471371940296,0.6066528716044777,-0.6603443450373134,-0.2363790652813433,-0.6272984809328358,-0.39953969949626866,0.7909256774776119,1.1788530305223879,0.09162670758686567,-0.43520823507462686,0.30214946945335824,-1.302956346641791,0.9135350788059701,0.6640803994776119,-0.0047974660394402985,-0.06151084922858209,0.2998781857313433,-0.466331438,0.08514603459216419,-0.7656776445895522,-0.5641080420261193,0.8596018750708955,-0.29212468629029853,-1.1694584494402984,-0.4501738508208955,0.2588357754141791,0.19708892530970148,-0.17921322386567165,0.28079975128059703,0.22209782749626866,-0.3378981194589552,-0.6836030840671642,0.36282799054850745,-0.6511259932089553,0.999999996584225
1182,52.220338983050844,9.305084745762711,24078.237288135595,0.06066610169491525,0.5084745762711864,0.40735558,13,1,-0.34860787020338985,0.7321377923728813,-0.4337958199152543,0.36948603515254236,-1.1989716798305086,0.4879603955084746,-0.3146036316440678,0.4183152886440678,-0.1128119512881356,0.17626824946779662,-0.7653792140677966,-0.44680876220338983,-0.27830943508474576,0.7273987586440678,-0.7327542393220339,-0.17360077359322035,-0.0819469307559322,0.5530158959322035,-0.6727624989830508,-0.2377592105762712,-0.5949755910169491,-0.4004170919491526,0.7330401655932204,1.1383745762711865,0.1664170252576271,-0.4430243323728813,0.313387806779661,-1.3610033610169492,0.9354492322033899,0.5411726659322034,-0.010218881081355932,0.018069042176949154,0.316942191440678,-0.476720066779661,0.04885219864169492,-0.7646386640677966,-0.5233240044067796,0.8423150577966101,-0.26123288518644067,-1.1588062279661018,-0.42953138016949155,0.2724410524576271,0.18808857998305084,-0.18956353983050847,0.3124801215254237,0.11568353898711865,-0.3469408494915254,-0.7102102330508474,0.33496310050847455,-0.6303289910169492,0.999998979087745
1184,46.82068311195446,9.226280834914611,202223.76897533206,0.20689454459203035,0.6864326375711575,0.4693584,8,1,-0.36260508122912716,0.7768848352751423,-0.4774296097718216,0.3103349268829222,-1.1631419945659394,0.4469424700659393,-0.3539664565889943,0.4296525830806452,-0.13904559651783682,0.15451050293616697,-0.7880983161062618,-0.36230758938282737,-0.28924794445018975,0.7279297535037951,-0.7449670316366224,-0.13778134911749998,-0.029920419392028462,0.5615990868595825,-0.682272202012334,-0.24859725214444975,-0.5785741794582543,-0.37935091170540797,0.7572109186942125,1.1394983675635673,0.1009869316833444,-0.4444841063140417,0.3750552755189754,-1.327626652077799,0.9410011601233397,0.5700239792220114,-0.009323027285603224,0.001300125357672676,0.31306030793671724,-0.4527470565713947,0.11507499780259962,-0.7403461595958254,-0.4979259977779887,0.811738928543833,-0.3269735736122865,-1.1497948740670303,-0.3933978852864042,0.25899152606584436,0.18441610774570685,-0.1933831824517078,0.31527553984810247,0.1988626822923017,-0.3065130205820683,-0.6532634599810248,0.31340521401612903,-0.6487559228164137,0.9999998520904564
1186,42.06852542705674,7.582367956018064,500978.5843314353,0.32493840565482035,0.569016296878068,0.44775847,11,1,-0.3432219458271942,0.7586246310653053,-0.45201818034969565,0.30026718520280776,-1.069792441293933,0.4675688794930296,-0.302883858203936,0.3988366881138818,-0.09740263680558217,0.15814682244612605,-0.7588635616905557,-0.3843769230128019,-0.3280063904698017,0.728042435653446,-0.7377585643098371,-0.21067187935561751,-0.10728099227627921,0.5414789131415668,-0.5837211118480268,-0.20171465807643826,-0.598008670641665,-0.35408238964983313,0.7574941759422738,1.1869098125413313,0.10505439919302532,-0.42949518451423524,0.3143931935059984,-1.359813722725309,0.9280031426697427,0.6187881674468879,-0.05807605891486452,-0.026319578676675434,0.2824479659799784,-0.3990651597296426,0.05999602064454231,-0.7491503357304143,-0.5406806815917926,0.7464214762925389,-0.2887368340921068,-1.1779088630865895,-0.41027219940997445,0.3115452394856666,0.14866608087674454,-0.22904867600229725,0.32992055246785784,0.13248775475772628,-0.31879545408796384,-0.6496797516728844,0.3850295425432947,-0.6403611605713725,0.9999997585158478
1187,67.91113434396236,13.134866701515943,49204.95661265029,0.18985708311552535,0.5755358076319916,0.42466038,14,1,-0.3166177444380554,0.7102133880658651,-0.4556798865378986,0.34619684193491895,-1.2129538600914795,0.4782076202731835,-0.3700452431599582,0.39896440565342395,-0.13365546365279143,0.15842553253058023,-0.8072502795661265,-0.4245466086617878,-0.26450458974438057,0.7248495862990069,-0.7345413864453737,-0.1363845185245426,-0.07947471775281965,0.5397868175117616,-0.7106010024673287,-0.25926651845216936,-0.5881352794762155,-0.37930776014113954,0.7203899726659697,1.1113548873288028,0.14012933480440146,-0.4304570456717198,0.34047717837956093,-1.3514444555148981,0.9409202158233142,0.5230169840198641,-0.006554262657676424,0.02247826328436487,0.31127785484579196,-0.469537254978045,0.1216352432243795,-0.7346369295211709,-0.5001841496116048,0.8428411045896498,-0.29744800836485624,-1.1429301432430736,-0.4003951278086774,0.24309858321902772,0.19417369154783062,-0.19343838077882908,0.3027977007997909,0.1293708484846137,-0.28278265936905383,-0.6650393479686357,0.3191853716915839,-0.6492401646680606,0.9999998029403951
1189,30.606215903455116,5.249297404529674,110439.91320879484,0.11742104480079352,0.7536782939328814,0.45354217,8,1,-0.3669323887229526,0.7491316574693339,-0.4017272492793156,0.3837384778343528,-1.1474474292296246,0.46023632941494463,-0.2958690871964292,0.4202541330549843,-0.07096181242336072,0.1974798034621908,-0.727717143779137,-0.4520884361860142,-0.27277123462492975,0.7313410792981484,-0.7227873195057034,-0.23554717136557218,-0.07423889367558935,0.5747561109803273,-0.6479877008525377,-0.23990177308462554,-0.6174305723400562,-0.4407458172558109,0.7181646099100678,1.132540868198049,0.17832548369617668,-0.45693869079021326,0.29509732921310133,-1.3354338727078856,0.8738971506992892,0.5899742473516284,0.013599806209950322,-0.03080292324932716,0.27682818412525706,-0.44696373156968094,0.03211428225926318,-0.7791674304488345,-0.5414390368498264,0.8722942375202513,-0.20138119210585054,-1.1394438906505209,-0.46571256305505043,0.30373271598531987,0.20862882853773845,-0.1846224171416763,0.3341218889011076,0.07937503441926996,-0.3715786789019673,-0.7204785636948257,0.3215523579133741,-0.6318196786880476,0.9999998760266403
119,57.71893147502904,11.250871080139373,203521.63414634147,0.26981835075493615,0.5342624854819977,0.40446353,8,1,-0.3376077886916376,0.7362445124738676,-0.45843073871777007,0.3295073420670151,-1.1545495909756098,0.4668324843089431,-0.34810893598015336,0.4014989638013937,-0.12882170854730546,0.15336544669779328,-0.7867577407549361,-0.4023154138501742,-0.2865281480988386,0.7287650895238096,-0.7151353019047618,-0.15374975377552846,-0.08538881581938444,0.5460694170034843,-0.6795039924970964,-0.24742577592601625,-0.5913203962253194,-0.3790675764372822,0.7378169986527294,1.1444283450522648,0.12888873178141697,-0.44965767737514517,0.3445994349581881,-1.3514266548432057,0.9531742261672473,0.5383905795354239,-0.011856174117967478,0.01043803526587108,0.32111271451289203,-0.446670039844367,0.09336055547479676,-0.750069481126597,-0.5135516435400697,0.8130319174227643,-0.31457271994657376,-1.1617734456097562,-0.4028809499221835,0.26732887511231124,0.17493620622578396,-0.20688699319396053,0.30402984228222996,0.13773173937286876,-0.29564768523809526,-0.6679321787572591,0.33787310386295005,-0.6429866393321718,0.999999879431534
1190,23.638306292045904,4.36802532647408,2035865.7597942224,0.2046818361693708,0.6917293233082706,0.45139042,0,1,-0.4178800390455085,0.8384452046458251,-0.47180451880740004,0.32967587425077166,-1.0855088636145627,0.4492768539165018,-0.26239976529506054,0.4773556119920855,-0.12990765013735656,0.21403944758509696,-0.7372259325405619,-0.3705464057557578,-0.31219019078432925,0.7505238426173328,-0.7523913577127028,-0.23662772526665532,-0.0358507210029996,0.6105682945627227,-0.5801962400692521,-0.20558261267087452,-0.6233112136363277,-0.4112492380208943,0.8435592521282154,1.2370193904788287,0.09857041883072576,-0.46441401154491496,0.31787205652477246,-1.3265094653383458,0.9047311317768104,0.6595466466201029,-0.02637136136726876,-0.07245571832960428,0.2955702445503878,-0.43514975661654137,0.015864116512121093,-0.8205517136565097,-0.5822427998076771,0.7813954996486743,-0.27500892163251284,-1.2121907375662841,-0.43701608338741593,0.3217155970607044,0.1654294071389078,-0.21313467510139297,0.3313868916952513,0.19424778714456312,-0.4106155168258805,-0.6932453281812425,0.3936391583058963,-0.646871096436486,0.9999997045411702
1192,37.34517766497462,7.604060913705584,164213.77157360406,0.11128680203045685,0.9086294416243654,0.5830742,12,1,-0.32191090695431474,0.7776273764467005,-0.545318719035533,0.3633978377664974,-1.1955310148730964,0.49244427944162433,-0.39096604116751266,0.4857693685279188,-0.24943962134873093,0.14946211660913708,-0.913544015076142,-0.3720040134517767,-0.268106807893401,0.7414671469543147,-0.8237086798984771,-0.10791192023096448,-0.08746820153045685,0.5846337396954314,-0.7692064831472081,-0.2945387365025381,-0.5771262992385786,-0.2835331754314721,0.781888721218274,1.207544465177665,0.07860606853096447,-0.3912366249746193,0.33279098570304566,-1.3861823548223349,1.0004500841624364,0.6810318545177666,0.007251500510761421,0.006100885748730965,0.3647907417208122,-0.54184816035533,0.13822010915939087,-0.7496291066497461,-0.4891591978172589,0.813361649746193,-0.35253123082233506,-1.2125425286802032,-0.4325557233502538,0.18944186446700506,0.16408214838071067,-0.15303490873096445,0.26222283964467,0.2751191094873096,-0.2952248129441625,-0.6910535488324874,0.32744426654822334,-0.6579550053299492,0.9999998501141993
1195,41.8021978021978,8.494505494505495,212487.94505494504,0.1634076923076923,0.5934065934065934,0.4534581,6,1,-0.3343510763296703,0.7636477351648351,-0.4715077342857143,0.34021797663736264,-1.1701647795604395,0.4504095253846154,-0.3751236892307692,0.41970886230769233,-0.16009873142307693,0.15351765824175823,-0.8103247559340659,-0.38907253450549456,-0.2557100412087912,0.7230791145054944,-0.7255848607692308,-0.13776367489010988,-0.08276072276483516,0.5444253670329671,-0.6892205250989011,-0.26872578153846155,-0.5866498094505495,-0.3906975057637363,0.7430355115384615,1.149572221208791,0.11182309700219781,-0.44017589670329677,0.3380288527582418,-1.3313730913186814,0.9405559512087913,0.5516033235164834,-0.003294086767032968,0.008957913873956044,0.3152307681098901,-0.45257213087912085,0.1139676510054945,-0.7455838296703297,-0.5147185657142858,0.834080419010989,-0.3115610485714286,-1.1706310442857144,-0.3996916360439561,0.2601316737362637,0.18792400893406594,-0.19678008128571425,0.29326872407692306,0.17478344966483517,-0.27421743915934066,-0.6777787589010988,0.33107274527472524,-0.6511750378021979,0.9999998322957965
1196,46.72326706072004,8.519613111230521,68852.60451370232,0.20039580870499732,0.5642127888232134,0.42338985,6,1,-0.32600533454836106,0.7201589703815153,-0.4383168709275927,0.34783895732713593,-1.1338663090515853,0.47548878480386886,-0.3294336710961849,0.39961040847178936,-0.10750357929956528,0.16002102832246104,-0.7726279728371843,-0.4320077801222461,-0.28736241344852226,0.724068249102633,-0.7242252614400859,-0.19228936552504028,-0.11197960039261795,0.5507769738635143,-0.6420903211230522,-0.23349626282138636,-0.6078901989521762,-0.3812415390186459,0.7199341946802794,1.1422756293444385,0.13962371960278988,-0.4390390613594842,0.2949010112375067,-1.3495118217087587,0.913000610720043,0.5819086285276733,-0.021921478186660934,-0.0209265010649108,0.2926809745424503,-0.42656532959108007,0.07509182107098333,-0.7568585399946266,-0.53693874412144,0.8192610667853842,-0.2633877422386373,-1.1574200900053735,-0.43306141242342827,0.29321530490596454,0.18059569827770017,-0.21011582324288017,0.31284393742665234,0.10186229922513164,-0.3075252920789898,-0.6804858683181085,0.3512765703175712,-0.6321377030548093,0.9999999960067353
1198,57.064516129032256,11.67741935483871,80996.87096774194,0.25220967741935485,0.6451612903225806,0.41242284,5,1,-0.3041613348387097,0.7457808083870967,-0.4882744187096774,0.33830245806451614,-1.2155123548387097,0.4734908270967742,-0.38856280774193547,0.42459019451612906,-0.1520856856451613,0.15985665067741933,-0.8146200535483872,-0.3984161738709678,-0.26027055322580644,0.7267791309677419,-0.7415616996774194,-0.11944840032258064,-0.04508481711290323,0.5538159729032258,-0.7369721396774194,-0.27177647806451616,-0.5743937187096775,-0.3633224896774193,0.7270191522580646,1.1258474180645162,0.11238953851612903,-0.4369830141935484,0.3539826648387097,-1.3491281096774193,0.9610506264516129,0.5284494935483871,-0.011332955248387096,0.030317646887096775,0.3111174561290323,-0.4716072629032258,0.15174469419354839,-0.7462583883870968,-0.469516815483871,0.8294115670967742,-0.32634540451612903,-1.1746407516129034,-0.37865631064516125,0.23539630061290323,0.1948429624193548,-0.20152598580645162,0.3126950203225807,0.18244101183870967,-0.2754699641935484,-0.6619679806451613,0.3159719480645162,-0.6310147512903226,0.9999999980371965
1199,103.53634085213032,20.100250626566417,171184.77777777778,0.23219473684210526,0.5012531328320802,0.36890876,1,1,-0.30035181289640767,0.7035919348120301,-0.45612672718546365,0.3622682733258145,-1.2168525644193817,0.4774525662105263,-0.3794018325066834,0.38891394059314954,-0.12939092286558898,0.1599539320455305,-0.8130464760802005,-0.4396283195864662,-0.25646304602172093,0.7100548961403508,-0.7256397223725982,-0.12930789308307436,-0.10029588728048454,0.5372977919966583,-0.7258162373927652,-0.26819555708822057,-0.5916731391637428,-0.3763487232581454,0.7083610879665831,1.1071739165914787,0.1521038601081036,-0.4340172265839599,0.33436814864945696,-1.353661280651629,0.9498404852046783,0.5150380141604011,-0.0007590948600258981,0.035760775355396825,0.31856443524536343,-0.47358993932330823,0.1180449778269574,-0.7318049996858814,-0.4967917272096909,0.8541803958504595,-0.293989335587051,-1.1385039883876358,-0.411640485336675,0.23559231561319968,0.18986362059398496,-0.18576020896825396,0.29196855555639095,0.11319879626678363,-0.2688473050960735,-0.6731769263659148,0.3098284508705096,-0.6549303882205514,0.9999999862916972
12,20.454545454545453,4.472727272727273,18722.18181818182,0.2379090909090909,0.6545454545454545,0.45423737,0,1,-0.43208438745454547,0.8548281856363636,-0.5283921709090909,0.3075120952727273,-1.1333223394545455,0.45720728639999997,-0.2986195407090909,0.5328513029090909,-0.18585015592909093,0.18757852427272725,-0.7619416152727272,-0.3374770674545455,-0.3323677387272727,0.7411285276363636,-0.7593554994545454,-0.14108416385454547,0.02298660532363636,0.6578145858181818,-0.6516477167272727,-0.2063466504818182,-0.6038624254545455,-0.4066358954545454,0.8681959505454546,1.2322134045454545,0.058318199519636356,-0.4998662069090909,0.3736351366181819,-1.3028869345454546,0.965072689090909,0.626577439090909,-0.020699348132727276,-0.054444256981818186,0.3484951401818182,-0.45444931490909096,0.06539397785654545,-0.8306212501818182,-0.5556022469090909,0.8012573929090909,-0.3669453812181818,-1.2249492127272728,-0.42837150745454544,0.30488362809090913,0.183725797,-0.20998932741818183,0.324139556,0.3166350045272727,-0.3816324805454545,-0.6909624554545454,0.3839587218181818,-0.6212018847272727,0.9999999261409125
1200,66.23884998157021,13.379653520088462,1360416.7696277185,0.17956454109841502,0.5573166236638407,0.4365965,14,1,-0.3288302902568743,0.7441242239476594,-0.48484349491669737,0.3236928279214891,-1.1989554565978622,0.46815796372687063,-0.3833990659691485,0.4176017521422779,-0.16205981504779213,0.15586766386748988,-0.819903090832289,-0.379356484260892,-0.2680828734546996,0.728414224766126,-0.7419009606597863,-0.11564374024591964,-0.05504084348370439,0.5525913572539624,-0.7261934857932179,-0.2738105131934758,-0.5723030381551788,-0.367773588896056,0.7203199601363803,1.1257239793217841,0.12157763983569111,-0.44422287893475854,0.36890318826236634,-1.34592113339108,0.9631057107077037,0.5367380600626612,-0.0043436242904902325,0.018838988012416513,0.33089612354526354,-0.4770905537884261,0.13390155067143383,-0.7328201126465168,-0.47911754948838925,0.8346002483560634,-0.3355419333410136,-1.1605117907886842,-0.3903244533516403,0.23489199498654625,0.193042993688721,-0.19491145067272395,0.29028782684408405,0.1763070824860597,-0.2827710453210468,-0.6561131957545153,0.30509550612148917,-0.6454955768927386,0.9999997329076641
1203,35.73258426966292,4.044943820224719,237495.18651685392,0.054550561797752806,0.5955056179775281,0.3273365,0,3,-0.3009603387887641,0.6449755509910112,-0.26680492171227865,0.4789660919550562,-1.1034941200898878,0.5242548441258427,-0.16762135545213486,0.3745364507303371,0.07263124620561798,0.29702886759741576,-0.6191764281797753,-0.6399592835898876,-0.26367761042921345,0.7485816122247191,-0.7117840993483145,-0.42391167391011236,-0.1792818056635955,0.5647406646170786,-0.5244750099146067,-0.18431860521011234,-0.676795351247191,-0.47725329548988765,0.6228468688089888,1.0904040726179776,0.3005018148,-0.42415721392359546,0.07302777808467414,-1.3751452308988763,0.7165251029662921,0.6373807967501124,-0.03485533128,-0.12710100590948314,0.16915373562494382,-0.4014850308966292,-0.11080276868388765,-0.8485473562696629,-0.6015426502022472,0.9049275372382023,0.06695367643213483,-1.129154984186517,-0.5664729949280899,0.40084264460674157,0.21114342226089886,-0.22648917805393257,0.39560903471685394,-0.17736494478058426,-0.49192683861797754,-0.7980926041348314,0.3951309146561798,-0.5503731837460674,0.999999802265462
1209,52.69565217391305,9.782608695652174,284321.82608695654,0.15041304347826087,0.30434782608695654,0.40038207,13,1,-0.349441427826087,0.7079329065217391,-0.45953005391304347,0.31025330565217396,-1.2113237217391306,0.48207939869565214,-0.38436973304347827,0.4145486773913043,-0.15350398782608696,0.11343162400000001,-0.8197394826086957,-0.40088648695652174,-0.2944834034782609,0.7538802217391304,-0.7334395673913043,-0.11085232908695651,-0.04588764068695652,0.5416182652173912,-0.7329627217391305,-0.2527096995652174,-0.5928819743478261,-0.3752284865217391,0.7158045678260869,1.100031204347826,0.12812989321739132,-0.43971628086956527,0.4005020752173913,-1.338164004347826,0.9553647582608695,0.5216831247826087,0.0004958637043478262,-0.019450310221739132,0.34737490782608693,-0.47596401434782604,0.11866397247826087,-0.7127756086956522,-0.48500320826086957,0.8567333556521739,-0.3517540504347826,-1.131088876521739,-0.4082830260869565,0.2494776891304348,0.1861521952173913,-0.21115081826086957,0.3126809091304348,0.16244736891304348,-0.2968624265217391,-0.6458625530434783,0.3105649517391304,-0.6430186721739131,0.999999825000989
1214,56.53488372093023,10.279069767441861,178166.39534883722,0.1589139534883721,0.5116279069767442,0.4084753,6,1,-0.32545543046511627,0.7110614554651163,-0.4281953180232558,0.3373885731744186,-1.1438496972093024,0.45350258391860465,-0.3315992142988372,0.3987236106976744,-0.12428964346802325,0.16725924594651162,-0.7875760808139536,-0.4367389646511628,-0.28802915941860463,0.7061424826744186,-0.7302492447674419,-0.17332201716860465,-0.12381378193953488,0.5619900427906976,-0.6581791141395349,-0.24339142808139533,-0.5997473052325581,-0.40656502558139535,0.7087960180232558,1.1374321156976743,0.14420385506976743,-0.45049949441860465,0.28971374668604655,-1.3378536662790699,0.9221627758139536,0.5730276470930232,0.0024676957833720927,-0.015132327041860464,0.3142803621511628,-0.4487901897209302,0.05760078544383721,-0.7587165361627908,-0.5487946672093024,0.8595670798837209,-0.26049049385813955,-1.1408799597674417,-0.45290760911627903,0.28064336877906976,0.19697143408139534,-0.1865175891395349,0.28957245348837213,0.10771216683255815,-0.2968996034883721,-0.68565186,0.349436684372093,-0.6328040553488372,0.9999998954294433
1217,30.166666666666668,6.071428571428571,171975.04761904763,0.15383214285714286,0.6904761904761905,0.48112306,12,1,-0.36788178726190474,0.8032469119047618,-0.48622532916666666,0.34577041356309524,-1.1568431307142857,0.46169703130952383,-0.33158740730952385,0.45404013023809525,-0.16086972832142857,0.17318716336630952,-0.8046155783333333,-0.3912624010714286,-0.28637628059523806,0.7587071333333333,-0.7725016638095238,-0.15635194624999998,-0.028967306812380952,0.6084793623809523,-0.7136985633333334,-0.26077711845238094,-0.5903903925,-0.38863299583333333,0.7848393755952381,1.1644598020238095,0.1068465617142857,-0.44374525928571423,0.36083482189285715,-1.3653254238095238,0.9446533139285714,0.6113292828571428,0.016810399817142857,-0.01460312994404762,0.3191424422619048,-0.4759672227380952,0.1008932570892857,-0.7711402601190477,-0.5158043201190476,0.8506308765476189,-0.30750388581785715,-1.1677195079761904,-0.4216045454761905,0.2637345573095238,0.20654853872619044,-0.20115267523809527,0.3087980771666667,0.20993465539285716,-0.3464469590476191,-0.6919228603571428,0.3127030463690476,-0.6548448208333333,0.9999998196123613
1219,51.857142857142854,10.142857142857142,766672.5714285715,0.10085714285714287,0.8571428571428571,0.37240383,13,1,-0.37895249857142854,0.7283493771428572,-0.4785049985714286,0.34055009428571426,-1.2541489285714285,0.4901072257142857,-0.37512457,0.41884054285714284,-0.12901914814285714,0.09916263971428571,-0.8141509971428571,-0.4380679585714286,-0.2883070742857143,0.7623719400000001,-0.7597426471428571,-0.06866967014285714,-0.021269573142857146,0.5655385457142857,-0.7783446657142857,-0.2427401642857143,-0.5850944385714286,-0.39462596285714285,0.7370307285714286,1.0927923428571429,0.11594916271428571,-0.4299343042857143,0.4259797857142857,-1.3596734142857143,1.0243653228571428,0.4955261057142857,-0.019245142,0.062392601428571434,0.30511644571428576,-0.47009734714285717,0.19178055142857145,-0.7387544871428571,-0.4728301914285714,0.8478216471428571,-0.35502091714285716,-1.1469450714285716,-0.3784446614285714,0.2527328557142857,0.2347555285714286,-0.2058665257142857,0.32076343,0.18492480642857143,-0.23745722428571428,-0.6644243771428571,0.27110145,-0.6399341228571428,0.9999997468773669
122,48.42191855698278,9.105165345722876,191758.41175184477,0.11504859797758951,0.4979502596337797,0.4357746,1,1,-0.37082163812134133,0.7614483593911998,-0.4508181819205903,0.3220204747657797,-1.1583291201562176,0.447394352938803,-0.3363754832648953,0.4302294130637497,-0.12773649723592595,0.16592417450429217,-0.772799152473572,-0.3912986445328521,-0.2795896653037496,0.7339826751459961,-0.7277459550374419,-0.16462661278170762,-0.04390920908336458,0.5734346350385352,-0.6871735355526101,-0.2556876681934408,-0.5938607301974725,-0.41548260681436455,0.7465259589753485,1.137437395431156,0.1302355223949653,-0.4653338417030883,0.3565838761214643,-1.3348280498239955,0.9354693373579666,0.5487515441382892,0.01332909373409618,-0.01135937970600207,0.30979152901491774,-0.45510958151964476,0.09148745384206614,-0.764075039783766,-0.5099828373148073,0.8591493355932441,-0.2996531392666045,-1.1449897208612188,-0.41103503574752664,0.2741923817093594,0.20461205909711996,-0.2033810946108144,0.31320252079750205,0.1601766651687665,-0.3313247971469636,-0.6717626657342444,0.31765023024437333,-0.641935305488986,0.9999998633023292
1220,39.38775510204081,6.76530612244898,88893.9693877551,0.08857244897959184,0.6122448979591837,0.40235782,0,1,-0.3244967551377551,0.7447958663265306,-0.4028170236122449,0.372076885877551,-1.1524578479591836,0.4569665322448979,-0.2970484265918367,0.4039777179591837,-0.09229517030408163,0.2144597969897959,-0.7489134878571428,-0.46497210708163267,-0.2739828400612245,0.7368215603367346,-0.7246910521428571,-0.2202027850540816,-0.08440181878061226,0.5785118126530612,-0.6567334463265306,-0.25149298000000003,-0.6033859201020408,-0.44130370479591835,0.710435550612245,1.1380456790816327,0.16685369150612245,-0.45900201755102044,0.2723489509285714,-1.3461308902040816,0.8721191335714286,0.5669914464285715,0.009461527573571429,-0.02107588386979592,0.2998472601857143,-0.45671605,0.011996644877551019,-0.7899504494897959,-0.5419857500408164,0.8643620308163265,-0.20762680658877553,-1.163914837755102,-0.4474784598979592,0.3020519967244898,0.21974172332653064,-0.2095958035102041,0.325960009187449,0.07835394517653062,-0.36622714367346937,-0.7262529274489795,0.3665357776530612,-0.6016863196428571,0.9999999457507391
1223,68.41379310344827,13.362818590704647,224868.46026986506,0.19699550224887555,0.5112443778110944,0.42270285,14,1,-0.3563794673913043,0.755327378275862,-0.47195597762458774,0.31930114274887555,-1.193177775802099,0.46143913425787103,-0.3801696419202399,0.4161045511094452,-0.15358046702574213,0.14410713705052472,-0.8126248942128935,-0.37007238386806596,-0.267566165089955,0.7492185152818591,-0.7338820211394302,-0.11456241975003,-0.03235360276349326,0.5549965074812594,-0.7194376238530735,-0.2730689732638681,-0.5729275917091454,-0.3849561773613193,0.7253237154422789,1.109803953125937,0.11790738966251875,-0.4425001515592204,0.38705402114992504,-1.3360934115592202,0.9402076763268366,0.538671935712144,0.0014316921011094455,0.008646622450512745,0.3297308878170914,-0.4705426909445277,0.13186958159910045,-0.7314013403538231,-0.4862936112743628,0.8312919520389804,-0.32925638320389805,-1.1535240120089956,-0.38129866572713644,0.24924289004812591,0.20587945178860567,-0.20241400450524738,0.2945934089434183,0.1773096200587706,-0.288593329874063,-0.656540852233883,0.29540573261769115,-0.6441349788005998,0.9999998894559046
1225,40.97714285714286,8.097142857142858,377404.70857142855,0.153416,0.6914285714285714,0.4128533,14,1,-0.37271859217142855,0.7816966487428572,-0.47775081451428575,0.33702698657142854,-1.1793545564571428,0.4747093519428571,-0.33966528511828575,0.43920865125714287,-0.14444043844514284,0.15459639289257143,-0.7722858966857143,-0.396504692,-0.2827636298857143,0.766609036,-0.7303263946285714,-0.14810568613714284,-0.015755377497714284,0.5658642685142857,-0.7039706868,-0.24566079529914284,-0.5900723049714286,-0.39961244645714283,0.7673266713142857,1.1420612630857143,0.11904123591595428,-0.4493274550857143,0.3796042747085714,-1.3452365788571428,0.9437811150857143,0.5363211266857143,-0.012467589460571428,-0.004628270296571429,0.31054287405714287,-0.45429489028571424,0.11196023637657143,-0.7635789102857143,-0.5012503911428572,0.8279631803428572,-0.321594479748,-1.1730595302285713,-0.3852240483428571,0.2724865716,0.19141633248,-0.2224200672,0.32919039040000003,0.18548676590114285,-0.3276682290857143,-0.6829410651428571,0.32310225645714286,-0.6309246713714286,0.9999997758862597
1227,117.0,23.0,714002.3333333334,0.6571,1.0,0.34262785,1,1,-0.30055317,0.6750981666666668,-0.46462061666666665,0.28194276333333335,-1.2172861333333334,0.47708343999999997,-0.3979163433333333,0.38263592,-0.15735475000000002,0.15490500666666665,-0.8330354,-0.3885391366666667,-0.28597124,0.7388242266666666,-0.7360752133333334,-0.13622763666666668,-0.09223164499999999,0.51836538,-0.7521998333333334,-0.2954583866666667,-0.5680089,-0.3940296266666667,0.69142011,1.1053023333333334,0.13498446333333333,-0.43205188,0.37181865333333336,-1.3837838666666666,0.98759978,0.46978305333333337,0.02115378533333333,0.041052920666666666,0.32681211000000004,-0.4941561233333333,0.18999923333333335,-0.7317496366666667,-0.46383336,0.8507399333333333,-0.3406105033333333,-1.1736782000000001,-0.36651027,0.2104038566666667,0.19920678,-0.18733725999999998,0.2714592433333333,0.15025523999999998,-0.2597019,-0.6445980133333333,0.29034635000000003,-0.6416559466666666,0.9999998117050486
1228,32.0,6.384615384615385,109331.94871794872,0.10247692307692308,0.5384615384615384,0.39481267,0,1,-0.4296870038461539,0.824827383846154,-0.4638309684615385,0.3480550486666667,-1.0818138653846154,0.4624814802564103,-0.3157123835897436,0.43451291082051285,-0.14242577543589743,0.145078627425641,-0.7751343774358974,-0.3568016907179487,-0.30634751025641027,0.7767277433333333,-0.7267869351282051,-0.20793799494871792,-0.08267207033589744,0.5494849264102565,-0.6225965041025641,-0.23956050884615385,-0.6169054035897437,-0.39627813641025644,0.8017880656410257,1.2165169435897436,0.10862918682051283,-0.4348657607692307,0.37564869205128204,-1.3469610205128204,0.9033728107692307,0.6129705097435898,-0.027663033894102566,-0.03632680198974359,0.32601689056410255,-0.42405024179487183,0.04981224514358974,-0.7851818494871795,-0.555655102051282,0.7737943548717948,-0.3074344841025641,-1.1983359223076921,-0.42708188461538465,0.3200790235897436,0.17188830996410256,-0.21365918487179486,0.332371778974359,0.18140271343589745,-0.34807821743589745,-0.7053862153846153,0.3469459482051282,-0.6668408961538461,0.9999998844436438
1231,61.57142857142857,12.428571428571429,263377.28571428574,0.5108714285714285,0.8571428571428571,0.52651894,8,1,-0.3301211857142857,0.7521635314285715,-0.5001573057142857,0.3478096628571428,-1.2402726285714285,0.49774319142857143,-0.42959455999999996,0.4079130585714286,-0.19320920142857143,0.14637369000000003,-0.86023933,-0.36134521428571426,-0.23729826,0.7256522428571428,-0.7415314928571428,-0.09373647414285714,-0.05885305414285714,0.5112758885714286,-0.7233284642857143,-0.28295579285714284,-0.5563782328571428,-0.33847528285714285,0.7342770685714285,1.1376308,0.11026069928571428,-0.41100906,0.4030024914285714,-1.3405680714285713,0.9462128128571428,0.5255496028571428,-0.026831283714285715,0.03929226028571429,0.35291014857142855,-0.4818209342857143,0.16814822714285715,-0.7117290571428571,-0.4818810171428572,0.8067877757142857,-0.36629388714285716,-1.1838686428571428,-0.37423026142857146,0.2223208014285714,0.1875000637142857,-0.19615649,0.3075302357142857,0.1782617157142857,-0.23018986571428574,-0.6344074714285713,0.2997797257142857,-0.6747798728571429,0.9999998532796546
126,52.121442125237195,10.358633776091082,180476.92694497155,0.1045977229601518,0.46110056925996207,0.42414787,1,1,-0.3424628613296964,0.7402200159772296,-0.462487180743833,0.33160393127732446,-1.1881207059297914,0.4644685447874763,-0.3699385574994308,0.4100304788804554,-0.1451698205999051,0.14031564863178367,-0.8039792011480076,-0.4024978655512334,-0.2844292523320683,0.7332014159952561,-0.7274983529127135,-0.11656381802129981,-0.05961088748048387,0.5615226512903226,-0.7197360861480075,-0.2586509275568311,-0.583097140366224,-0.38752623373339656,0.742671881601518,1.1239408231973436,0.12064601576398482,-0.45949185135673626,0.37330509656641364,-1.3510428598861481,0.9652563128747628,0.5243241630740038,0.011356272347713473,0.018737199497912714,0.33990308936793173,-0.4629359388519924,0.1193861823555313,-0.7430915860246678,-0.4986072534724858,0.8466500139184061,-0.3363526248102467,-1.1432729122485767,-0.40444789939658443,0.25576114418472484,0.19011685499051234,-0.20514832554962048,0.29937132371726755,0.17444174658368122,-0.28748185227229606,-0.668627340654649,0.3173915350929791,-0.6490674664800758,0.9999998821803949
127,25.889374090247454,4.700145560407569,79771.18922852984,0.12347365356623,0.6739446870451238,0.39000204,0,1,-0.3666698733580786,0.7382036666521106,-0.3960776482358079,0.3876744208262009,-1.1065720028384278,0.47035927860844245,-0.24934533616608442,0.4060768995050946,-0.08258680611189229,0.21375594815735077,-0.731207704657933,-0.47069601022372637,-0.30697610963173216,0.7419141870596797,-0.7636819493886462,-0.2761459598179185,-0.12650336050593886,0.5721399919213973,-0.5469459388136827,-0.2027613811775837,-0.6278108569432315,-0.4333040217307133,0.7742891926346434,1.186700503624454,0.14854373541988353,-0.4441261303930131,0.2360575685820961,-1.3506743120524018,0.8431690219505096,0.6456156568995634,-0.020173660837117906,-0.08131859496777293,0.26507762143770014,-0.4083298263377001,0.010654395529839886,-0.8060650735225618,-0.6136876060553129,0.8289365513312956,-0.1979080738486172,-1.158658522445415,-0.47495543965938863,0.3452405721994178,0.19334323968820963,-0.22264494182096067,0.3485638777874818,0.0708306815175109,-0.3901748394468704,-0.7295222062008734,0.4043996698151383,-0.6289850131935953,0.999999899178966
129,32.689005235602096,6.513089005235602,46710.709947643976,0.1344640837696335,0.7602094240837697,0.4960627,14,1,-0.37062790293717274,0.797467867486911,-0.48581653018837695,0.33105911761256546,-1.1881524207015708,0.4667356780931937,-0.34118972973926703,0.44916178794764394,-0.15797333442146597,0.19196574495591623,-0.7994572197591623,-0.3708867375921466,-0.27683831085654453,0.7554098962931938,-0.767543116356021,-0.16482160920656544,-0.018778072143780106,0.5837243740628272,-0.6800560179057592,-0.2546940601071204,-0.5911706223350786,-0.3770426329842932,0.7921832532984293,1.1785246959267015,0.10315309733616754,-0.446702417947644,0.36157416330000003,-1.3545884828272252,0.9317314007120419,0.5820088012251309,-0.017092601189109945,-0.009520379483434555,0.32161598496837696,-0.48740261431832466,0.09315692916394763,-0.7759724913193717,-0.5051738656753927,0.8055540261570682,-0.3141525181513089,-1.191024337486911,-0.38422365134031417,0.26120553184921463,0.19199650557518325,-0.21506964925057592,0.3053362807937173,0.19487137013612568,-0.3582899569424084,-0.6590870138848167,0.34312290677696333,-0.6583877874554973,0.9999999970389615
132,125.51115618661258,22.772819472616632,18269.19472616633,0.2926959432048682,0.4827586206896552,0.35158762,1,1,-0.29262773204868153,0.6877802954482759,-0.4265241632900609,0.3651239937809331,-1.1864334092292088,0.4677804544219067,-0.3665261341643002,0.3660745354645031,-0.09898513035112373,0.1604216374036511,-0.7937504239756593,-0.4526684560872211,-0.2598481941703854,0.7101557546855983,-0.705749131643002,-0.14711379303002028,-0.12240345156977687,0.5349344134482759,-0.7025570180953347,-0.26419995836511156,-0.5946940489168357,-0.3870563861257606,0.6802106492292088,1.0915421820486815,0.16457537911866127,-0.4405842934888438,0.31093443584787017,-1.3481644978093306,0.9292157864097363,0.5150977004056795,0.0004899654215821502,0.018982337799405682,0.3065182232474645,-0.4463704965314402,0.097485752368357,-0.7368907643813387,-0.5093930094117647,0.854500955902637,-0.2668450232811359,-1.1270722906288033,-0.42638957580527387,0.2610243939006085,0.19300234438539554,-0.19278395594929007,0.3016162645375254,0.07184678685955374,-0.2684037837565923,-0.680907467525355,0.3111098203955375,-0.6393871792697768,0.9999807456840859
134,24.395749301892646,5.090753955941669,588597.5200124108,0.14428766677008997,0.7975488675147379,0.48649484,0,1,-0.39097966325798944,0.8105744558443531,-0.47478746335002325,0.33467956752717964,-1.1396711572560503,0.4550585635217189,-0.34047132968420196,0.44687436137247905,-0.1485489923208067,0.15423294236099472,-0.7789323384238288,-0.36773082489119613,-0.28629119406329506,0.7622024297049333,-0.7494712869531492,-0.17008483684005896,-0.02065278447913591,0.5796817017669873,-0.6625664726101458,-0.24708779935830283,-0.6008644106290724,-0.40089960576799566,0.7897547204629227,1.1670651435909092,0.09900748393439436,-0.45291578069500465,0.37551790511870153,-1.33685599558641,0.9131004574635433,0.604030171981539,-0.0008444655463309024,-0.027086092194139308,0.31419886699955785,-0.4427806986799565,0.09725364481488404,-0.7640081090490226,-0.5251907939658703,0.812637570282811,-0.3155063800935377,-1.1774819045088427,-0.41318278807167236,0.28956019892473006,0.19555990874766366,-0.2130149085879243,0.31863709751037855,0.20554483448119765,-0.3401655608732548,-0.6797135862187403,0.33110391706376047,-0.6629059407733477,0.999999727722349
135,50.49647887323944,9.580985915492958,598941.764084507,0.1713693661971831,0.6232394366197183,0.40052167,1,1,-0.35069019752816905,0.7546957648239436,-0.45379509178873245,0.33639079029084507,-1.1632616294014084,0.4461565772605634,-0.3358764198239437,0.4148118806830986,-0.11893692797433097,0.17273934804330984,-0.7797115958450704,-0.4146353912535211,-0.2969101964084507,0.722843381830986,-0.7313629815140845,-0.1803417015306338,-0.06197994997394366,0.5779212695774648,-0.6633797383450705,-0.24085584962676054,-0.6194155611197183,-0.4125505190140845,0.7656838002464789,1.1546411561619718,0.11694535276302817,-0.45251674591549296,0.3424704176725352,-1.3210638320422534,0.9096140128169014,0.5808629141549296,0.007037782302746479,-0.023505489993028168,0.32107440211971827,-0.4581249774084507,0.06140775146443662,-0.757929312971831,-0.5437198472183099,0.8357453504387324,-0.2982338134225352,-1.1565926673239437,-0.43258982780633803,0.2802368602359155,0.18994517554084506,-0.19537545805352113,0.31105572452640845,0.14467912770422536,-0.331325367556338,-0.6738891586267606,0.3461725151901408,-0.6524062269718309,0.9999997587963201
138,66.08536585365853,13.452743902439025,97361.72408536586,0.1375548780487805,0.375,0.37345576,13,1,-0.3216850707560976,0.7360513158231707,-0.47389042533536585,0.3598370084237805,-1.206613120640244,0.47447435989634146,-0.37459643161783535,0.3981463434603658,-0.13989613482692073,0.1555434511522866,-0.8085485293292684,-0.4294286568140244,-0.2823664293993903,0.7160868733993903,-0.7220104799085366,-0.11183359519652439,-0.07724096177708842,0.5648150513262196,-0.7393427272256097,-0.2670230408292683,-0.5845553370884146,-0.37875813696646343,0.7281155014024391,1.1285406235518292,0.13394796889344512,-0.4607351605487805,0.3600990618094512,-1.3607837025914633,0.9749010404573171,0.5133490857926829,0.0030271219616310975,0.048830338536836895,0.35877326134298776,-0.48102654283536583,0.10753735554921341,-0.7503628552286585,-0.49300518539634147,0.8451640932012194,-0.32908115738414634,-1.1513076295884146,-0.4101337398780488,0.24332224573323172,0.18397340344908536,-0.19840262540624998,0.2850217267606707,0.14959193066189025,-0.27905104464939023,-0.685367140152439,0.31169883119512193,-0.6442577337347561,0.9999999960740198
14,66.28205128205128,13.333333333333334,133033.1623931624,0.28444017094017093,0.5213675213675214,0.3883813,1,1,-0.3215047239316239,0.7291097211111112,-0.4723211593162393,0.32697402230769235,-1.1752616687179487,0.45243305965811964,-0.3642846350854701,0.393784932051282,-0.1318517896068376,0.13656646468632477,-0.8030898045299145,-0.39721618367521366,-0.2866749788034188,0.7186174799999999,-0.7328490594017094,-0.11516167262393162,-0.06978078922051283,0.5533714103418803,-0.7037444014529914,-0.26178002776068376,-0.5692594347863248,-0.35684286119658115,0.7282163131623931,1.1140846595726495,0.12005731349914531,-0.44341152837606834,0.34488177068376064,-1.355119887094017,0.9483606090598291,0.5354619301709401,-0.011919107504273503,0.042348681057863255,0.3316330885213675,-0.4540179798290598,0.11769212089059829,-0.7341599792307691,-0.5013414988034188,0.805970282991453,-0.3230247870427351,-1.1237475786324786,-0.3750170566666666,0.24095635717948716,0.18572322315384615,-0.19926259572649574,0.2872962238461539,0.15133593621367522,-0.28389597410256406,-0.6660219832478632,0.31358152,-0.6419517157264958,0.9999999630379653
144,18.842227378190255,3.7761020881670535,29751.527842227377,0.19468120649651974,0.6612529002320185,0.45969376,0,1,-0.4117771742088167,0.8592620072621809,-0.48080943905336426,0.28814358433944315,-1.0522944876682134,0.45589697862877027,-0.2850289997807425,0.4524725893271461,-0.12481017393743621,0.19724162189280742,-0.7540120948723897,-0.32093323018561487,-0.3212458656162413,0.7861830571925754,-0.7483147840255221,-0.22661992974474246,-0.028300208615928076,0.5804056208016242,-0.5884324878051044,-0.2134962985800464,-0.6062470562900232,-0.39129625426914155,0.8334792852900231,1.2193783046171693,0.08810377753027841,-0.43133397237436194,0.3812375682900232,-1.3445062934060326,0.8995476364965197,0.6419242307563805,-0.04673125380151972,-0.08127640527412992,0.2847934353045244,-0.40571027704373547,0.05240848228852668,-0.7834949940603247,-0.5561630082424595,0.7494642492368909,-0.30406881678271463,-1.2204125930394434,-0.40666479124709976,0.32911846069837586,0.16333502981582365,-0.23991562059037125,0.36206377064385153,0.20293167955208816,-0.39221049578689093,-0.6597786390487239,0.36244127965893275,-0.6676683507099768,0.9999999871584444
145,77.32783505154639,15.269072164948454,48351.62474226804,0.21805701030927835,0.7752577319587629,0.39029956,1,1,-0.31246439957525773,0.7160750390103093,-0.4600237936350515,0.338645292243299,-1.1761208972474226,0.4572682231103093,-0.37043515265649485,0.38583947785567013,-0.14467887619968658,0.13360136160716496,-0.8211025837525773,-0.42994529048092783,-0.26904137734020617,0.7130797511958763,-0.7221004077319587,-0.11565500738690722,-0.11806914336927835,0.5380096457835052,-0.7192601967525774,-0.26147704525680415,-0.5957495009453608,-0.38240093732948455,0.7232247223257732,1.1220304665567011,0.13400761055350516,-0.4323942610412371,0.3404633716391753,-1.3526251848453608,0.9666662617113403,0.5160169907938144,-0.002658871664958763,0.03833057347517526,0.3209532457845361,-0.45403692434226806,0.10400850039649484,-0.7251648139690722,-0.5122978537731959,0.8538426905773195,-0.312107143216701,-1.1270536247195875,-0.40986473316288663,0.24780730431835052,0.19555853633288658,-0.19436004310216495,0.2858196024268041,0.13397873703451546,-0.25317782397216493,-0.6718893757113402,0.3295190764474227,-0.6613262970824743,0.9999996369157081
149,28.235521235521237,5.527027027027027,12989.216216216217,0.20039517374517374,0.6525096525096525,0.48377168,5,1,-0.375304283457529,0.7896442232625482,-0.47431925273359077,0.3190047648003861,-1.1217511945173744,0.4532378211814672,-0.32513442384054053,0.4329307862548263,-0.13229310748232237,0.15775944630857142,-0.7773584245752896,-0.3722843122586873,-0.3077466984555985,0.7480975173938225,-0.7437920292277992,-0.1763532070272201,-0.0438086468742278,0.5812028423359074,-0.6491908211660232,-0.23452795881081082,-0.5986096697046333,-0.39008309690019305,0.7796355568416988,1.1756659257528956,0.09741813780752896,-0.4511016936293436,0.36105513698069497,-1.3360942671814673,0.9355862356949807,0.6072662126254826,-0.009915665117839768,-0.032049184352442084,0.3058515867972973,-0.432517256007722,0.09089799479629344,-0.7653679175675676,-0.5381994028841698,0.8018141436972973,-0.3224045459469112,-1.1763299006756756,-0.40922439356177603,0.290249921988417,0.18312521028750967,-0.2135613060241313,0.3290034533494209,0.18596633754826256,-0.3324370672810811,-0.6720293317374517,0.34273432886100386,-0.6427008667760619,0.9999989330472967
15,41.26851549755302,7.636867862969005,1891444.2577487766,0.09620381729200654,0.5895595432300164,0.41416642,8,1,-0.3500546211008385,0.7636570200381729,-0.4478262146712887,0.35160684221526917,-1.1606335222349102,0.4668338028218597,-0.33581411532232297,0.42213320163076673,-0.13886478202065577,0.17646212904259706,-0.7872703600783034,-0.42044529820815657,-0.27479184075693314,0.7234348734681891,-0.7375543258205546,-0.17812486449206003,-0.08928485905658565,0.5518194743057097,-0.6282666037895596,-0.22722573520786296,-0.6166991978760196,-0.40167380024450244,0.7677422623295269,1.1667636213409462,0.13225746532063296,-0.4382597074189233,0.32197054961549754,-1.322287123295269,0.9044383631671126,0.5913488209494291,-0.02247749917308483,-0.03536602666291243,0.3113121835071778,-0.4458160224831974,0.05049391491206525,-0.7606483745823817,-0.5663625345872757,0.8255220280639478,-0.2711022103181403,-1.1715878946003264,-0.4455528865898858,0.2872857385846656,0.1681006868421305,-0.19808080519533441,0.30801003395399673,0.13381790710963132,-0.3178764661750408,-0.6794135516835237,0.36450468481892334,-0.669611735601305,0.9999997124559128
150,30.56050955414013,6.076433121019108,63497.702760084925,0.035191295116772825,0.4012738853503185,0.42231938,6,1,-0.385957303566879,0.7851139896602973,-0.458049735003397,0.3630927770403397,-1.155160139745223,0.4528798500870488,-0.31651776861592357,0.44509392893842886,-0.12479170442250531,0.17278650264288747,-0.7549926743736731,-0.4134994436250531,-0.3035456292751592,0.7424396056900212,-0.732130556433121,-0.17326435979341825,-0.03590285742904458,0.6062547569532908,-0.6920820426751593,-0.24544723175265393,-0.6109424525477707,-0.42343668888747343,0.7769358946921444,1.1638576447133757,0.12708344717057324,-0.48910536626326967,0.3537914804110403,-1.3360016807643311,0.9361126491719746,0.5780099697452229,0.025192866196050955,-0.01665967894229299,0.3324772193299363,-0.461184307029724,0.06385894941549894,-0.7949439471762209,-0.5268079824840765,0.8532410299087049,-0.3033528531104034,-1.159123599808917,-0.44303478653927814,0.2865029554564756,0.19280388759639064,-0.19702669718131635,0.3175999231677282,0.1847482811838641,-0.36204397260084925,-0.717113821104034,0.3334651937821656,-0.6297679072186836,0.9999999583183575
151,39.76623376623377,7.888682745825603,37937.3599257885,0.16858534322820035,0.5343228200371057,0.38625464,0,1,-0.36656688482374766,0.7718676869202227,-0.4503511242597403,0.3112908390929499,-1.1302771879406308,0.4383554652226345,-0.3405081260188126,0.42067719231910944,-0.1193770830064935,0.15014236227786643,-0.7640564599257885,-0.3716235127003711,-0.2967937730612245,0.7214534587940631,-0.7173146315584416,-0.15497690911057513,-0.046161323169202226,0.5586640879777366,-0.6565522052467533,-0.23888462753079776,-0.5803943661725417,-0.3951376208701299,0.7558788253617811,1.1424799510630799,0.10406708854313544,-0.4611953727829314,0.35480881183673474,-1.3277671375139146,0.9300741940074212,0.5660979219666048,0.0008164367516539895,0.0021762556961122457,0.3176573920948052,-0.4362544468641929,0.08665508363858998,-0.7466241038961039,-0.5110111584638218,0.8100310256586272,-0.307306153322449,-1.1411141145269017,-0.4033593287447124,0.27866802031688315,0.1739121190393321,-0.19944426466419296,0.31365009393135435,0.18311117344866418,-0.3098107127625232,-0.6640953505565863,0.3374817297035251,-0.6410537947717996,0.9999999564032208
155,52.18989280245023,9.66615620214395,351048.1730474732,0.09045758039816233,0.44869831546707506,0.42171025,11,1,-0.3233069421745789,0.7159638807963247,-0.44325533336294026,0.3660689842588055,-1.1742124626646249,0.47580223348392037,-0.31791949155267996,0.40481991314701377,-0.11789975072,0.18439784656079633,-0.774634045022971,-0.4512748600199081,-0.2767908214287902,0.7134394968912711,-0.7431386356049005,-0.18664027779137826,-0.1018583023387902,0.5603039505513017,-0.6589440672924962,-0.24049241505513017,-0.600886654762634,-0.3842676607335375,0.7256256143506892,1.140107006906585,0.15631292681148545,-0.44125095811638587,0.28495668075926495,-1.351355885451761,0.9104326579326187,0.5753665365696784,-0.01508474394007657,-0.005879517169984686,0.30525218462940273,-0.4580273875436447,0.059205750487779485,-0.7570392715084227,-0.5370831296830015,0.8367691723445636,-0.2578250413656968,-1.1470073103062788,-0.43518877391883615,0.2711423230245023,0.1906892732809801,-0.19476896517764164,0.299831356824196,0.09294322134759572,-0.3281509453430322,-0.6916921236493109,0.34463768006202145,-0.6338495627120979,0.9999998021771493
156,62.49781659388646,10.48471615720524,111168.15720524018,0.2924545851528384,0.7205240174672489,0.3808367,0,0,-0.27342249445414846,0.6839032409606988,-0.38667447515851533,0.3922784516157205,-1.1244255282532751,0.4992612486026201,-0.29810400391179037,0.40714770598253275,-0.05819629046899563,0.24479481981659387,-0.7472224900436681,-0.48705064030567685,-0.2487764017886463,0.697292442489083,-0.6964241099563319,-0.2485419302183406,-0.151130877310131,0.5609198317467249,-0.6564907984541485,-0.2513519823231441,-0.612824529441048,-0.4208344804803494,0.6792425109170306,1.1101633713537118,0.20095023442183405,-0.4451292120524018,0.21972541156113537,-1.3652935043668124,0.8729635590393013,0.5687176975545851,0.01698785783868996,-0.03928102338279476,0.25634018838427947,-0.4369944482445415,0.03636205373231441,-0.7988069813537118,-0.5192794545414847,0.897538879956332,-0.15577531689082968,-1.170132463973799,-0.48819240851528384,0.30318920375545855,0.20757562195764193,-0.19831819955895197,0.3378436454148472,0.030397368510917032,-0.3372548302620087,-0.7172214668995633,0.35200071157205237,-0.5973933349039301,0.9999999780414173
161,47.0,10.0,8974.0,0.5859,0.0,0.2706077,6,1,-0.29760927,0.68376255,-0.56669,0.28564066,-1.2667569,0.4663978,-0.46082222,0.37602773,-0.22780944,0.1342188,-0.87085706,-0.29026234,-0.26733965,0.71039987,-0.7631428,0.029788693,0.02976483,0.54045403,-0.73363274,-0.29072288,-0.5055576,-0.26374975,0.7308136,0.996559,0.04421107,-0.41760537,0.36644277,-1.3329401,0.9332138,0.5268275,-0.018986106,0.12496618,0.41077018,-0.5059133,0.25793737,-0.65744686,-0.4399652,0.6998709,-0.38933802,-1.0665936,-0.30065006,0.10919485,0.13218223,-0.13763492,0.16548128,0.26200137,-0.20997527,-0.593818,0.25487515,-0.6905455,0.9999894529203852
167,29.59404600811908,6.041948579161028,33991.94587280108,0.10964654939106902,0.4519621109607578,0.43702507,11,1,-0.3777624417848444,0.7958505251691476,-0.4873422642976996,0.3242218700400541,-1.1538267967117728,0.461008134917456,-0.31768501288227335,0.44687164832205684,-0.12230354163504736,0.19415041411840325,-0.7699254772665765,-0.3783160207036536,-0.3057595783748308,0.7444445973207036,-0.7469751216508795,-0.1829890509755751,-0.012295324170433018,0.6097921166441136,-0.68181846502977,-0.2511327501745602,-0.6049675529093369,-0.38942267979025713,0.7827672384032476,1.1668203750067658,0.11530562310635994,-0.46610771036535864,0.366395128376184,-1.3497485355615697,0.9275512337483086,0.5867698847861975,-0.005314488259066306,-0.024797632262648178,0.3265153271889039,-0.4703150453071719,0.07399152140994587,-0.7839360813667118,-0.5062827346278754,0.8245764055047362,-0.31494118075262517,-1.1686187796211096,-0.40175152628146144,0.27773406199052775,0.19161140175805141,-0.22280619951853858,0.3192171069296347,0.17828930137943166,-0.389451167270636,-0.6711748893017592,0.3213118560866035,-0.6391303555074426,0.9999999913603517
168,31.734011627906977,6.357558139534884,751864.1380813953,-0.028477616279069754,0.8604651162790697,0.52359164,4,1,-0.4007689952892442,0.8004821601598837,-0.48500482800581396,0.2636454695494186,-1.1994286560174419,0.45037705091715113,-0.3653214846613372,0.43421736913808145,-0.15313372443444767,0.16527025025363373,-0.7960663939970931,-0.34536681742732556,-0.29974099826308137,0.7257962116715116,-0.7215193915116279,-0.1134103236261628,0.021997295699215113,0.5951379183284884,-0.6323859126162791,-0.2108627430406977,-0.6218374285901163,-0.43373788334302327,0.873097456875,1.1471551810755813,0.07085557991787791,-0.47130605111918605,0.44300863319186046,-1.2932530712936048,0.9137927960610465,0.5399769410901163,0.00035229644766714987,-0.027180992717383726,0.3446228375537791,-0.45340643902616273,0.1049043409636628,-0.7323891683866279,-0.5723994397383722,0.8150873835174419,-0.36896435180363374,-1.1491824782180233,-0.3654977910116279,0.2790459205755814,0.1808410665116279,-0.23476177956976746,0.2892441815767442,0.2315244134985465,-0.32235930426220927,-0.592622650247093,0.3660260411540698,-0.7229544219476745,0.9999997281763239
169,41.0990099009901,8.158415841584159,23920.425742574258,0.23621782178217823,0.6534653465346535,0.43335184,8,1,-0.351532467,0.7690528607920792,-0.4634739528514852,0.3298076984950495,-1.140900324009901,0.4677496013168317,-0.31759067208910896,0.4372646753465346,-0.11857978674356436,0.19980093144554456,-0.7661626927722772,-0.3946944530792079,-0.28266052262376234,0.7485915625742574,-0.7407393253465347,-0.19151465367920792,-0.04763267006079208,0.5768009883168317,-0.6647253085241583,-0.23532141910495047,-0.6019646417821782,-0.38835093878217825,0.7647900245940594,1.1595503693069307,0.12202772733029703,-0.4447866481188119,0.32944152,-1.3479583485148516,0.9324737872277228,0.5847316899009901,-0.01638860907128713,-0.0302554727,0.2815247248811881,-0.4523330098019802,0.08419286196039603,-0.7816066588118812,-0.5118756494059407,0.8132383862970297,-0.27437720994257425,-1.1870852207920792,-0.4171421992079208,0.27826135193069307,0.18249017516831684,-0.2063600564851485,0.3260240701980198,0.15458531485148516,-0.3436286063366337,-0.6650789445544555,0.34829408366336634,-0.6387281078217821,0.9999995193558504
172,38.13940092165899,6.201036866359447,378433.82776497694,0.2578527649769585,0.6347926267281107,0.4617028,4,1,-0.32068257301742514,0.7175741841013825,-0.422472687377536,0.3720502604786866,-1.1475406894902074,0.458673816906538,-0.2937020922378456,0.4153629739228111,-0.08257478755579435,0.20554505141907486,-0.7375157257684332,-0.47488905560864053,-0.28020031340115203,0.7286181678125,-0.7203573962586406,-0.2258999210451584,-0.09486117458685253,0.5735469039314516,-0.633948973055674,-0.2242520357766129,-0.6313008100262096,-0.4140898643784562,0.7292529241198157,1.1337507197926266,0.15958507326351096,-0.4456938639913594,0.24574065411292625,-1.3248416600374424,0.8827545598675115,0.590087780826613,-0.01359470345841849,-0.05671081009990956,0.268607805365288,-0.4390367515014401,0.03243987592201037,-0.7936529908957374,-0.5615130141324884,0.8414127747937789,-0.20256090051809333,-1.153622808108295,-0.4573717194076901,0.29427376582707376,0.17131420842137096,-0.1938835517030933,0.319951900934303,0.07150203801195103,-0.3590614330954551,-0.710488616702189,0.3645320541865207,-0.6131667778559908,0.9999997701188265
173,58.056133056133056,11.484407484407484,143314.6923076923,0.3384205821205821,0.6902286902286903,0.45162037,14,1,-0.33361830126278585,0.7421830072557173,-0.4810138658045738,0.31186377794386694,-1.2171801427858628,0.4623109274449065,-0.3975946273139293,0.41610130605405404,-0.16076892858509356,0.14442455872723492,-0.8171692861746361,-0.3667615555945946,-0.2665382504781705,0.7237394993679834,-0.7438109894178795,-0.09920700777941789,-0.03107871168738046,0.5429066378586278,-0.7156874821725572,-0.26330454792099794,-0.5660448154261954,-0.3615463182681913,0.7362256671760915,1.110627776097713,0.10489994324137215,-0.4443769804802495,0.3813100407305613,-1.3339244817671516,0.9541402252806652,0.5276019342619542,-0.0068285400942952185,0.022544949926528064,0.3242643873991684,-0.4747330772141372,0.15586889097276507,-0.7195358914927235,-0.4727489483014553,0.825292576012474,-0.3423156957422037,-1.1384563459875259,-0.36580070476091475,0.22764937911850314,0.18364177473762994,-0.1986824718898129,0.2934496532762994,0.19694610018295217,-0.27185426405613305,-0.6305519946985447,0.3128417363201663,-0.6537127561829522,0.999999932708024
174,32.79255319148936,6.039893617021277,24423.239361702126,0.16540478723404256,0.6143617021276596,0.4426575,0,1,-0.37966077584920216,0.7842473555851064,-0.4730036611781915,0.31256783461755316,-1.1408843719680852,0.4517518547074468,-0.3094408869723404,0.47288804026595743,-0.14471650553138296,0.18171872371728723,-0.7649109719414894,-0.39210027625159577,-0.27267398652659575,0.7450836956117022,-0.7429203993085107,-0.20450705165638297,-0.031508212999547876,0.5870739999202128,-0.6554242345478724,-0.24070151543085105,-0.6216692930585106,-0.4244043183164894,0.7910625089521276,1.1694796535638297,0.1199827940570266,-0.44506918553191493,0.3250812222377394,-1.327767222101064,0.913734199601064,0.5917436766223404,-0.0020658881009042547,-0.04935107994710106,0.27327960972180854,-0.4518199471888298,0.08006854489281914,-0.7845908995478723,-0.5409369420797872,0.8561513302925532,-0.27350886591223406,-1.1755167330851064,-0.4079398723617021,0.2828893989787234,0.2044008189787234,-0.21031900509042556,0.3149305642712766,0.1776258477781915,-0.368941242981383,-0.6749784597074467,0.34966650716648934,-0.6454561535638298,0.9999998211707292
175,32.54096638655462,6.493697478991597,24343.985294117647,0.13163858543417367,0.5896358543417367,0.4576724,14,1,-0.36232562938620444,0.7663498754096639,-0.46686058277783615,0.33291033862358194,-1.1580678831481093,0.45163748570252105,-0.33526167799611556,0.436133833002451,-0.13535672523581932,0.16520090833934872,-0.7763779034814426,-0.39688782359961483,-0.28588381598760504,0.735467560125,-0.7355032490721288,-0.1607808430715126,-0.045288593742813375,0.5772654994782913,-0.6883813115840336,-0.2518585401560574,-0.5974324796137955,-0.40293346722430673,0.7600074420483193,1.147733087062325,0.12180472160870799,-0.4604670058158264,0.3494345774533613,-1.3366200912605042,0.9390672608193277,0.5631052254166666,0.0045548407084329825,-0.010757575486619398,0.3127680129904412,-0.45407502172128855,0.09379981019693279,-0.7687621401575631,-0.5159975637643557,0.8412146659773109,-0.3072227429419468,-1.157372132447479,-0.41137452892366944,0.2702661510966737,0.1957623278845588,-0.2022889537390756,0.3122910140702731,0.17285227917878151,-0.3298788131011905,-0.6827018814565826,0.3274150557834874,-0.6389603015112044,0.999999822330472
176,33.157407407407405,6.7407407407407405,322985.75925925927,0.03749351851851852,0.5092592592592593,0.44718254,11,1,-0.3766930248148148,0.7686672747222223,-0.49913677204444445,0.2885414674181482,-1.1655081753703704,0.4666939533796296,-0.3293611684351852,0.4644630607435185,-0.1568341101212963,0.16472356672685184,-0.790309825462963,-0.3597579478974074,-0.30485702842592594,0.7326395733333334,-0.7498912503703704,-0.12347017151444445,-0.028380596111296293,0.5790485933333334,-0.7010009649629629,-0.23505543782407406,-0.5823527031481481,-0.38349475666666666,0.7885848767592593,1.1534543928703702,0.09654968628518519,-0.4424739661111111,0.3739706850925926,-1.3419331227777778,0.9817836718518519,0.550627238175926,-0.015342233823148147,0.006714911733333333,0.31520328851851853,-0.4703872937037037,0.11353530282962963,-0.7601677926388889,-0.4927189326851852,0.8193268465740742,-0.33936307874074073,-1.1680230921296295,-0.3918544862962963,0.2528096345462963,0.19071310499074073,-0.19198090125,0.3133969815740741,0.24164960575925926,-0.3239318482453704,-0.6580467574074075,0.33785185407407403,-0.6337440492592592,0.9999997719770227
178,43.394805194805194,8.49090909090909,130729.41558441559,0.1267205194805195,0.535064935064935,0.4124701,12,1,-0.33321554348051946,0.7230401754285715,-0.45310032674571427,0.3534612098883117,-1.1787272900779222,0.46525205361038957,-0.356930594992987,0.4145475935324675,-0.1397762458631948,0.1574945530935065,-0.804512040987013,-0.421832149451948,-0.2796473838961039,0.7264232304415584,-0.7372484622597403,-0.1624316409251948,-0.10051618347137663,0.5536451772467533,-0.6987550036961039,-0.26277421483792207,-0.5974286555064935,-0.3834616313454546,0.7330229851428571,1.1499470611688312,0.12979140918207793,-0.4447284951688312,0.3211265906101299,-1.3513054216623377,0.9434820711948052,0.5565478616103896,0.004869944293714287,-0.0008598117131636369,0.3232103094,-0.46786702137662334,0.10140353116792208,-0.7637976375324677,-0.5142637528831169,0.8466802363896103,-0.3007194903818182,-1.1591579771688312,-0.4247567496883117,0.2602167288961039,0.1866400291116883,-0.19204434544727275,0.3025412516727273,0.14400547118155846,-0.3008620859480519,-0.6869540765714286,0.3338779172207792,-0.6362101719522077,0.9999999026655892
18,82.0,15.2,54450.4,-0.01130000000000001,0.2,0.34062618,1,1,-0.264455214,0.746015514,-0.476882138,0.35356826999999996,-1.22302206,0.4650063380000001,-0.420083362,0.39332579599999995,-0.14877548680000002,0.190435734,-0.843916922,-0.42187493400000003,-0.21994116200000002,0.696720644,-0.751319732,-0.14895302400000002,-0.09820680479999999,0.5232556020000001,-0.713138892,-0.29652165199999997,-0.59852992,-0.386982016,0.714604338,1.1256695799999998,0.1476798494,-0.413493212,0.347278282,-1.34338538,0.913716232,0.528643192,-0.012807605472,0.021865143800000004,0.30971932,-0.46412405999999995,0.1375472196,-0.72822715,-0.504195362,0.8663190719999999,-0.292596221,-1.1795418,-0.423051932,0.23410281400000002,0.204490376,-0.19370083,0.29962300399999997,0.10389719,-0.257068022,-0.651160308,0.291504684,-0.71189532,0.9999997163884881
180,50.279960707269154,9.718074656188605,57696.02357563851,0.3000611984282908,0.6650294695481336,0.4193762,11,1,-0.33401099040078586,0.742180723789784,-0.45762310763163067,0.3443750245749509,-1.1917467611591357,0.45397273564145385,-0.37161714557308445,0.4081701056777996,-0.14845204695695483,0.1413735785702947,-0.8053349667387034,-0.4120354527805501,-0.2620242967740668,0.7368579873870335,-0.7289015881237721,-0.13473443700622792,-0.06714387810952849,0.5455626789685658,-0.6965447436994106,-0.26255317088015717,-0.5899913067092338,-0.3906061450098232,0.7390359310019646,1.1269458941846757,0.12008820961777995,-0.4417111858644401,0.34396157743752453,-1.3357008360510805,0.9322941599214145,0.536050090265226,-0.0017883073843064836,0.00403594819367554,0.31727979223035363,-0.45427672312180745,0.11380313395015716,-0.7445100580058939,-0.5171465014390962,0.8400258910163065,-0.3113358964051768,-1.1481298694499018,-0.3937427093123772,0.2599561116532417,0.1916184812524558,-0.20751750433889982,0.30033065541453835,0.14987138774302552,-0.2848690171709234,-0.6735071516797642,0.3257239933188605,-0.649030796265226,0.9999999938434585
183,69.69001843560706,13.078746378720043,313557.7023966289,0.22712388727943114,0.6660521464313932,0.4242269,12,1,-0.31336083245957336,0.7278328654753753,-0.4469344017502634,0.3482216846164077,-1.1914165901580196,0.4751125262091125,-0.37169453533552804,0.40369737320963917,-0.1214843053317751,0.16436467405996577,-0.806184452981301,-0.42402317267974715,-0.26190169478245984,0.7167274797260995,-0.7215165959520674,-0.1452709125390898,-0.0817780500596866,0.551328849073479,-0.7036823254574665,-0.2592551355323413,-0.5971898343471161,-0.37647187351593364,0.7315925198899131,1.120427814537793,0.13493840422955228,-0.44307348325520146,0.33669488577929946,-1.3506091622970766,0.9342712759204636,0.5458738900316038,0.005057416637101132,0.010180989393412167,0.3178202999655781,-0.4689533709989466,0.10167274084523044,-0.738685347426916,-0.4957940884890703,0.8456783534848564,-0.28877030715820384,-1.1495130443718726,-0.40927318524756384,0.2562975481801949,0.1809641607722473,-0.207509544394443,0.2989495673929418,0.13269137631131656,-0.2916523639204635,-0.6599408274205952,0.3332802235957335,-0.6492387007769291,0.9999998464625284
184,45.30760986066452,7.847802786709539,26795.58735262594,0.06298113612004287,0.41693461950696675,0.41852507,11,1,-0.3435078216977492,0.7290355768617364,-0.4253494974787503,0.36085219519292605,-1.1549587916934618,0.45542318522400854,-0.2979928145834941,0.4195749120471597,-0.08197807676055734,0.20158320739458735,-0.7385193982529474,-0.4528838383821007,-0.288348775954448,0.7308569406066452,-0.7313147031296892,-0.21376952836452304,-0.07584521519206323,0.5837650116505895,-0.6604569377403001,-0.23382020427224007,-0.6236979499571275,-0.42327750309110396,0.724205338778135,1.1312653457620578,0.16343621805670416,-0.461062211869239,0.2917238217157556,-1.3295403642229366,0.9013561896570204,0.5748179376956055,-0.0011223566353483387,-0.0450513066362701,0.2811097507409432,-0.44899676602572347,0.0406284762829582,-0.7871571045551983,-0.5355365604689174,0.8602676774812433,-0.23240157201079314,-1.1474009899142552,-0.4600238805841372,0.29374015687245447,0.19737877370322615,-0.19139400688660235,0.3264095470966774,0.09042389297877813,-0.36728168603215433,-0.7023341050803859,0.3356235759533762,-0.621886903829582,0.9999995559094067
185,54.641891891891895,10.837837837837839,660151.4527027027,0.1433972972972973,0.5067567567567568,0.4472832,11,1,-0.37182696608108107,0.7837206493918919,-0.4861510715270271,0.31619004650000004,-1.1705981231081082,0.4887799039189189,-0.3473158285135135,0.44322925182432427,-0.1633922056385135,0.16825596258108108,-0.8091298581081081,-0.3597914275,-0.29493675101351347,0.7499252126486486,-0.7623589782432433,-0.14173346418243243,-0.034533366616891895,0.5700308544594594,-0.6895879067567567,-0.24867179655405405,-0.5742636786486487,-0.36679521675675675,0.7745872435810811,1.1579541436486487,0.11455840248310811,-0.43417231905405407,0.3898179591486487,-1.3658627952702702,0.953385846081081,0.5798112464864865,-0.012383406867518244,-0.00044183949729729706,0.33953021502364866,-0.4712581085810811,0.11161452324324324,-0.7475950206081081,-0.5062888808108108,0.8104101518243244,-0.33325194035945943,-1.1771508817567569,-0.4087163908108108,0.25722380324324323,0.1809188815135135,-0.20062262990540541,0.3128617462432432,0.2069974475135135,-0.3306606360810811,-0.6616655620945946,0.3111755983783784,-0.6672722170270271,0.9999997577695211
186,74.2532865907099,14.799298860648554,6867637.32427695,0.2854887379491674,0.6016652059596845,0.39154464,14,1,-0.32365939926818577,0.7346442831682735,-0.46733322894829094,0.33816373680490797,-1.213697427497809,0.4688534466283961,-0.39277321313236635,0.4038525110464505,-0.1530621648438602,0.1382340432169588,-0.825834380254163,-0.39990693497283086,-0.2681703593111306,0.7270884663540753,-0.7303701805170902,-0.09829716494251446,-0.06943659987523663,0.5371164432340053,-0.7295259426774758,-0.26213710135758106,-0.575419647822086,-0.367722728878922,0.743606567971078,1.1235405846231377,0.11356193562243294,-0.4381245657931639,0.3766664833491805,-1.348936234456617,0.9745039925197195,0.5152712042594216,0.0007864654772129713,0.03764401191147152,0.33672284804557406,-0.4742114346319018,0.1350464960053637,-0.7296882640052585,-0.4878383538299737,0.8278111999912358,-0.34214212503137603,-1.1554413927037686,-0.39102276730280455,0.23683749996603856,0.17884133331485538,-0.19338927695446975,0.2983628049991236,0.17814509164228748,-0.25502527355609117,-0.6564427875276073,0.32016255595793164,-0.6581464124583698,0.9999997038643571
187,21.05562913907285,3.8961920529801324,1352263.5973923842,0.15989097268211921,0.8313741721854304,0.4795921,14,1,-0.3960420708519909,0.8362650512071399,-0.46179051809318705,0.3708147355921779,-1.1026109856351407,0.4527411378021863,-0.2752142436594046,0.4764853528304553,-0.12270824964649461,0.22961117426826308,-0.7398539651978477,-0.3903432924369412,-0.2820079589077939,0.7522559941105132,-0.7536835204056291,-0.26457289307392357,-0.04623520317517115,0.5958888476097268,-0.606245831809735,-0.23030551953781042,-0.6248456069782864,-0.4200992855146151,0.7965641038207781,1.2276735589590233,0.12923429433739173,-0.4415850134540149,0.303086525675505,-1.3189731545865067,0.8749031035353227,0.6674466182942881,-0.01774436592966884,-0.07591081389202348,0.27789644142728437,-0.44551046784606374,0.010874225992975993,-0.820251760054222,-0.574606792589404,0.8120485268159188,-0.2355276612181697,-1.2221408925015729,-0.4688916013331416,0.312044729712875,0.18553489992478395,-0.1831606244879528,0.35665382608930873,0.15420091049600684,-0.4088757702025716,-0.7215587355246276,0.3603832397392591,-0.6426950228326159,0.9999997076750212
193,68.55084745762711,12.796610169491526,34783.66949152543,0.28333305084745763,0.6779661016949152,0.40214312,14,1,-0.35195381059322034,0.7414120109322033,-0.4443142962118644,0.35456174127118645,-1.1767035415254237,0.45617473059322033,-0.35576308577966104,0.40835416610169495,-0.13334588215254237,0.1518467193601695,-0.778071813220339,-0.41378094491525425,-0.26546276779661016,0.736087542440678,-0.7065979808474576,-0.15012295553644067,-0.06844230769830507,0.5464106540677965,-0.6986633307627118,-0.2560891370338983,-0.5993857568644069,-0.4089648772881356,0.7354083171186441,1.1245459902542372,0.13466308449152542,-0.45615374406779663,0.3442269323220339,-1.3288503525423727,0.9335221677966101,0.5335861636440679,0.014855292941525424,0.010745804612711863,0.31107431559322035,-0.4574985227118644,0.09957097824830508,-0.7541690212711865,-0.5123517136440678,0.8409671057627119,-0.2889576982542373,-1.1466658020338985,-0.4096948635847457,0.2590199163389831,0.1809354075677966,-0.1848278173898305,0.2955669958474576,0.14858249812542373,-0.28991818101694916,-0.6881251474576271,0.3264238853389831,-0.6397002407627118,0.999999246350807
195,35.542857142857144,6.885714285714286,14704.57142857143,0.18857809523809524,0.6285714285714286,0.41761532,8,1,-0.34591025209523807,0.7824075579047618,-0.4670335906666666,0.33234867999999995,-1.1426792828571428,0.44619830612380956,-0.3464667641714286,0.43288254619047617,-0.11481072912148571,0.16649030499333334,-0.7831259921904762,-0.3928255093333333,-0.300296876,0.7414701334285714,-0.745611279904762,-0.15277429619780952,-0.038193422186666666,0.5890545997142858,-0.6955268017142857,-0.24215172224761905,-0.6027592595961905,-0.3909006989238095,0.7812164668571429,1.1410259246666667,0.10491680248666667,-0.4489335185714286,0.3686275490476191,-1.3341752571428571,0.9337531641904763,0.5918924362857143,0.008438276276761905,-0.025299977437142858,0.3038942687047619,-0.4370528373238095,0.10765238534380953,-0.7628101446666666,-0.5189869660571429,0.8283547059047619,-0.30860578828028573,-1.1545122034285715,-0.43286637,0.2753045875809524,0.1824997376895238,-0.1979599616304762,0.3386641660095238,0.1961510183809524,-0.32081797085714286,-0.675074352,0.32402109665742856,-0.6571253125714286,0.9999985571738442
196,30.856846019247595,6.057852143482065,1207190.9487095363,0.11642699037620298,0.5404636920384952,0.37656343,0,1,-0.3835603755288441,0.829901426382874,-0.43052658883778433,0.324850348649007,-1.107623677544838,0.4500151372853237,-0.3095642694743985,0.44330203003401136,-0.14111258825336678,0.15736905483329,-0.7557713124431321,-0.3773078595337489,-0.31586910078118985,0.7789602872607174,-0.7546589305763342,-0.17933833373280297,0.0001656772428588582,0.5788136514581693,-0.6466447750967782,-0.23582976577785433,-0.5634667194819554,-0.4257717867293088,0.7938072364415791,1.1707556369389764,0.09086246808704232,-0.46967762389224627,0.37463833388500656,-1.346635225271216,0.8888659953056213,0.5977975655889107,0.02033361491992115,-0.03568877223714074,0.33547525029451336,-0.4188557537645297,0.05874739696960193,-0.7772621356505905,-0.5266868121031277,0.8271023331322288,-0.3166638891112314,-1.174021186250328,-0.4242210147105424,0.3212504734514917,0.2069499274138703,-0.2482276321772988,0.3854302136983771,0.23084838334624125,-0.3670375031218722,-0.7108277826733377,0.3840900357144357,-0.6072331917191491,0.9999997154282386
2,21.628951747088188,4.0948419301164725,25688.986688851914,0.13006023294509153,0.5640599001663894,0.44232056,0,1,-0.41231298351841933,0.8195141154808652,-0.4444958318772046,0.3518783459846922,-1.0953116976622295,0.4733521946921797,-0.2475452991687188,0.47499915413061566,-0.09187492849584027,0.20090087501968387,-0.7119975941081531,-0.4180635199417637,-0.33031207791181366,0.7530269877903495,-0.7691551065224626,-0.2565095113716639,-0.026424550394259564,0.6235831724625623,-0.5930784985124792,-0.19577601841231282,-0.6230161013910149,-0.4140137970515807,0.7990513616971714,1.2068590352079867,0.12644586862018636,-0.46694657836938436,0.3056583815274542,-1.3535480413560732,0.8911270558402662,0.6760014598169717,-0.022806437104425956,-0.06467723081579035,0.2898387053687188,-0.4342117387138103,0.007985075549650581,-0.812471561547421,-0.561521956795341,0.8113249317430948,-0.23736886039018304,-1.1838907852911813,-0.4662815316688852,0.33794256045257903,0.18251896699301165,-0.2209872857264559,0.3488680876955075,0.163245168437604,-0.436179643500832,-0.7160495921680532,0.3703435641763727,-0.626090246672213,0.9999999907963553
229,38.51980198019802,5.8316831683168315,189700.3712871287,0.12812376237623763,0.7079207920792079,0.48338223,12,1,-0.3101678326534653,0.6833693682178218,-0.40873795552475245,0.4435999723267327,-1.1740018564851484,0.5100436944059406,-0.2502151700972277,0.41295767475247525,-0.07180960022985149,0.24301731784653463,-0.7244628131188119,-0.5418122603960396,-0.27418246333663365,0.7177304204455446,-0.728431903019802,-0.24057632723564357,-0.13513211831272276,0.5886136964356435,-0.6574405321782179,-0.22060046924504953,-0.6217664877227722,-0.402605196509901,0.6687761127227723,1.1348736868811882,0.23156266698069305,-0.4440221877227723,0.19241973400297027,-1.3631678985148514,0.9015540904950494,0.5854384016336633,-0.028973594803861386,-0.019097426531509903,0.2830769044237624,-0.47300067193069306,-0.025193129580693068,-0.8320571159405941,-0.5683209843564356,0.8641768345049504,-0.13957167208910892,-1.1601573166831682,-0.5149845198019801,0.28499012155940595,0.1917150903217822,-0.15823415527425744,0.3230761244059406,-0.005576061910891084,-0.3812285369306931,-0.7705446538118812,0.34987647279702966,-0.5810517549504951,0.9999998350200539
230,83.70175438596492,16.271929824561404,17871.09649122807,0.2793140350877193,0.4956140350877193,0.4062162,1,1,-0.31220180013157894,0.714810716622807,-0.46850777771929825,0.3393482658157895,-1.2046959135526314,0.47213068236842104,-0.3754093746885965,0.402010890877193,-0.13980580163245615,0.15707577514035087,-0.8079336032894736,-0.4213268227631579,-0.2688924329122807,0.7225729837719298,-0.7248644429824561,-0.12405831104122808,-0.07600378041175439,0.5457777671491228,-0.7293353693421053,-0.2633516588157895,-0.5870950246491229,-0.37998433131578946,0.7258968673684211,1.114129757105263,0.13485604588710526,-0.44089451973684207,0.35148839196929826,-1.349437501491228,0.9629649546929825,0.5068066489035088,-0.0004405896732017546,0.02390506736354386,0.3210873184166667,-0.4669616088157895,0.12934952679429826,-0.7421438013157894,-0.4940830885526316,0.8519101167982456,-0.3187456254486842,-1.1462709618421054,-0.4034104832894737,0.23837114747807017,0.18850947741666668,-0.1959540464385965,0.30534209587280703,0.14219622002192983,-0.274512754254386,-0.6643266459210526,0.3162317727631579,-0.646771874868421,0.9999920144235124
232,49.236363636363635,9.054545454545455,65510.90909090909,0.24780727272727274,0.6545454545454545,0.4445944,13,1,-0.3588255570909091,0.7316804219999999,-0.43372143036363636,0.36077984472727276,-1.1875596358181817,0.45913136436363633,-0.33667024545454544,0.4085177329090909,-0.11835573960363636,0.1506674008909091,-0.7686490696363637,-0.44527330443636365,-0.2740359461818182,0.7473024332727273,-0.7164211832727273,-0.15884165594545455,-0.07463009077454547,0.5573714567272727,-0.6680419218181819,-0.2399720806,-0.6173043007272727,-0.42513896236363635,0.7506252845454545,1.130009713818182,0.14451323283636364,-0.4663241967272727,0.3308123666,-1.3281576636363637,0.9278759669090909,0.5271982952727273,-0.0027402992345454545,-0.022390338463636365,0.30750934109090905,-0.438350366,0.08155433857454546,-0.771086024909091,-0.5476162414545455,0.8507811485454545,-0.2913357302727273,-1.1481183378181818,-0.417335142,0.29111223734545455,0.1897381811909091,-0.2195598241818182,0.3123267976363636,0.11824684487818182,-0.3210530963636364,-0.6987913034545454,0.3448330930909091,-0.6400949858181818,0.9999999998292886
233,61.9749722886646,10.624876028236391,532490.4179452774,0.1949870077591739,0.6272679540283531,0.43254712,8,1,-0.30110427217907765,0.7013765315682282,-0.4284822324128117,0.3779306165137069,-1.182726737321218,0.465698009657908,-0.31245776508736517,0.39478060867938863,-0.08918222710657599,0.2180281176577265,-0.7646936968041421,-0.4797651746366064,-0.2682778077685724,0.7100998723658597,-0.7248023370257336,-0.20588637998676096,-0.11059583550468298,0.5654370242150399,-0.6763907517602241,-0.2450721343117321,-0.6185440672371683,-0.4057172700655796,0.700238220063707,1.1294172296102911,0.17451932706610465,-0.4386488831892538,0.264635971839682,-1.3379490607263287,0.9030743197246368,0.5529620772674873,-0.014402454181809462,-0.01193771180888192,0.28762567906745584,-0.46847250533625223,0.03428441142393178,-0.778457651347646,-0.5353931041121288,0.8562813402881045,-0.21725104174966414,-1.1515796976664139,-0.45179514304848023,0.2690191001420687,0.19669082367307444,-0.18121616597005832,0.3120557753315326,0.047289235400513975,-0.3330254330965521,-0.6979153539502094,0.345112684752501,-0.6225584137952278,0.9999997806787848
234,65.47448979591837,11.681122448979592,83740.17602040817,0.20086683673469388,0.5382653061224489,0.5053784,0,1,-0.28434217187117344,0.6837827469132653,-0.4226979791632653,0.37814563470663265,-1.1852200939030613,0.48890044685204087,-0.30729544064142855,0.3971380468622449,-0.08529628856413266,0.25024090030816326,-0.7682434250510204,-0.4783573697831633,-0.24848512693367347,0.7254418473979592,-0.7234620621938775,-0.2368702765770408,-0.1264663552114796,0.549674170637755,-0.6875333398418367,-0.25316507504515307,-0.6166297427295918,-0.4026074395918367,0.6705788878316327,1.1277090902806124,0.19062388705408162,-0.4074316007142857,0.239218951665051,-1.3575672012755102,0.8992429976020408,0.5540509567602041,-0.02176724556522959,-0.006795842021122448,0.2569847617704082,-0.49486914767857143,0.03624998803494898,-0.7825957205612245,-0.5117037140306122,0.8463171469897959,-0.16982566382142855,-1.1928433816454083,-0.4495613248494898,0.25598870882653063,0.20755938719387754,-0.16198794614285714,0.30698409022959183,0.023036368321428583,-0.3321780206377551,-0.6942243076020408,0.34685055994897956,-0.6103353659438775,0.9999999998699654
241,160.32432432432432,30.324324324324323,25833.256756756757,0.4570472972972973,0.5675675675675675,0.3525001,1,1,-0.2932110818918919,0.7030098748648649,-0.4444325908108108,0.3584539513513514,-1.2178614013513513,0.4756815547297298,-0.3772627039189189,0.38132950797297294,-0.11990373082432432,0.17081351101351352,-0.8140509922972973,-0.4416251917567568,-0.2531560081081081,0.7181301104054054,-0.7257284417567568,-0.1381303298108108,-0.10552525585135135,0.532672860945946,-0.7327032963513513,-0.27165394202702703,-0.5861912928378378,-0.3756884447972973,0.7008435481081081,1.1054600264864867,0.15144096371621624,-0.42234174945945946,0.3294687828378378,-1.3642403405405406,0.9442173039189189,0.5041164385135135,-0.004666380018918918,0.03910206103108108,0.31106684748648644,-0.48129837986486484,0.11204239970810811,-0.7327419618918919,-0.4829388372972973,0.8541108858108107,-0.27933770162162164,-1.144375277027027,-0.40453669375675677,0.24008076512162163,0.19736613756756757,-0.1907368868918919,0.2986883431081081,0.1032244396722973,-0.27112037235135134,-0.6661051618918918,0.3102628024324324,-0.6495225820270271,0.999984663875109
243,75.19661458333333,14.154947916666666,23923.02734375,0.3269772135416667,0.5963541666666666,0.4010376,11,1,-0.3153701309069922,0.7201640947708333,-0.44894864998567713,0.3508493295602864,-1.1614656842005209,0.47709234811197915,-0.33024934124218747,0.40126827639322915,-0.12076507104891927,0.17614498205481768,-0.7913364502864583,-0.43696280644010416,-0.28157405300130206,0.7097213316015626,-0.7477084745833333,-0.18069701118740886,-0.11173343324102865,0.5536621923567708,-0.6625446756588541,-0.24579339302604167,-0.59479807078125,-0.37065933597864587,0.7267614844270834,1.1469637778255208,0.14496269809269793,-0.4329074876171875,0.29318591580481773,-1.36619332046875,0.9247272949869791,0.5718912604557291,-0.019170652173528646,0.005257147536419271,0.3039768569171875,-0.4523422609231771,0.07744737115013021,-0.7564610649739584,-0.52600156421875,0.8367880268679687,-0.2672444479922656,-1.143359791341146,-0.42436789772135414,0.2678339975833333,0.1879411128329427,-0.20448998541627605,0.30927472394921873,0.10777992163971355,-0.31633455406770833,-0.6792981623307291,0.347442367515625,-0.6395666667057291,0.9999970656514546
245,82.83076923076923,15.830769230769231,48800.73846153846,0.38723538461538465,0.6307692307692307,0.39008266,1,1,-0.3240059807692308,0.7035342053846154,-0.4593582933846154,0.3392046806153846,-1.217136133846154,0.4650114081538462,-0.3819830606615384,0.38879436784615384,-0.13907929676923078,0.14848871142615386,-0.8104757450769231,-0.41473010215384615,-0.26831880446153844,0.7375920243076923,-0.7150318507692308,-0.11235820493230769,-0.07725230456615384,0.5426949255384615,-0.7395795116923077,-0.2697337356923077,-0.5879691195384615,-0.38452444676923075,0.7045778284615385,1.1011809676923079,0.1365712541753846,-0.44951348353846154,0.3590497986153846,-1.3405956646153847,0.9634687163076923,0.492836686,0.0026873052861538464,0.01609198894,0.32336183461538465,-0.47649998815384614,0.1273315947830769,-0.7312199733846153,-0.4831719229230769,0.8523343504615385,-0.32324687114,-1.1336079733846154,-0.38660882661538465,0.23813044683076923,0.1907924502307692,-0.19921945927692308,0.29083701523076927,0.13594200023076922,-0.27482155476923076,-0.6631789800000001,0.31323068830769235,-0.6335772746153846,0.999999548936156
246,35.135685210312076,5.204884667571235,295941.01899592945,0.14365101763907734,0.7530529172320217,0.42257497,0,0,-0.3566679289443691,0.7210462091587517,-0.3367741166843379,0.47466432948982357,-1.1239062969063771,0.49482983651831747,-0.24295669502352782,0.4102917920081411,-0.03037322776532293,0.23791654108540028,-0.6872119707598372,-0.5520925906567165,-0.24187713651560377,0.7276068524423338,-0.6832641458073271,-0.32523197146431476,-0.15577439495251016,0.5657859055495251,-0.5851635950244234,-0.22281555985888737,-0.6618028998697422,-0.4829047090848575,0.7010900546540026,1.15138536890095,0.2466146784035278,-0.45478053841248306,0.18937728529188602,-1.3421082750067843,0.8107266933921303,0.6131616344911804,0.015699229608303934,-0.06430556034799186,0.2554021388526459,-0.4284474497910448,-0.06066228544548711,-0.8349126216689281,-0.6145584236906377,0.9032332711329715,-0.08035972265162822,-1.1649603501899592,-0.5456016972591587,0.35424821909769333,0.20097025266214383,-0.1830451066194844,0.34878416241248306,-0.04225825047557666,-0.40532868940976935,-0.79623130963365,0.36557020040976934,-0.6154474186295794,0.9999997821760043
247,27.60621761658031,5.295336787564767,14652.626943005182,0.15322590673575132,0.689119170984456,0.45563757,4,1,-0.3865707366580311,0.8556434213471503,-0.4807683051554404,0.30917298398963733,-1.0479001181917098,0.44411894535751295,-0.3018616515777824,0.4756165759067358,-0.1487466902761658,0.19238976137823832,-0.7627718095336788,-0.3509998370310881,-0.30989828106217615,0.7443019979274611,-0.747727489896373,-0.20011537782901556,-0.043113057304663215,0.6180081469948187,-0.5738685995803109,-0.20117959271761657,-0.6207563569948187,-0.4037283961761658,0.8495599697616579,1.2268016750777202,0.06543750999222797,-0.4655058220725389,0.32685543653886007,-1.3168048572020725,0.9031938245595854,0.6860202189637304,-0.02213459589668394,-0.08433319815761658,0.301105425142487,-0.40035985787564765,0.04427112969393782,-0.8073600303626942,-0.5935494246269429,0.7736780484455958,-0.28857087963316064,-1.2276263461658032,-0.45921746036269434,0.3355128000259068,0.161540270253886,-0.2220086277772021,0.3211686369689119,0.23660861031709846,-0.35103381746113993,-0.673373778031088,0.4078077591968912,-0.6687082956476683,0.9999993231396185
248,53.16568047337278,9.816568047337277,41808.02958579882,0.2248284023668639,0.5443786982248521,0.40540224,13,1,-0.3224686742485207,0.7086080718579882,-0.45912137305917156,0.3079717803076923,-1.1718077203550294,0.44652646183431954,-0.34244794588165683,0.3960740257,-0.11049395136443788,0.16883810882130176,-0.779555507514793,-0.4009883109467456,-0.2968751333136095,0.6996164915976332,-0.7303612814792899,-0.13162449484023667,-0.06093281638934911,0.5652880053846153,-0.6778635424852071,-0.23698376539053256,-0.5841549753846154,-0.3727857273372781,0.7166598150887574,1.0949072604733727,0.11393311315443787,-0.4416238058579882,0.31836803406863906,-1.325362732366864,0.9271955703550296,0.5515774113609467,-0.020826774476094677,0.022258201314792902,0.29823101975739646,-0.44874373767692305,0.10616489462171597,-0.7308381537869822,-0.5019747166863906,0.7996641310059172,-0.27939060612426037,-1.1030978001183434,-0.3890547182248521,0.24688110913609468,0.183836362608284,-0.1778903453372781,0.28281311073372783,0.14626069526035504,-0.2843976888402367,-0.6449807022662721,0.32893234621301776,-0.6327893037869822,0.9999998668113272
249,56.11190476190476,11.016666666666667,58890.99880952381,0.09534369047619048,0.47619047619047616,0.4324392,1,1,-0.3546759188464285,0.7554646433809523,-0.4597974837461905,0.32676803474404764,-1.1784936803571429,0.4551360640392857,-0.3580166580425,0.41416462446619046,-0.14216793853158333,0.1429399234324762,-0.7953666177738096,-0.3946395636678572,-0.2893875727083333,0.7316724121714286,-0.7332044105119048,-0.12801912354785713,-0.05142694036770239,0.5619944079761905,-0.7033401219166666,-0.2540358706309524,-0.5782063229285714,-0.393641723,0.7459060708571428,1.134139974392857,0.11808087303440476,-0.45611442747142855,0.37359199811785715,-1.3446459034166667,0.9564121998928571,0.5368642384880952,0.007232129083511905,0.016535499080684524,0.3352838452797619,-0.45993638260238096,0.10630262924702381,-0.7458205590238096,-0.5081727563333333,0.8421092662059524,-0.33032189914523813,-1.1424479484892858,-0.4033449391369048,0.2609288731642857,0.19290992825115474,-0.20073181659607142,0.3084944183785714,0.17567534801321427,-0.2972849462047619,-0.6709384888904762,0.31665221528690474,-0.64682687475,0.999999981285084
252,48.16377358490566,8.406037735849056,75458.93283018869,0.22828898113207546,0.6777358490566038,0.42168546,13,0,-0.36935399092528304,0.7336849454973585,-0.3922347466510611,0.3764538287858868,-1.1587787147622641,0.4764956509328302,-0.31637756073698114,0.4021491305856604,-0.09199378368470944,0.16240390382297734,-0.7421883846973585,-0.4471007624445283,-0.266681348709434,0.7534358825954717,-0.7034694413358491,-0.19466342164821887,-0.07017550539959246,0.5507676040226415,-0.6432073736679245,-0.24024001185773583,-0.6002329857056603,-0.4348097154950944,0.720246246810566,1.1058677100301888,0.16786055871746414,-0.4642801525433962,0.3124832173541132,-1.3412202035320755,0.8762818884150944,0.5572843116377358,0.018850655870120754,-0.03444628332398868,0.30377003060633967,-0.43704849196,0.05118396750973585,-0.7558198332135849,-0.5357451675924528,0.8664384870827169,-0.23573363041796225,-1.1321938799399245,-0.43525729913584904,0.3105646145962264,0.19628792188120756,-0.2253496775566038,0.3239061331124528,0.09158703224401661,-0.34984866512075474,-0.7136570785426415,0.339547902869434,-0.6197409834490566,0.9999999914188351
257,88.44444444444444,17.88888888888889,14399.0,0.3841888888888889,0.5555555555555556,0.40707716,8,1,-0.30782933333333334,0.7512873411111111,-0.4369422011111111,0.36097086666666667,-1.1780073966666667,0.4576502844444444,-0.37987140444444445,0.3896287333333333,-0.12222763333333332,0.15361949566666666,-0.804472331111111,-0.42491695444444444,-0.24947266999999998,0.7984058488888889,-0.7237321955555556,-0.12212640933333334,-0.04551791166666667,0.5454214833333333,-0.7465149488888889,-0.2702283977777778,-0.5778160066666667,-0.38222906111111116,0.729182851111111,1.0805143777777777,0.10951315055555556,-0.4185633366666667,0.3498563488888889,-1.3612375555555554,0.92616526,0.5300384955555555,0.010861994666666668,-0.003837635666666666,0.29127423199999997,-0.45034906444444445,0.13911201233333334,-0.7431901066666666,-0.47101449222222225,0.8276005999999999,-0.27560545955555554,-1.1581658333333333,-0.39722451000000003,0.2635548422222222,0.18853181777777778,-0.22096709888888888,0.32676712555555554,0.1568651801888889,-0.2728501277777778,-0.6796456388888888,0.31850845333333333,-0.6357285755555555,0.9999849138839261
261,41.42224231464738,7.032549728752261,164394.8761301989,0.12602902350813744,0.6537070524412296,0.4063423,0,1,-0.37520825515913203,0.722228871420434,-0.3781700922755877,0.4093846780566004,-1.1487475740325497,0.4736848225623869,-0.28144172833092224,0.4042450545572333,-0.05715916720980109,0.1886488374381555,-0.7209782267359854,-0.48431320704927666,-0.27398695305660037,0.7514459446383364,-0.7155209166907776,-0.2582030316855877,-0.10458374701954792,0.5629483132730561,-0.6299716131537071,-0.2328415521762568,-0.635402144415009,-0.44690054522694395,0.7120692537079566,1.1296358153164556,0.19336222855084992,-0.447661183761302,0.27320483514349003,-1.3421211275316456,0.853348200198915,0.5848707199819169,0.0057478670972242315,-0.051057228845786624,0.26774605960287523,-0.4344593878354431,0.02054474072448463,-0.7952062192631103,-0.563772327932188,0.870671319836528,-0.17937403026907775,-1.1377596816455695,-0.4777887008001808,0.3265464125840868,0.20836197067992768,-0.19417242550569622,0.34425030969475584,0.0375649321119349,-0.3792304961681736,-0.7394790113357144,0.32749689414249544,-0.6232086381283906,0.9999998626920901
262,34.675977653631286,5.346368715083799,1801.4078212290503,0.04680670391061452,0.5698324022346368,0.41847914,11,1,-0.34376058987916197,0.7260907937709498,-0.40217211409497206,0.3950997238547486,-1.1848462125698325,0.44592372497206706,-0.2797556963865922,0.43009555072625694,-0.10333481308826815,0.19327687269832405,-0.740679176368715,-0.4719162426122905,-0.27904862364804467,0.7188092514804469,-0.7579644334636871,-0.2176363806223464,-0.0810013716782123,0.5609091372067039,-0.6475050667877095,-0.219965219049162,-0.5998449082681564,-0.4351157541005587,0.7264112922346369,1.1259655802234638,0.15827140414413407,-0.42932740960893856,0.26705259320670394,-1.3154276296089384,0.8748392415642458,0.5733223526256983,-0.008492939060949719,-0.012861598183575419,0.28120743053631286,-0.47648525357541904,0.011234548259217875,-0.7533220616759777,-0.5600373250279329,0.8416382972625698,-0.2146839046805028,-1.1094179789944134,-0.43455792156424583,0.26806557632681566,0.19364970055139663,-0.17097779701675977,0.3080988368687151,0.0771235361452514,-0.38829376555307266,-0.7136406869832402,0.35725899517877097,-0.6206553425139665,0.9998228335634379
265,44.886792452830186,8.557951482479785,60576.90566037736,0.19547924528301888,0.633423180592992,0.44572663,14,1,-0.35202433352830187,0.752613045471698,-0.44163725147978433,0.3527091494932615,-1.1651993887061995,0.46827974505121295,-0.34331388504652294,0.4135394565229111,-0.12958797268760108,0.1664643123663073,-0.7639874138274932,-0.4177632128490566,-0.26763499693800535,0.7417259614824798,-0.7146878674663073,-0.16128816763663073,-0.05142879105384905,0.5493285863881402,-0.6694012908355795,-0.24026969978059298,-0.5941732035309973,-0.41248245766846364,0.7436461258490565,1.1214547290026953,0.13669511929568734,-0.45321238598382746,0.3383657192398922,-1.331610544824798,0.9124520530188679,0.5475993505660378,0.0025343432742291104,-0.008897523282479784,0.30631255358490567,-0.444491145309973,0.09075341590592992,-0.756281447574124,-0.5248039448921833,0.8385394980592993,-0.2717168956603774,-1.1517519344474394,-0.422364940458221,0.27328771599460916,0.18076131560646902,-0.2006779741401617,0.31248599903234503,0.1422856232032345,-0.30493531981132077,-0.6846612025876011,0.3394538643185984,-0.6447133730727763,0.9999999995479337
268,49.462857142857146,9.915102040816327,37290.792653061224,0.23249697959183674,0.6163265306122448,0.4278687,1,1,-0.35877952179183675,0.7667103034367347,-0.4657040523208163,0.3353092867116735,-1.1595669366073469,0.4694111264522449,-0.3494978393565763,0.4204929456,-0.14608534696644898,0.15299060438416326,-0.7965671202204081,-0.3828357678244114,-0.2884661304897959,0.7431489126285714,-0.7440818544081632,-0.1466367319096898,-0.06192605768662857,0.5613768371183673,-0.6837449371787755,-0.24976835190693877,-0.5798759368,-0.37732682111102045,0.7569120777142857,1.1599133728244897,0.11533144246857142,-0.45182048173061223,0.3677639796777959,-1.3580375776734694,0.9570352314448979,0.5655058053632652,-0.005565524272431346,0.006603708609126368,0.32952386154204083,-0.45319837848979594,0.10410043793461225,-0.7547672796816327,-0.5114198945551021,0.8114887931684898,-0.33193189080032653,-1.1765762999836735,-0.4121850638612245,0.2718235814979592,0.18938008618889796,-0.20428473682612244,0.31379911074367345,0.1766850309915102,-0.30493625867265306,-0.672509990955102,0.32772116745551017,-0.6532710794530613,0.9999998333629434
270,45.232612055641425,9.068006182380216,25788.63910355487,0.1792130602782071,0.5023183925811437,0.4197143,1,1,-0.34618154150772795,0.7566405032921174,-0.46714089973647605,0.3421256473617465,-1.1584998802971407,0.45426416680061826,-0.3477519728475317,0.40686862415749614,-0.13011449316383308,0.14442485875044822,-0.7785811910123648,-0.4102052925069552,-0.2952232171746522,0.7339698249927357,-0.7211384700463679,-0.13715686571045596,-0.05050813474208306,0.5736644695595055,-0.7002198269335393,-0.2533148146275116,-0.5912454730896446,-0.3912138240255023,0.7416280592040185,1.1295257848918083,0.125120307687017,-0.4675295956646059,0.3612547633306801,-1.3438679304482224,0.9478710178207109,0.5451347831452859,0.005652153977618238,0.01035893627687017,0.33685869824034004,-0.4441193049598145,0.09499508046466847,-0.7559323052782071,-0.5157678288274189,0.8314789218392581,-0.32447659732937406,-1.1404775950139103,-0.4141268681800618,0.2676262548418856,0.18529438594517003,-0.2066708528811669,0.3070917016043277,0.15621065377086554,-0.30849783482457493,-0.6879648784544049,0.3159106999876352,-0.6405052759003091,0.9999994840361197
273,324.88235294117646,55.705882352941174,29789.098039215685,0.5787764705882353,0.43137254901960786,0.26883042,1,0,-0.27677155098039213,0.6526916972549021,-0.405412472745098,0.37807432921568623,-1.1866900215686276,0.49886280921568626,-0.3503421756862745,0.3681024484313726,-0.08473123696078431,0.16716302345098039,-0.7799373801960784,-0.4991426090196079,-0.2459322437254902,0.7052569570588235,-0.6833501352941176,-0.17759049325490195,-0.15898247684313724,0.5191419298039216,-0.7089031998039216,-0.2616919968627451,-0.607449592745098,-0.40504019294117644,0.6536109713725491,1.082710168627451,0.20136535000000003,-0.43050295352941176,0.26910556121568624,-1.3731953019607845,0.9313150701960784,0.4900087437254902,0.0018262467568627451,0.03206209877843137,0.28842078352941175,-0.45428321,0.08324200190196078,-0.744830727254902,-0.5037183254901961,0.8889690909803921,-0.21608546131372547,-1.1366484647058823,-0.4371762947058824,0.2652318243137255,0.19792312960784314,-0.19755538823529414,0.29473346411764706,0.025838539502941175,-0.27123306843137257,-0.7009149323529411,0.32353620843137254,-0.6207651129411765,0.9999470966498665
274,46.193548387096776,9.483870967741936,26821.612903225807,0.27640000000000003,0.5806451612903226,0.42641404,13,1,-0.34007499806451613,0.7523814764516129,-0.4677484203225806,0.32483676677419354,-1.1805667532258064,0.46201402806451614,-0.38259686161290324,0.4198279574193548,-0.15325297301612903,0.14017286445161292,-0.8257168967741935,-0.3819033061290323,-0.2679131974193549,0.7217571377419355,-0.7413107070967742,-0.12813484077419354,-0.07680098394516129,0.558750040967742,-0.7142953003225806,-0.2729178841935484,-0.5793304006451613,-0.3705396222580645,0.7300804129032259,1.1499787890322581,0.11621268477419354,-0.4528620906451613,0.36684562645161295,-1.3530677548387098,0.9657435874193548,0.544760235483871,-0.0009175922290322571,0.012816877329032259,0.3249620583870968,-0.46208020516129034,0.1277213878883871,-0.7454533887096774,-0.4883668709677419,0.853706744516129,-0.33927090096774193,-1.1566166129032258,-0.39137922129032254,0.2617087835483871,0.20768148177419357,-0.21714037129032257,0.30663246741935485,0.1734478064516129,-0.28157287612903226,-0.6513282867741936,0.3181669825806452,-0.6464097522580645,0.9999995149050662
277,38.76505429417571,7.497532082922014,185422.96939782824,0.13411431391905232,0.6071076011846002,0.43888012,1,1,-0.3628308223089832,0.7782004193978282,-0.4491420416389733,0.35631885372517275,-1.161543859012833,0.4656126412734452,-0.3293331640065153,0.42623932671984205,-0.11943206730648213,0.17567712134843042,-0.7677638523494571,-0.41821559027666333,-0.2831954710315893,0.7386319999605133,-0.7224412658144126,-0.16988241629079467,-0.051111893515195454,0.5779472433958539,-0.6748970511628825,-0.24055254533346496,-0.6054842407403752,-0.4197647556781836,0.7661812858440277,1.1524839175419548,0.13806203201520237,-0.46439421270483716,0.3568118973026653,-1.3375556731490623,0.9316924455281342,0.5629455746594274,0.008187440079687068,-0.013436850200207306,0.31972670832675226,-0.4481621593800592,0.06792725856781244,-0.7710052688153998,-0.5386708212635735,0.8468662344513327,-0.2933951950719645,-1.1685881944521224,-0.436750721994077,0.287072652029615,0.18696762699141167,-0.20578314962685093,0.32766181383514315,0.14910453019918066,-0.33511702930898324,-0.6977839281638697,0.3327937479802567,-0.6511431770631787,0.9999998393909686
278,18.428571428571427,3.857142857142857,33089.357142857145,0.1827857142857143,0.8571428571428571,0.4249637,0,1,-0.4146235178571428,0.8151598328571429,-0.48490377142857144,0.31380295035714284,-1.1562246528571427,0.4107720325,-0.3086659746428571,0.49428180642857145,-0.14533097292857144,0.12319786507142858,-0.73316967,-0.38530167821428574,-0.30463236214285716,0.8219463921428571,-0.70798646,-0.16906029759285715,0.04993634021428572,0.5995845364285713,-0.6925152935714286,-0.24605401885714287,-0.6239925642857143,-0.4713552828571429,0.8048208607142857,1.1627830357142857,0.07474771735714285,-0.46472375714285713,0.37631437785714283,-1.279845142857143,0.9131058828571429,0.5375114071428572,-0.012554533481428572,-0.049805959071428575,0.310913052,-0.4255801339285714,0.07254130214285714,-0.8230996835714286,-0.548897665,0.7785588642857143,-0.35392745999999997,-1.25010255,-0.3726819621428571,0.32282676499999996,0.23522893964285713,-0.22309655496428574,0.34758499928571424,0.22560408378571428,-0.37135654285714287,-0.7394005464285714,0.3421888614285714,-0.5791629357142857,0.999999974914688
282,54.78544600938967,11.278873239436619,181624.3427230047,0.13978366197183098,0.6323943661971831,0.412299,14,1,-0.33842479582150237,0.7496448684629109,-0.4824202459971831,0.3153341928170423,-1.1990307530793427,0.45782240487652587,-0.38978593105953335,0.404913002186385,-0.1486183683519718,0.14258809336765443,-0.8106311700563381,-0.36166513967441316,-0.2708745438713615,0.7079667832995304,-0.7320103926197182,-0.10144336116739436,-0.03145536995225352,0.55141929977277,-0.7097022516140845,-0.2694757507234742,-0.5650335533661972,-0.3649530633882629,0.731049201198122,1.1043536314718312,0.11454398673516432,-0.44859630715023474,0.3871089468861972,-1.3335976666244131,0.9405292574910799,0.5376709650093897,0.003738583328210938,0.04261700671228169,0.3385157974244131,-0.4682531592873239,0.13541265504321126,-0.7085541349248826,-0.4809977698328639,0.8220668781894835,-0.34051122033441317,-1.1191822312065727,-0.3721925248553991,0.22899953287366198,0.19263335031018777,-0.19054730276443194,0.28440791480399064,0.18462529749004694,-0.27816877914159627,-0.6401184992707043,0.29796890702910794,-0.6608372638934272,0.999999888589924
284,30.477177334732424,5.686253934942288,35526.62355718783,0.045494254984260234,0.5120671563483735,0.44493952,11,1,-0.37558013668432316,0.795333608247639,-0.4399606935126181,0.34409571587883003,-1.1138905908818992,0.4713915942140084,-0.2910549877385934,0.44157349681508395,-0.11181443878965372,0.17488079237534104,-0.7346353970451207,-0.4152870155644019,-0.29796732070600734,0.7538929526374607,-0.7286114705535152,-0.20404753819132213,-0.037410623005536985,0.571402999140084,-0.6265178135820305,-0.21336953444372245,-0.602038936775105,-0.4178381613797482,0.791000196387723,1.170415796890084,0.12607442556176704,-0.4608668652450944,0.3347685196937828,-1.345522631193599,0.9113020208294859,0.5912895461419202,-0.0053824382556897955,-0.03632150001815679,0.2974963241218783,-0.41935675825440716,0.04574869162306139,-0.7776507451540662,-0.5433724378562435,0.8266843365716159,-0.2777610461492917,-1.1733169912206192,-0.43474787688536204,0.3137446547559549,0.1760550536319937,-0.23404330569207765,0.36031599503016787,0.1632257411758657,-0.3687580282040923,-0.7027757436602833,0.37982609005152146,-0.629571981199895,0.9999999935581555
287,95.40213523131672,18.580071174377224,93755.08540925267,0.4206049822064057,0.7046263345195729,0.3880822,8,1,-0.28941713683274023,0.7059266167615659,-0.4800286131352314,0.35802053259786476,-1.2128437423487544,0.490623176950178,-0.38277121472597864,0.38952903444839854,-0.13864584085729537,0.17164450536725978,-0.8271750027046263,-0.4308852771886121,-0.24905385145907472,0.7232471261921708,-0.7277576633451958,-0.13723547378967973,-0.09520671188028469,0.5415846069395018,-0.7393202686120997,-0.283900618480427,-0.5932917957295374,-0.36146545793594304,0.6939513401423488,1.103100433380783,0.1521630123174377,-0.4157529478647687,0.3281930837366548,-1.362161203558719,0.9398436178647688,0.5326407474733096,-0.007692742641565836,0.028049236220711742,0.3129172601825623,-0.48594768866548044,0.1289851009624199,-0.7242911380782918,-0.4834297939145907,0.845917450960854,-0.28676962943060497,-1.15338768955516,-0.3941988830782918,0.22354661666192172,0.19294191802135233,-0.19402625845551602,0.28076643889679714,0.10755350455871886,-0.27784998492526686,-0.6707880308896796,0.30230990615658365,-0.642269970391459,0.9999999666283843
293,34.38543247344461,6.626707132018209,47882.78148710167,0.14681987860394538,0.5447647951441578,0.46827048,14,1,-0.35859186946889227,0.7637159226403643,-0.46651110080880126,0.3325792951760243,-1.1538892567223065,0.4627763309802731,-0.3338996029978756,0.43321048065250384,-0.13015000906907437,0.1612927925185129,-0.7799699972534143,-0.40140870876783,-0.29507267676176024,0.7485801244157815,-0.7419993383611533,-0.15765968336245828,-0.04224360392795144,0.5918457964795144,-0.7041818396358118,-0.2495401504904401,-0.5960519090166919,-0.3994248425417299,0.7398266104552351,1.1364738931562974,0.124718991384522,-0.4539518917450683,0.35543673606160847,-1.3466861733232172,0.9431551154628224,0.5762497757056145,0.004993653609453717,-0.014100898697394537,0.31062262759908954,-0.45577707983004556,0.0967143231798179,-0.7648478016388467,-0.5113251118057663,0.8451255127314111,-0.30025385092488616,-1.160276178063733,-0.42589912544385433,0.27555768274734443,0.20782720126783005,-0.1993019606667678,0.31584636303854324,0.17095424586752656,-0.3280778244764795,-0.6851231096054629,0.31307079878907434,-0.6319308291957512,0.9999999982489627
295,40.69583333333333,7.733333333333333,35133.53333333333,0.14069625,0.6125,0.4142853,6,1,-0.3394636125416667,0.7077047303749999,-0.43186663815,0.30979178202916663,-1.1722187145416667,0.42055316954166666,-0.34687316248666666,0.3917733676054167,-0.10725993003041667,0.149203724505,-0.76846836425,-0.37679062587499995,-0.29033509690416665,0.6889905009583334,-0.7369766070416667,-0.11118919164645832,-0.037505812414541664,0.5577359299166668,-0.6747973792583333,-0.25083717314166665,-0.5492843642083333,-0.3707906485208333,0.6916085650833333,1.0574322577083335,0.11954855461833333,-0.45999648275,0.3254965063083333,-1.311613459,0.9218770406666666,0.5547745695416667,0.014776864274999999,0.02933098908116667,0.31544410353333335,-0.44514290190833333,0.10745391718833333,-0.7166295781875001,-0.48293710391666667,0.8220070334583334,-0.28741492801875,-1.0524259745416666,-0.40489930447916667,0.2393972938125,0.18545549137041667,-0.15415619644791667,0.2869128128375,0.1609064278075,-0.29065390190208334,-0.65141118725,0.2830033339583334,-0.6287864789583334,0.9999999180765868
297,41.67901234567901,8.347578347578347,14142.408357075024,0.21018528015194682,0.6077872744539411,0.46757647,1,1,-0.34236627120132956,0.7577625838556505,-0.44888431642924975,0.34215630174805317,-1.1665852524928775,0.44659264528964865,-0.353310542562678,0.4153155633941121,-0.12909703545441595,0.1415548995128205,-0.7821776992592593,-0.4088359437492878,-0.2715034627597341,0.7313258820892687,-0.7303096652041785,-0.16519887402276354,-0.07108065808483001,0.5522970162203228,-0.6720682341025641,-0.24662869147075023,-0.6001178067502375,-0.3975969781908832,0.7614371155175689,1.1569837251092117,0.11439091595366571,-0.4491697810484331,0.340963911599905,-1.3419290759829061,0.9347116812440646,0.5503090375213675,-0.003940812551238367,0.00999540031285755,0.29660980988300095,-0.43682153728205125,0.10135139821070276,-0.7566005018708453,-0.5270419057644824,0.8242195071335233,-0.3082551315930199,-1.1634569213675212,-0.39982226935042736,0.2807750456454891,0.19813043634045585,-0.20618431113836658,0.3160437321016144,0.15372016004814815,-0.295466700988604,-0.6721162783570751,0.34245742771415005,-0.6588592355270655,0.9999974920035137
298,66.3625,13.325,29713.725,0.32401625,0.4125,0.3998287,11,1,-0.316317142625,0.7281134513749999,-0.49408597600000004,0.345405734675,-1.214120861875,0.47261303037499997,-0.36235629715,0.40495141187500006,-0.15452843155,0.19495839645,-0.8114901606249999,-0.40734703836249997,-0.26997798075,0.7114327565,-0.748158067375,-0.13535566007375,-0.07275635583,0.5466188925,-0.719368099125,-0.267132322725,-0.579447460125,-0.36493040649999997,0.737371106125,1.136111663875,0.13759410324000002,-0.430497976125,0.343293647275,-1.3516486349999999,0.9589825490000001,0.525056885,-0.0154146487330875,0.03324781788,0.326809521125,-0.493611545875,0.11813241703999999,-0.74658850675,-0.496613361375,0.8316877385,-0.3122217859875,-1.151138333375,-0.397774815125,0.21115495421250002,0.1772616832875,-0.17397737936875,0.2897095527,0.14086478075,-0.29374995200000004,-0.662878236625,0.312852287125,-0.6587438575,0.9999988723069337
3,55.57142857142857,10.296296296296296,70765.67328042327,0.15613333333333335,0.44576719576719576,0.40652475,11,1,-0.35270042138359786,0.7521768466931217,-0.4548271333994709,0.3150000992260582,-1.1164395071666666,0.4521089871798942,-0.3300434092850609,0.40183961707142857,-0.12219842697009259,0.15250089506851852,-0.7723931210714285,-0.385452998439418,-0.29217454732275133,0.7171334043518519,-0.7142300736640211,-0.1700900946789418,-0.08068097541719577,0.5508223788359788,-0.6276303150238095,-0.23497296224470898,-0.5965270156269841,-0.37640841931883595,0.748648395436508,1.1481818504365078,0.11544533975660316,-0.4521889586111111,0.32728157100742067,-1.3348135937433863,0.9177397521825397,0.5755938159656084,-0.020116330646455027,-0.014411783100396825,0.3106555536753968,-0.4233052664444445,0.06960627641940476,-0.7437126591798942,-0.529651426494709,0.8010940436690477,-0.29932586158716934,-1.1372441117195766,-0.3981930373915344,0.2872411485477513,0.1681337611543254,-0.22146677477910054,0.30267274097089947,0.13951221834273808,-0.31473967326455027,-0.6561481116666666,0.3551071919298942,-0.6420227695171957,0.9999999997776633
300,39.46158334954289,6.876677689165532,129435.98599494262,0.1410541528885431,0.6448161836218634,0.44028255,14,1,-0.34142583073355576,0.7426121605325812,-0.42094441176215136,0.36833243869027427,-1.1203661118143162,0.47945125196732147,-0.2948737272477674,0.41724434579770475,-0.08795525285793543,0.18681367104653765,-0.7400250510066135,-0.4506096093744797,-0.2800986056469559,0.7387131894810348,-0.7258837302528691,-0.24010450256924915,-0.09441713398567789,0.5592963670165337,-0.6235935291720677,-0.2288800085794826,-0.6184630377897296,-0.4097111329241393,0.7265126484680023,1.1486660082462556,0.15885006344929897,-0.4373147114581599,0.2739194005140381,-1.3518405249893017,0.8753586740575764,0.5986108921989886,-0.019819377096475976,-0.03959613666507596,0.268491198756312,-0.4231855266004279,0.04363247634457032,-0.7805535341217662,-0.5460068646331453,0.8350520840569927,-0.21346654601269405,-1.1640305161085391,-0.44540868125053495,0.31245775157366273,0.1923963364272768,-0.21752225283388446,0.3385072217473254,0.08186767362978604,-0.358337093119043,-0.7081082039507878,0.35888987573059716,-0.6198882238679051,0.9999998896090775
301,43.97727272727273,8.136363636363637,62117.15909090909,0.1834181818181818,0.7272727272727273,0.50585437,12,1,-0.3314622534090909,0.7438259386363637,-0.41569106125000005,0.3929089747727273,-1.1866787650000001,0.48467128409090904,-0.35106345245454545,0.41950036454545453,-0.10651639365909092,0.16440367538636363,-0.7785042668181817,-0.4539414038636364,-0.23990108954545455,0.7206092520454545,-0.71024041,-0.1883034815340909,-0.09364785117113636,0.5556858290909091,-0.6833791970454546,-0.2621578261363636,-0.6016276661363636,-0.3999127111363636,0.7167368697727272,1.1317008375000002,0.16784062162727273,-0.4467679638636364,0.30210572884113635,-1.3559236931818182,0.8985754897727273,0.5642286313636364,0.009222746080045453,0.006681851488636364,0.30707526949999997,-0.45778173795454546,0.07226151484090909,-0.7661249502272728,-0.5222483265909091,0.8635160284090909,-0.23635861386363635,-1.163760565909091,-0.4333168918181818,0.2888344653181818,0.1973768984090909,-0.20433857795454546,0.30748514,0.09617513502272726,-0.31492208931818183,-0.7058421340909091,0.31629395909090907,-0.6381286679545455,0.999999998154852
302,68.52941176470588,11.926470588235293,110162.04411764706,0.06545882352941176,0.5882352941176471,0.39591175,1,1,-0.28924791323529414,0.6821314857352941,-0.40203664172058823,0.38801771919558825,-1.155001953235294,0.4850398651470589,-0.32136255895588234,0.38445991588235295,-0.06457152247499999,0.1998949343382353,-0.7628507977941177,-0.4848050463235294,-0.25763471941176475,0.6973459497058824,-0.6938142738235294,-0.23323014332352943,-0.16912128088235293,0.537229081617647,-0.6807115819117646,-0.25498954897058823,-0.6234476230882353,-0.3999461494117647,0.6709290250000001,1.1307978529411766,0.20300999391176472,-0.42965097779411765,0.25420154802941175,-1.3668888411764706,0.9141486655882353,0.5429386089705882,-0.00046314931500000025,0.0041356762235294124,0.2740288279558824,-0.4563559783823529,0.038657138435294114,-0.7687625177941176,-0.5197637920588235,0.8754403860970588,-0.19579680305147057,-1.1546772102941176,-0.46671852161764704,0.27990718185294117,0.18791800377941176,-0.1762038234264706,0.3173314994117647,0.01971119061764706,-0.3183329442647059,-0.7076003586764705,0.3261243779411765,-0.6270630554411765,0.9999999889994359
305,54.25806451612903,9.301075268817204,338166.5806451613,0.10048387096774195,0.5161290322580645,0.323311,0,0,-0.34359337693548386,0.724968097763441,-0.3712561795698925,0.3685886831827957,-1.0633282369892474,0.45209964849462364,-0.2566020325483871,0.4045500180645161,-0.02892873452688172,0.20017440198064518,-0.6671322937634409,-0.4475485053763441,-0.2908315157096774,0.6971536965591398,-0.6811801358064515,-0.2643140146774194,-0.10771247359892473,0.5669819864516129,-0.6056997604301075,-0.23077616193924733,-0.5970756490322581,-0.4467263696774194,0.65223884,1.1011533435483871,0.2131611351075269,-0.47735928462365596,0.2352456973483871,-1.3334140594623656,0.8406100807526882,0.5904352355913979,0.016588766731182793,-0.027594460002150534,0.2597979857526882,-0.4005939091182796,-0.011172137784946237,-0.7869787350537634,-0.5401445441935484,0.870868568172043,-0.1431717637892473,-1.1071343241935483,-0.4878713076344086,0.32492430543010753,0.20658580092473117,-0.17180220719354838,0.3412290759139785,0.04596054860860215,-0.38398775612903224,-0.7504568524731183,0.32724165240860215,-0.5748092795698925,0.9999998093872867
306,63.25710754017305,11.640296662546353,73766.24598269469,0.19917447466007415,0.5488257107540173,0.4035656,11,1,-0.32843667729975273,0.6955991229913474,-0.4335342183011743,0.3521073192595797,-1.17421258118356,0.46726969778121136,-0.3354419195724351,0.3925880554264524,-0.12559025022292955,0.1613570696806366,-0.789871936619283,-0.43548624555191595,-0.25890819201532755,0.7078589235908529,-0.7238507748516687,-0.1682280412167942,-0.12248529344460445,0.5433058230469716,-0.6844961379629172,-0.2567994736909765,-0.5940731883189122,-0.3805870422713226,0.7169986254697157,1.1313208489060569,0.16295610627156984,-0.4479608837144623,0.3077913466684611,-1.3519878799938196,0.9355311602348578,0.552133207657602,0.007950746794820149,0.012457241061130407,0.3156071844349815,-0.4635446771922126,0.07345824995711372,-0.7300654650123609,-0.5205490643726823,0.8398236530284301,-0.2903883949153276,-1.1476788351112484,-0.4226084067391842,0.26116113749320147,0.1996597927145241,-0.1871282495484549,0.2726051155975278,0.08671428015795427,-0.2930880112558714,-0.6716091809493201,0.3267115228337454,-0.6446207905747837,0.9999999956569258
310,34.66381156316916,6.341541755888651,159661.26124197003,0.12477944325481799,0.6873661670235546,0.41790533,0,1,-0.3685631644154176,0.7787345618522484,-0.44311270253629553,0.37527893170235543,-1.1519188267558886,0.4670826262216274,-0.31503959094197004,0.42776601038650963,-0.10160128767965738,0.17644481410456103,-0.7490435364132763,-0.4278549450390792,-0.2902532844785867,0.7402008978586724,-0.731697219229122,-0.20866365779197002,-0.04265850082608137,0.5814753886509636,-0.6541812595203426,-0.238774222565,-0.6109020481498929,-0.41256863729014986,0.7561888115353319,1.1511656596895077,0.13871175287526769,-0.45420156891295504,0.33235574373008564,-1.3362620378800856,0.8824083411134904,0.6012761907494647,0.0034480701208029975,-0.03220908476007773,0.3031459701896146,-0.44270204682976444,0.0596849154269379,-0.7716607152569593,-0.5406052704411135,0.8435975251284796,-0.26111390517152033,-1.1475259422591007,-0.4366173886659529,0.29727249454710925,0.1891033052544968,-0.20868882205910064,0.3429861930706638,0.13254499647173448,-0.3649109980567452,-0.7090143563169164,0.3290712534239829,-0.6348084264261241,0.9999998438745
311,53.58297258297258,10.17027417027417,335831.2756132756,0.17947813852813851,0.5454545454545454,0.3964336,14,1,-0.3389375178372294,0.7332648220923521,-0.42838356762193364,0.3546473787994228,-1.1875357774386726,0.4673234665606061,-0.35182939693939397,0.3964254399307359,-0.11127864472916162,0.16417955780119625,-0.7830774874458875,-0.42635059230303035,-0.27651308152438675,0.7199598687828282,-0.7267532598629148,-0.15938182659646463,-0.0779471544073593,0.5505635688961039,-0.6730828672799423,-0.24350697702597401,-0.5925548571760462,-0.39753620731219336,0.7304819970234488,1.1279383443434343,0.13824943762145744,-0.449623640959596,0.338068356627417,-1.3436748672005772,0.9230717048629148,0.5498307767965368,0.001723353813321789,0.010781366207655123,0.3186927972849928,-0.4599395410750361,0.08119665887665946,-0.7449206546464646,-0.5191479336652237,0.8377388451370852,-0.2799340355598124,-1.1435630745613277,-0.4246156125533911,0.27297662591125543,0.18749093747056278,-0.19511847008862918,0.30868842153102455,0.12235292651633477,-0.2999005749848485,-0.6723238296753247,0.33193603440836944,-0.6522390351298701,0.9999998091652136
312,42.64831804281346,8.451070336391437,65547.30428134557,0.2634024464831804,0.6391437308868502,0.4408938,14,1,-0.3489114107492355,0.7662047547400611,-0.49730123403088683,0.2927997692359327,-1.1496362788379206,0.45170345787920485,-0.3493348064025382,0.4338489897859327,-0.1622747633737309,0.15888156947844037,-0.8009050434556576,-0.36280021681957186,-0.29715533850152903,0.7324507773180428,-0.7420582862996942,-0.13533523329357797,-0.04050990361865443,0.5654023787003059,-0.6723874719571865,-0.2371289208003058,-0.5906785499285933,-0.36909195790321103,0.7839913581957187,1.156918291620795,0.08245453617262997,-0.43960741201834863,0.35963697463455657,-1.3259507922018348,0.9513679822018348,0.5720697443425076,-0.019179312555856268,-0.018507208017262997,0.3132199386292049,-0.44872123726061164,0.11407640819206422,-0.7454217990366973,-0.5163523290657492,0.8008760869174312,-0.34234829586896026,-1.1612002171712539,-0.38599190328440364,0.25460873947706425,0.16765551599174314,-0.20761827036483183,0.3086157106957187,0.21051063653440366,-0.30322794997859326,-0.6403381471865444,0.3565893740642202,-0.6470495588226299,0.9999999931708241
313,65.95036764705883,10.595588235294118,115417.81801470589,0.1447577205882353,0.6966911764705882,0.41402924,14,1,-0.2982674156720037,0.6736656216985294,-0.36012742604737136,0.4292349643658088,-1.1265157146691176,0.4969902742297794,-0.253549022164522,0.38420336389705884,-0.03523920724159927,0.23078815879283088,-0.7126518995036765,-0.5485573633768382,-0.2634306339650735,0.7126577344117647,-0.7103324557536765,-0.3061817828822059,-0.16519190732253677,0.5541004590073529,-0.617500562180147,-0.2362311876194853,-0.6353741093198529,-0.4427568170716912,0.645109581648897,1.1262006459007354,0.23353632284154413,-0.4337231424632353,0.17796400245514707,-1.3592412241360294,0.8321764901654412,0.6056383673713235,0.0015528751265919119,-0.04210963153981618,0.25191644904779414,-0.44137282113235293,-0.03205204154163603,-0.7943776615827206,-0.5670991151838235,0.892547741764706,-0.10771679076909926,-1.1525347770036765,-0.5104015527205883,0.32174384148713236,0.2166713486194853,-0.19254578619889706,0.34191439606617646,-0.04735921026525735,-0.3835143877647059,-0.7666672527757353,0.3671789468933824,-0.5722188642830882,0.9999999797443921
315,41.81990521327014,8.265402843601896,64581.50592417062,0.09681883886255925,0.5616113744075829,0.41300064,14,1,-0.3540467976777251,0.7508377927369668,-0.45222338275710905,0.34398003872760663,-1.1689725613862558,0.4699784336279621,-0.34754578986540285,0.42196354572393363,-0.13724837233299764,0.15593166987985782,-0.7903606271563981,-0.40668419529265404,-0.283567542464218,0.7333780069194313,-0.7351772402251185,-0.15330285657055687,-0.06660727741806872,0.5631632047156399,-0.6865597264526067,-0.24971425792772511,-0.5932273150473933,-0.39973804512456157,0.7439363138744076,1.1379457129739337,0.1305046290525474,-0.45097665882227483,0.35372367787523695,-1.3439256389336494,0.9346504420085308,0.5627044915521328,0.008276226007945498,-0.008926723173471563,0.32235914880331756,-0.4552842824265403,0.09401088983495261,-0.7518014206398105,-0.5195534453649289,0.8505414663260663,-0.303281192406872,-1.1533600446919432,-0.43017982703791474,0.273380859724526,0.19388557840699053,-0.19801500724052135,0.31446968584952606,0.16145532286264216,-0.3113911865165877,-0.68365107771327,0.32358135878554506,-0.6471358963554502,0.9999999927961315
321,48.80230964963789,9.618712076727343,2211699.9250342534,0.2526721667645332,0.7079663339205324,0.43850365,14,1,-0.35861315154198475,0.7700635174265023,-0.47153132986453317,0.32536977291608926,-1.167698404973576,0.4562973946909376,-0.35088671479416716,0.43663192712311605,-0.14733636227358388,0.1625386337762607,-0.7974915007437855,-0.3763559079233118,-0.28010715767392835,0.7384703587488746,-0.7508511655803485,-0.14524952367453514,-0.038593771511374046,0.5743814693442943,-0.6857124631874731,-0.25403499570516735,-0.5816522226422,-0.3757754970099824,0.7607578690189861,1.1449058991935799,0.10011156483963006,-0.4432847515695831,0.3506176601553729,-1.3413861670706597,0.9303119123605402,0.5761008812155021,-0.009017959833335486,-0.00469532337011607,0.31414237180097865,-0.45756964113583876,0.11318107703156588,-0.7582371212554316,-0.5033876760941476,0.8162243860461147,-0.30974797159489137,-1.156629337545508,-0.3971170409356626,0.26649789753154435,0.19577000992262675,-0.20290360762417303,0.3117424537089411,0.19424413834930906,-0.3150882004672147,-0.661593146425915,0.3267454317083578,-0.6444710992816598,0.9999997126659467
322,240.6335403726708,45.80124223602485,49228.35403726708,0.42775465838509313,0.6211180124223602,0.33225873,13,1,-0.2975507144099379,0.6933719175776397,-0.4406361963664596,0.36450900708074535,-1.214272929006211,0.47886342590062114,-0.37633134139130436,0.37794015658385094,-0.12336199408447204,0.15332911067701863,-0.8027752723602485,-0.45190029732919257,-0.25092466298136645,0.7058038651552795,-0.7181411203726707,-0.1364110481409938,-0.10873205055248446,0.5268404600621118,-0.7265889320496894,-0.2698654024099379,-0.5839489155279503,-0.3806749611180124,0.6862747349689441,1.099332141304348,0.16422121054658384,-0.437197099068323,0.32415980211801243,-1.3654087677018634,0.9507504728571429,0.49734274782608695,0.002145597745403727,0.052334633808074536,0.3152940990248447,-0.4722251852795031,0.11288117570496894,-0.7255783618012422,-0.4863331043478261,0.8693432263354037,-0.2799532395652174,-1.123297434720497,-0.40959094801242235,0.23774487264596272,0.19574216880124223,-0.190188387378882,0.2896907051552795,0.0920299772621118,-0.26468302273291927,-0.6743186255279503,0.3077805140372671,-0.6501779221118013,0.9999911921017605
325,73.56692913385827,14.551181102362206,52907.30708661417,0.3196842519685039,0.5511811023622047,0.3906316,14,1,-0.3129225227559055,0.7197777909448819,-0.4693848774015748,0.3398804157480315,-1.215398048031496,0.47087828787401576,-0.39115709850393704,0.39474747968503937,-0.15169939437952756,0.1415235864015748,-0.8247330926771653,-0.41338282590551184,-0.26269276984251966,0.7154436026771653,-0.7249940086614173,-0.10334329878606299,-0.0791090750225197,0.5402307700787401,-0.732999861496063,-0.2713359077559055,-0.5791313474015748,-0.37586612944881886,0.725998615984252,1.1150924149606298,0.12919905726771652,-0.44311035968503937,0.3656281927874016,-1.3521602637795276,0.9659225019685039,0.4979858881889764,0.0003166433934645672,0.04607651526062992,0.33593572937007876,-0.46849163582677167,0.13493800958267715,-0.7323985781102362,-0.4931195832283465,0.84701778496063,-0.3355879402362205,-1.1423164655905511,-0.3880419889763779,0.2358519288425197,0.19811047483464567,-0.20029575707086614,0.2938882481889764,0.15022912102362204,-0.255109102519685,-0.6600065320472441,0.31488107826771655,-0.655426636456693,0.9999997956209306
326,91.48511904761905,17.12797619047619,26983.0625,0.3620455357142857,0.5714285714285714,0.36731756,14,1,-0.29770140166666664,0.6920921526785714,-0.448246298764881,0.36297156943244047,-1.2125393683035715,0.48085707291666663,-0.3703744697797619,0.38572713244047624,-0.12639033080803572,0.1670728195797619,-0.8109430168154762,-0.44636937034226193,-0.25413388995238095,0.7148455442857143,-0.7287273624999999,-0.14862276089494048,-0.10714923874979168,0.5368606627083333,-0.7103638659821429,-0.2686068303184524,-0.5966325858333333,-0.3778157952380952,0.700993259375,1.109476323720238,0.1576235602127976,-0.4309403838690476,0.31495105057738093,-1.3549692955357142,0.9308127998214285,0.5199461716666667,-0.006179493865982143,0.021651523842380956,0.30962655766666664,-0.4685795869940476,0.11035917546220238,-0.7433441842559524,-0.5059602209821429,0.8553009205654762,-0.2785848743834226,-1.1394832731845237,-0.4115545653571428,0.24360001790178573,0.1992497331875,-0.19489493905357141,0.29967782020833333,0.09199692502886905,-0.2816928533035714,-0.6735471060714285,0.3227163278273809,-0.6445912150595239,0.9999964292863252
327,144.96341463414635,28.170731707317074,29988.963414634145,0.465979268292683,0.6829268292682927,0.33682394,6,1,-0.2919067347560975,0.7063440719512195,-0.45950737719512197,0.3533030845121951,-1.213792456097561,0.477127691097561,-0.3965128415853658,0.3823808795121951,-0.14177360496341462,0.15105708574390245,-0.8283573584146341,-0.432279816707317,-0.25462502841463414,0.71107267,-0.7149349947560976,-0.11271946270731707,-0.1050517668109756,0.5280710359756097,-0.7218462129268293,-0.2697197698780488,-0.586965348902439,-0.37352531573170733,0.7159661314634146,1.1104275634146341,0.13640788150000002,-0.43224365012195126,0.34238035621951224,-1.349647092682927,0.9525316699999999,0.502378998292683,-0.005504172419512195,0.036361269447560976,0.3327004070731707,-0.46474045670731706,0.12579004580121952,-0.7300177857317073,-0.5023655520731708,0.8443191429268292,-0.3133482285853659,-1.1502753792682927,-0.40259272829268294,0.2398440912195122,0.18333631559756097,-0.2002196334878049,0.29242993426829267,0.12207078841463415,-0.24450468341463413,-0.6639856692682927,0.3237507704878049,-0.6571230182926829,0.9999914037817551
329,38.298507462686565,7.748400852878465,52206.77185501066,0.14392857142857143,0.5373134328358209,0.43110815,6,1,-0.38439256179957354,0.7790811130490405,-0.4746285741364606,0.32067563187036247,-1.1541457109808104,0.45646675728144986,-0.3459616768059701,0.4328524371641791,-0.15679454714307037,0.13087615952522388,-0.7869801812579957,-0.37166415655479745,-0.2904000502878465,0.7457394163113007,-0.7352597241151385,-0.1440364566110874,-0.037693261478827296,0.5631635080170576,-0.6682588091620468,-0.24406227992963755,-0.5841439401279317,-0.3832106862345416,0.7809709653731344,1.1593633090191897,0.10091735151940298,-0.4536705798933902,0.3766332803688699,-1.3371895869936035,0.9375568489765459,0.567334680042644,-0.00943518756890405,-0.0068612934490405115,0.33233420160341154,-0.4397437661535182,0.10669541782565033,-0.7498385629211087,-0.5278819321321961,0.8060188067974414,-0.34814716452238803,-1.1617288957782517,-0.38917209978592754,0.28020747778379534,0.18707158585138595,-0.21734351707889127,0.3090114670063966,0.19245110534307036,-0.3107663215565032,-0.6655264163539445,0.32681457163752664,-0.6521545899360341,0.9999999990367553
331,21.184607517259014,4.250575300434671,515908.88647404755,0.12390033239580671,0.613909486064945,0.4670148,0,1,-0.4260249813263616,0.8500773251148044,-0.4855534381765124,0.3234846458657888,-1.115858663724367,0.4498917611833291,-0.2936147812663258,0.4880272489823063,-0.1449480857411068,0.18434813177335824,-0.7622582416036819,-0.3570579603235745,-0.3117884529389415,0.7525280946630017,-0.7711359427307595,-0.19763006480240347,0.005218917860558937,0.6269448435208387,-0.6467352136334696,-0.2379535433260803,-0.6031475299015597,-0.4026360752048581,0.8251505789448479,1.20978772078113,0.10020170659431143,-0.4753929634558936,0.3730149768025058,-1.3435922919969316,0.9198758191920225,0.6429917263104065,-0.001890749695852135,-0.04609316473214012,0.33078313758176936,-0.45716247595515214,0.049203664012508315,-0.8033817554410636,-0.5370825808159039,0.8225005621857836,-0.31577590940151623,-1.182617206101662,-0.42505273106826896,0.30292560973191,0.19782940132591154,-0.22238892074566605,0.3293078880328049,0.22425351648803374,-0.41324909303656354,-0.6882154420861671,0.3368050739263615,-0.6522118421375608,0.9999997274378689
332,38.666666666666664,6.777777777777778,176154.88888888888,0.19225555555555554,0.7777777777777778,0.45748165,1,1,-0.3653585888888889,0.6531692266666665,-0.4244498222222222,0.32352566311111114,-1.08972082,0.46521026,-0.2594389226888889,0.4184085855555556,-0.056369389199999995,0.14392735066666668,-0.6894357988888888,-0.4598553504777778,-0.31019017555555556,0.7209758311111112,-0.6809233744444445,-0.22371971655555553,-0.09372792088888887,0.5797820311111112,-0.6546362499999999,-0.20937081622222223,-0.6401105477777778,-0.4206897188888889,0.6377522011111112,1.0986338333333334,0.20482446955555556,-0.48656214666666664,0.25545929444444443,-1.3251943000000002,0.9590607211111111,0.570732341111111,-0.0029843295555555555,-0.027855719,0.25165289544444447,-0.42621446444444444,0.025414979888888883,-0.7747610922222222,-0.5283227666666668,0.8632760755555555,-0.21527787555555555,-1.1092432333333333,-0.46031297222222217,0.2800191851111111,0.1911619555888889,-0.1713119307777778,0.29558254222222224,0.03419347611111111,-0.3627762122222222,-0.7089304033333333,0.33944689222222224,-0.5642885888888889,0.9999998449803278
335,29.097345132743364,6.227138643067847,349641.4837758112,0.10174159292035398,0.8495575221238938,0.4012767,12,1,-0.38922907942182894,0.7704305430678466,-0.5797492123289085,0.3452410135958702,-1.2125402044542775,0.49719834227138643,-0.35002521200884956,0.49432299383480827,-0.2635224486849558,0.10572092465955751,-0.8147796446607669,-0.38113093206489673,-0.30783925805309736,0.7387891200589971,-0.7845262233038347,-0.03921035623746313,0.009478692257522122,0.6073995279646017,-0.7018627958112095,-0.2130829911238938,-0.5821767068436579,-0.31231199088495576,0.7908853554867257,1.1773498100294986,0.08290233635752213,-0.48500798551622415,0.35983010059882004,-1.321156198820059,1.0409684782595872,0.6002922691740413,-0.05299026081017699,0.003715885301077875,0.37963329566814163,-0.48009829938053095,0.12640660000353982,-0.7799835723893805,-0.5367426691740413,0.7763549201769913,-0.4100588325191741,-1.1649803786430677,-0.4076551757227139,0.21138289362241888,0.1403842342761062,-0.1826388644336283,0.2524552070501475,0.2802978832684366,-0.2978582375221239,-0.6877009941887906,0.3621320929498525,-0.6280572821828909,0.9999997584938628
336,68.62962962962963,13.703703703703704,122716.96296296296,0.3705074074074074,0.8888888888888888,0.4270102,12,1,-0.31590040407407405,0.756096657037037,-0.4947517225925926,0.3384346059259259,-1.1878593777777777,0.48061891333333334,-0.4078402051851852,0.411435725925926,-0.19739236866666665,0.12968229714814813,-0.8743662,-0.3866566662962963,-0.26215866407407407,0.730710267037037,-0.7553967840740741,-0.0931021553962963,-0.09065110714814814,0.5456483874074074,-0.7322063837037037,-0.280343647037037,-0.5736660825925926,-0.33626936074074076,0.752781491111111,1.1479688222222222,0.09615772907407408,-0.41608167777777777,0.3672608988888889,-1.370062314814815,0.9664736607407407,0.5748769292592593,0.0007138360296296292,0.03137139154814815,0.35896013888888895,-0.48285201037037034,0.14034307444444444,-0.7167504485185185,-0.49687437481481483,0.8247453325925925,-0.34767150592592594,-1.165147625925926,-0.39748651185185185,0.2285657688888889,0.1780538451851852,-0.20421371314814815,0.27302669,0.2030724528888889,-0.24692374296296296,-0.6571539166666667,0.3304411848148148,-0.6731705933333333,0.9999999779842308
338,51.79615384615385,10.923076923076923,53027.10384615385,0.192065,0.6576923076923077,0.4052319,0,1,-0.3457295472692308,0.8015211052692308,-0.5282624240769231,0.2755612863,-1.1379367009615386,0.4365482678846154,-0.3587812384230769,0.43606953803846155,-0.18793288386153845,0.18214808861807694,-0.8205913413461539,-0.3277032772692308,-0.2991780608846154,0.7379758285769231,-0.767994069,-0.12366908690769231,-0.03870334222230769,0.5659048694615384,-0.6709133761153846,-0.2449447240423077,-0.5745266366153846,-0.3558929575769231,0.7999798316153847,1.180761725,0.06864648949192308,-0.4266419392307692,0.37427873,-1.3285976046153847,0.9611297171923077,0.5869240798846154,-0.03845520820069231,-0.019816835963846157,0.3180372998307692,-0.4582028995,0.12430811939307691,-0.7512568308076923,-0.523603653,0.7741379830384615,-0.35297102403846153,-1.1853907563076922,-0.3806080194230769,0.23629178894230768,0.15854751099884618,-0.19384632053076922,0.2912462118076923,0.2328261057423077,-0.29283241007692307,-0.6274195500769231,0.3467850698076923,-0.6756315696538462,0.9999999752197436
342,56.8130081300813,11.21951219512195,42726.260162601626,0.12580894308943089,0.45528455284552843,0.3919564,14,1,-0.3229536013821138,0.7258919092682927,-0.46075927008130085,0.3241110736178862,-1.1960509686991871,0.4684565375284553,-0.3738608991869919,0.4107836263414634,-0.1451707973500813,0.14109918366910568,-0.8010598150406504,-0.40698937702439025,-0.2708550929268293,0.7269175034146341,-0.7332430030081301,-0.11347740960162603,-0.058869748010081296,0.5450187002439025,-0.7174783556910569,-0.25740115902439026,-0.5747736391869919,-0.3877947701869919,0.7284882252845528,1.1068394479674797,0.12992691545528454,-0.45345284861788615,0.36586363776422764,-1.3496553918699188,0.969501692195122,0.5098174794308943,0.00672514801300813,0.015942498126016263,0.3160829901626016,-0.45193104845528453,0.13928709033333334,-0.7342041028455285,-0.48991492081300814,0.8600830258536585,-0.3314139133333333,-1.140351935609756,-0.40016387780487805,0.24916194146341464,0.19375258050406505,-0.20733391763414635,0.3095199195934959,0.16508057346260163,-0.27564482983739835,-0.6600107760162602,0.3128763140325203,-0.6479020108130081,0.9999998327300208
343,75.84845360824742,15.28556701030928,369233.72268041235,0.31693432989690723,0.5608247422680412,0.37036377,8,1,-0.32368515226804123,0.7321480752886598,-0.4609237154742268,0.33580320437113403,-1.199702653927835,0.45735290419072167,-0.39004775897938143,0.39346770255670105,-0.1522544845798969,0.13196157707117526,-0.8177106310206186,-0.40120727225773195,-0.26559095321649484,0.7231205302061856,-0.7273322814536082,-0.09713712572836494,-0.07144132579227835,0.5413242348144329,-0.7343435574639176,-0.27215054716804127,-0.5654368826907217,-0.37543124508865977,0.7219965990515465,1.111227275969072,0.12078418959969071,-0.4504017634329897,0.36808106431237114,-1.3550096992164948,0.9744454013711341,0.5090677920515464,0.013304479909494845,0.04847354923895876,0.33688198262680413,-0.4690224870489691,0.13653430872412373,-0.7261208481237114,-0.48154652691752575,0.8465830591340207,-0.33496944508969073,-1.1330797519690723,-0.3897985314742268,0.2367524878597938,0.1927385411340206,-0.19532096454649486,0.2867172971247423,0.16950400923680414,-0.252850125671134,-0.6622076658969072,0.3094811260701031,-0.6519634722783505,0.9999998370438156
344,55.0,10.533333333333333,65844.06666666667,0.16838666666666668,0.7333333333333333,0.4745859,14,1,-0.352911388,0.7437949593333334,-0.44354279066666663,0.36514936693333333,-1.1821616400000001,0.5093014513333334,-0.35136655386666665,0.41247419399999996,-0.12801933716,0.1844777172,-0.7864375966666667,-0.4248641813333333,-0.25487073866666665,0.6945133933333333,-0.7166403806666667,-0.16034906666666665,-0.10931509732666668,0.5403829459999999,-0.6860668466666666,-0.24810901566666665,-0.6076150926666667,-0.40335695866666665,0.7433077633333334,1.13401746,0.17375890060000002,-0.4522603066666667,0.34980963299999995,-1.3646002466666667,0.928006436,0.5363425199999999,0.004409463559999999,0.03281881998,0.3216190466666667,-0.475373254,0.07828960290266668,-0.734052254,-0.495673478,0.8787403260000001,-0.2602233717733334,-1.1413505333333334,-0.43787978200000005,0.26396720506666665,0.18645652266666665,-0.19738259533333335,0.28104234266666667,0.1347833724,-0.3022659366666666,-0.674036518,0.33288263399999996,-0.6774436846666667,0.9999999973300876
346,43.15485074626866,8.692164179104477,63236.38432835821,0.19002705223880598,0.6231343283582089,0.43619663,14,1,-0.3374205961287313,0.7500242598880597,-0.47234427899253734,0.35442376311380597,-1.2119401518656716,0.48212608106343285,-0.36818872374048506,0.41657374434701494,-0.1471703088369403,0.16511140927929105,-0.806655031119403,-0.4179824689067164,-0.2634002220839552,0.7229657273134329,-0.7342915420149254,-0.13505858181,-0.06084911283337873,0.5543971766044776,-0.6989280591231344,-0.2560836749468284,-0.594257675858209,-0.38388593172574625,0.754886671511194,1.1351913903171642,0.12784436422250373,-0.4399733986567164,0.3524709361891791,-1.3468848063432837,0.936444853097015,0.5405568194029851,-0.009023759694197761,0.020295663858208954,0.3310558500373134,-0.47515589011940296,0.10855410671481343,-0.7434333018283582,-0.5095793796828358,0.8383776393470149,-0.3075483293656716,-1.1587738109141792,-0.40100880311567166,0.2522586414733209,0.18405134018712688,-0.2061253994402985,0.295129019766791,0.15518052417145523,-0.29720666023320896,-0.6703251291044776,0.3274458803768657,-0.6593721703731343,0.9999999963655851
348,26.139134966128193,5.5608824040298765,121337.38249088067,0.18792541254125414,0.5756470383880493,0.4778036,11,1,-0.37561335807486534,0.8171668335052978,-0.5297613907604656,0.3022656823745353,-1.1387438659914886,0.4612644304280007,-0.3320369497033177,0.46758328746395694,-0.18169816152944937,0.16433376504781205,-0.795980731747438,-0.35615111242322395,-0.32111270386885526,0.7457301569312141,-0.7635640001563314,-0.1313647028240212,-0.006334739662245492,0.6075634666805627,-0.681840636360118,-0.2335084501456314,-0.5904805049204447,-0.36790859701076944,0.8170648519645648,1.194321677969081,0.07349465423806219,-0.46127101733368076,0.38101809813722426,-1.343416230220601,0.9777459889682126,0.6051240297411846,-0.02058839156680094,-0.011470886589127463,0.34940878706050027,-0.46232416200851134,0.09741216143053744,-0.7770139338214348,-0.5243023278599965,0.7870004457651902,-0.36750177535782524,-1.1973362893138788,-0.4039190364059406,0.26043974893803024,0.1663571864974188,-0.2114244269581379,0.3015808455098141,0.2540861254961746,-0.3387573274406809,-0.668702541737537,0.35360624671754387,-0.6489596373437554,0.9999998437131198
351,67.61369863013698,13.22648401826484,16473.490410958904,0.24918018264840183,0.4694063926940639,0.41063553,1,1,-0.3359080622,0.7375501580383562,-0.4703782222246575,0.3196758445323288,-1.17175605913242,0.4602893644465753,-0.36856482296621,0.4012978270657534,-0.14115420697178083,0.13760399348228677,-0.8051027819086758,-0.3926070252248402,-0.28489956100913244,0.7249071381461187,-0.72724767,-0.12781960465096803,-0.07441961635505663,0.5425240731269406,-0.6944093156652968,-0.25499190980210046,-0.5851647937625571,-0.37531158095251144,0.7468055758538813,1.1339257686575344,0.11332440280718538,-0.4444880792328767,0.36474416019939726,-1.3488717736803653,0.9640281142557078,0.5326224898356164,-0.0043783606396219175,0.02010879857471233,0.3256237337315069,-0.45088643331872147,0.12407509078621917,-0.7355069456164384,-0.5038488188949772,0.8209823056984474,-0.33864669896499544,-1.1496767234429224,-0.3912780949150685,0.25384899085753426,0.1776955757275799,-0.20564110159342466,0.2994555050027397,0.1649910119154338,-0.27750792204474883,-0.6563348938666667,0.32482352008401827,-0.6546685697351599,0.9999941894456834
352,36.51625516702045,7.4056529996648415,3120957.1119427998,0.20030269243659926,0.7112054519048151,0.4747434,13,1,-0.34783077246922134,0.7703200378002457,-0.471611854365091,0.34280106541878,-1.1940627518120879,0.45032021700766395,-0.36599815911594236,0.4392393806667411,-0.15304751977323203,0.16464357610215619,-0.7997099509367668,-0.40084573437370125,-0.2696175866892861,0.7415848576449559,-0.7459580261523853,-0.12515827945532548,-0.035541974515194835,0.5745554691989722,-0.709051186929103,-0.25281223715878676,-0.5915490961939448,-0.39270206836163557,0.7720099824768183,1.1367324179413472,0.10545786743232431,-0.4499404303764942,0.357019215605093,-1.3268454053982794,0.9372285354563735,0.5483839209228019,-0.003831656100471232,-0.009295975516603397,0.3198006435469333,-0.4624073557065691,0.11348080090186885,-0.7687238632577366,-0.5118043289032399,0.84222699496816,-0.31251991714420735,-1.1584701796335606,-0.4135249508759915,0.261220881723584,0.19165250441988493,-0.19945034918233492,0.3142162704009608,0.19470958413435147,-0.3019488425644431,-0.6708542118167802,0.3298148577966596,-0.6549961364421852,0.999999704602457
356,21.386352479135983,3.8001963672066763,197404.71624938634,0.11902061855670103,0.7560137457044673,0.35298407,0,1,-0.4401266938065783,0.8228514064555719,-0.4147558435504173,0.40293007921698576,-1.1246037069857633,0.4708640205635739,-0.25471804155713795,0.4630053764727541,-0.0984708356676436,0.17612448836556702,-0.7104501278792341,-0.42762062449091803,-0.30449800053598425,0.8179933933473246,-0.7561006644771724,-0.24640839442596954,-0.006138483922280315,0.5947937750957291,-0.6348333145135003,-0.22447827177613158,-0.6061861991953853,-0.43474270667599413,0.776350803406971,1.1748538751939126,0.14249049297554492,-0.45339801789985273,0.3302241739097202,-1.3493874065390281,0.8505246611487481,0.6272532677025037,-0.008778089518841433,-0.07441182667939616,0.2924524216916897,-0.4342077746121748,0.010135354069150712,-0.8170983901767305,-0.5469309174688267,0.8322376023416789,-0.23377760897324498,-1.1669282483505155,-0.44901366260054,0.34698925357943056,0.2157908235488316,-0.23239573050515464,0.395827171724595,0.15059276144297498,-0.44662806411929307,-0.7646430364604812,0.3456760610743741,-0.5957589202852234,0.9999997758408827
358,62.312451057165234,12.33476898981989,518490.3476898982,0.1459162098668755,0.5990602975724354,0.42148495,13,1,-0.349376942367267,0.7676332278504306,-0.47710921115270166,0.3152226070242757,-1.1999513941777604,0.45909597757361,-0.36770531663884104,0.45445656009631946,-0.1549970518828113,0.17400680155239623,-0.808989259761159,-0.3721991112000783,-0.2855120826769773,0.7299675084259984,-0.759230628531715,-0.141714469464722,-0.035357945544426,0.5721464948238059,-0.7331817924706343,-0.26686452849882536,-0.5769455928504307,-0.38449432989584964,0.7342670304659358,1.1553826754659358,0.11462764171151135,-0.44864473315740017,0.378176995265231,-1.3363459251057164,0.961303645826155,0.5527642167345341,-0.0015111223304671104,-0.004038681601561863,0.33077805777623337,-0.49558394890877056,0.10668055699473375,-0.7590369080892717,-0.47085597875646046,0.8542189532145654,-0.33214390881793265,-1.1818328423766642,-0.41342257949099454,0.24966907140422864,0.2048098970279953,-0.18585351264283478,0.32147616212333596,0.20353126044287392,-0.31957421364526234,-0.6593132170798747,0.30970329151840253,-0.6320218459005482,0.9999997835956909
363,44.970622796709755,7.943595769682727,169124.15158636897,0.12081045828437134,0.6850763807285546,0.43457618,14,1,-0.3186477804329024,0.7209598617743831,-0.4083519040707403,0.4044983867896592,-1.1540668900352526,0.4876729539494712,-0.2987442422077556,0.4140045197720329,-0.06785585563188014,0.20717751637673326,-0.7366797103407755,-0.4952564893772033,-0.2576284533478261,0.7177649968390128,-0.711196996733255,-0.24239899209698004,-0.11997105672001762,0.5684539263572268,-0.6605720514453584,-0.24466705608695652,-0.6296237694195065,-0.4216118728578144,0.6759543500376028,1.1314173035252644,0.2056257709083431,-0.44425803526439483,0.2486015615981034,-1.3511564680376027,0.8770549125499413,0.5742493317626323,-0.017852871058766158,-0.022350523968319623,0.2726526069036428,-0.4456330696827262,0.015307120733995299,-0.7931801135605171,-0.537105934253819,0.8763848897414807,-0.17357572358977674,-1.164829509917744,-0.4775636712455934,0.30818653673090485,0.21122843042620448,-0.1962508686690952,0.3269782995487661,0.02612694481880141,-0.35848807114453585,-0.7339598938695652,0.32984162382608695,-0.6107412306698002,0.9999998701371142
367,87.18627450980392,17.40819964349376,216201.12210338682,0.26187263814616757,0.6122994652406417,0.38709942,14,1,-0.3305747393137255,0.7286225217647059,-0.454405898627451,0.34302857504456324,-1.2084054991087343,0.4730666816301248,-0.3944007555766489,0.38808595979500893,-0.14423460829718004,0.13078919290655971,-0.8147499376381462,-0.4054066082308378,-0.25176859770944743,0.7337076765240642,-0.7114494759625668,-0.11265005211096256,-0.07821268250746881,0.5191056937700534,-0.730972827184492,-0.2753076156755793,-0.5781321357433155,-0.39205015894830664,0.7082429740819964,1.105253083778966,0.14096265054723706,-0.43422789524955435,0.3827371529803922,-1.3506119580213904,0.9528669509269163,0.49052053760249553,0.0008353430801283422,0.04406409367344028,0.32350555258556146,-0.4635712759607843,0.13128029385142603,-0.7142972718805704,-0.48343005665775407,0.8544647945454545,-0.3235665670641711,-1.1441547472727271,-0.38679747842575757,0.24468253212477717,0.20288503487254902,-0.200732635508467,0.3004561409500891,0.14062226656221036,-0.25379047084759354,-0.6662179604991088,0.29953745409001786,-0.65635473728164,0.9999999317908432
372,52.73327541268462,9.661164205039096,188108.23023457863,0.13455873153779324,0.4934839270199826,0.41631347,11,1,-0.3232163568227628,0.7025483053344918,-0.4259221367958297,0.3763440820169418,-1.1811504068114682,0.483428426730669,-0.34034488983788014,0.4068096838053866,-0.10729392304847958,0.1743773906106603,-0.7724936701998262,-0.4554617665496959,-0.2510722676512598,0.7054512676020852,-0.6998614264813205,-0.1900638657776716,-0.1123865443967159,0.5433763914074717,-0.6885129530304084,-0.26020591488331885,-0.6119256559165943,-0.4110249975412685,0.7082220007732406,1.1227799977237185,0.17623624930646395,-0.4545157508166811,0.3006153941373588,-1.34652927483927,0.917182311702867,0.5351355936490009,0.018104572372032494,0.0004798573181754997,0.3001293559226759,-0.4598285179409209,0.0739836590575934,-0.7525867193223285,-0.5130355031364031,0.8833387058210251,-0.25562987960486533,-1.1467321346655082,-0.4343231851607298,0.27084684480668986,0.19670232527914855,-0.19713504256967854,0.3031529879887055,0.08236229072045179,-0.31206422955430063,-0.6969492984708949,0.3292612040302346,-0.6301951240486533,0.9999998775691397
373,80.5,14.0,98918.75,0.499425,0.5,0.33446792,5,0,-0.2725852125,0.67957454,-0.4318921775,0.388095015,-1.2232907499999999,0.460541825,-0.37203260000000005,0.400840245,-0.1322708637,0.1802569575,-0.8123916449999999,-0.4674949825,-0.22947625,0.70898437,-0.706956735,-0.160564296,-0.13780947375,0.51126733,-0.7179953175,-0.2751378025,-0.61622145,-0.39314688,0.71077675,1.112658075,0.15391295525,-0.4173865625,0.27411684000000003,-1.3228163,0.8929950625,0.4961555825,-0.0031943408999999985,-0.011170643375,0.2944883275,-0.47716355,0.06702335675,-0.746247625,-0.49894544,0.88356356,-0.2550390375,-1.1392646499999999,-0.41504413,0.2484676125,0.19251084,-0.19253103500000002,0.3110527675,0.08987135625,-0.28972560999999997,-0.692718345,0.361016785,-0.626341205,0.999999998806736
374,52.68695652173913,10.4,44381.30434782609,0.17079304347826088,0.5478260869565217,0.38302106,11,1,-0.3302636366956522,0.745043626,-0.46554020139130436,0.3463919185217391,-1.1936789057391304,0.4717347494782609,-0.3753925808782609,0.41342907017391306,-0.13438993476521738,0.1508485653701739,-0.7959245853913044,-0.40369847177391305,-0.26362162891304347,0.7205860012173912,-0.7211391386086957,-0.13609029640626089,-0.06567489396382609,0.5436183774782609,-0.7069383898260869,-0.26077405509565216,-0.5856102754782608,-0.3731397583478261,0.7245984240000001,1.1303564633913044,0.12910451941652173,-0.4487483789565217,0.3540574323130435,-1.344062576521739,0.9505124380869564,0.5314806702608695,-0.00986976758,0.02083583159713913,0.3198838610521739,-0.46395544229565217,0.11330914796956522,-0.7408485207826087,-0.4831675802608696,0.8338230516521739,-0.3145961282521739,-1.1590360213043478,-0.3962234988695652,0.25620925534782607,0.1815686073652174,-0.20484727917391307,0.3044436146086957,0.15179699382608694,-0.28680620365217396,-0.6646823786086957,0.31709773426086957,-0.6419768753043479,0.9999999061121844
377,14.5,1.25,226853.25,0.0,0.75,0.40066156,4,3,-0.28672893499999996,0.6928591374999999,-0.243736145,0.463174865,-0.621618305,0.53412222,0.0548079125,0.42964864,0.23707691825,0.43865891500000004,-0.440848665,-0.69012775,-0.31839901000000004,0.6975455899999999,-0.59850161,-0.6482718550000001,-0.32697587,0.755778375,-0.51963353,-0.18904662249999998,-0.703898125,-0.59848155,0.30680292,1.1390102,0.468759545,-0.5238601,-0.11698974999999999,-1.4047627999999999,0.80920244,0.83699648,-0.0124364515,-0.2171547575,0.048759272,-0.250297022,-0.29769684375,-1.0531273,-0.6181825575,1.045502975,0.31906263349999997,-1.2981319625,-0.892095375,0.5732855625000001,0.36169212500000003,-0.1768849525,0.4612982475,-0.39166459825,-0.5174653775,-0.9653181525,0.31290528749999996,-0.3246461475,0.9999997437480901
378,59.89430894308943,11.463414634146341,92372.56910569106,0.2081390243902439,0.5203252032520326,0.39757076,8,1,-0.2802306657804878,0.6992266717886179,-0.46645897211382115,0.35094623577235773,-1.1984206601626015,0.4637902843089431,-0.36000361166666667,0.392735431300813,-0.10849852057154472,0.1933391775609756,-0.7938536726829267,-0.43231201821138215,-0.26841535381300813,0.6911488369918699,-0.7306321865853658,-0.14006397353414635,-0.0894379046495935,0.5509549843902439,-0.7114041817073171,-0.264884719,-0.5820631439024391,-0.3614732056097561,0.6962331896747967,1.0979188296747968,0.15017624223495935,-0.4308858430081301,0.29844257962357723,-1.3435980704878048,0.9279411444390243,0.5304101794308943,-0.02199675888943089,0.04076653800569106,0.3108659595934959,-0.46820803906504066,0.10110466599756097,-0.7457194933333333,-0.49213585439024393,0.8215602474796748,-0.26637826337804876,-1.1309218609756098,-0.4088015993495935,0.22703549447154472,0.18577062211382112,-0.1719662465121951,0.2913707886585366,0.10292892336910568,-0.28662062455284554,-0.6729540300813007,0.3134884737398374,-0.6352616899512195,0.9999999928760384
379,60.3125,11.552083333333334,79915.375,0.20457083333333334,0.5104166666666666,0.39229763,13,1,-0.2940476825,0.717376129375,-0.43469888725,0.3636802540625,-1.2036225644791667,0.4659609484375,-0.35382274834375,0.37808419641666663,-0.09704022906041666,0.1904116909375,-0.7905905946875,-0.4412150233229167,-0.2601110028125,0.7055986641666667,-0.7216182607291667,-0.15029644072635415,-0.08906077538854167,0.5491521644791667,-0.6973073941666666,-0.26106022670833334,-0.5803322733333333,-0.3792627841666667,0.7059235195833334,1.1044215754166666,0.14567114753541666,-0.43308351083333335,0.31112706616,-1.35400076875,0.9166695316666668,0.5224325001041666,-0.010868755863958334,0.039910477421875,0.30633679203125,-0.46089683362499995,0.09323852483541667,-0.7429646176041667,-0.49996236374999997,0.827157710625,-0.25773884437625,-1.1334379507291665,-0.4020215148958333,0.25358634307291666,0.1917816735833333,-0.1913063096145833,0.31351558847916666,0.09566666058541667,-0.29016219,-0.6747011183333332,0.31635565041666663,-0.639621611875,0.9999999998976374
413,130.0,27.0,174395.0,0.1531,1.0,0.21722892,5,1,-0.3045914,0.72443557,-0.44959277,0.24244446,-1.143159,0.49273157,-0.3703384,0.44774988,-0.15645923,0.14099726,-0.84710085,-0.3850792,-0.2834003,0.7220102,-0.78899217,-0.10340815,-0.13505822,0.5595417,-0.73378575,-0.2332705,-0.5627135,-0.33557767,0.73110133,1.1418256,0.09386107,-0.40658957,0.3204984,-1.4495023,1.038296,0.5280111,-0.051217254,0.07448088,0.27958852,-0.4795713,0.14913106,-0.7504693,-0.4221902,0.83324826,-0.26913938,-1.1888263,-0.3971228,0.2727068,0.22651754,-0.21562266,0.24583292,0.22988255,-0.23261616,-0.58938336,0.3521376,-0.6774604,0.9999999992060857
417,55.42801556420233,9.752918287937744,31975.10700389105,0.08871108949416341,0.48249027237354086,0.37216154,0,1,-0.3360426570914397,0.720270866692607,-0.37146349660505834,0.39593688744610894,-1.1306065223735406,0.4877710146614786,-0.2937562002944747,0.404203928151751,-0.058646280294396884,0.20912068894182878,-0.725880575311284,-0.48336154676070037,-0.2710362858696498,0.7199338014980544,-0.6917071686575875,-0.24978696194280153,-0.13174606921381324,0.5524167626848249,-0.6374464012315174,-0.2354029136607004,-0.6180132269883268,-0.44246195641634245,0.6910425545914397,1.1366807249221789,0.2002957424282101,-0.4609288945214008,0.26118123838494167,-1.3515632040856032,0.8757732905836576,0.5649182756361868,0.009721307407622568,-0.03181152230075875,0.29238786716050585,-0.43919345246303504,0.0009303499342607006,-0.7927886514785992,-0.5388143175291829,0.8831349552424125,-0.17905958621906615,-1.165312826322957,-0.49517711295719846,0.3257419871828794,0.19178898216206228,-0.20171173992120622,0.3422403980350195,0.041634812870038916,-0.3572158846303502,-0.7350117011867704,0.3547080602062257,-0.6061606867509728,0.9999995157962768
419,55.670212765957444,10.0,17523.372340425532,0.16712659574468083,0.5531914893617021,0.4333319,14,1,-0.3321535358191489,0.725940574893617,-0.42364153759574463,0.33203878691489364,-1.1715273814893616,0.41968132227659577,-0.3554580160744681,0.39153164095744686,-0.08735813621276596,0.16930337434042553,-0.7687801481914893,-0.39868077323404255,-0.27483245106382975,0.706389314787234,-0.7354922656382978,-0.14876245137234043,-0.06476029449680851,0.5480724925,-0.6778182688297872,-0.25563952319148936,-0.576304599787234,-0.3845940707446808,0.7040406629787234,1.0857105372340425,0.13944503354787233,-0.4428366793617021,0.32603462474468087,-1.3123056374468085,0.8982531436170212,0.5655620482978723,0.003983901728588299,0.0026557250678723413,0.2980980584255319,-0.46053309170212764,0.08290579362340425,-0.7236983839361703,-0.4984703855319149,0.8223978848936171,-0.2554390715851064,-1.1038213788297873,-0.4171034102127659,0.2536129237021276,0.18793209779787234,-0.16016239018085107,0.2892368744680851,0.12382609501276597,-0.2996317075106383,-0.6571976238297873,0.29854258854042554,-0.6481389309574468,0.9999969862394406
420,72.76752767527675,11.328413284132841,53890.41328413284,0.10589040590405904,0.6273062730627307,0.3940298,11,0,-0.29569731282287826,0.6500868836900369,-0.3566723451660517,0.42859972452767525,-1.1743292185424354,0.49849226952029524,-0.26804359322140225,0.3652583796309963,-0.03526107645055351,0.24283169478782288,-0.7329123476383764,-0.5568797855461254,-0.2608962840738007,0.6958948798154981,-0.7203816744649446,-0.2880366399584871,-0.18428229817306274,0.5477900555350553,-0.6243934060516605,-0.23470815932435424,-0.6434605860885608,-0.43578041273062734,0.6552774891881918,1.1214348742804428,0.24131904136678967,-0.43133753970479705,0.18771278205940958,-1.3677252335793357,0.841143783394834,0.5688141489298892,-0.009397889932214023,-0.020426661605535055,0.2646725648597786,-0.46479263760147604,-0.02836862649276753,-0.7864742571586716,-0.5631830567527676,0.8983227817343173,-0.11198966388634686,-1.126404462619926,-0.5018164573800739,0.30441011197343176,0.21075975331365313,-0.18557460207453874,0.31824570970479704,-0.06420016790147602,-0.37625908435424354,-0.738556299409594,0.3632879172287823,-0.6125903375461255,0.9999998267506318
421,35.933591423466346,7.2775461584276355,182876.5693865396,0.20668671828469326,0.6709350804050029,0.46714568,14,1,-0.3487330067974985,0.7713316738555688,-0.48434833885318646,0.3364389577701906,-1.1885412288177486,0.46271490802769505,-0.36124307662745686,0.4409222854318047,-0.15406568426256997,0.15935046022853186,-0.8069195255955925,-0.39866705959410365,-0.27843295498004766,0.7340513685139964,-0.7502761896992258,-0.13556496384892197,-0.043300059832117335,0.572946310565813,-0.6985859859743896,-0.24815244615420787,-0.5992153857236451,-0.38682968011167357,0.7793397884663491,1.1555345995890411,0.101793060841623,-0.44068266812388324,0.3616627199790947,-1.3348414742287076,0.9500898226920786,0.5680736646486003,-0.009189535166361227,0.0015526663312567003,0.31907235221069086,-0.4644335979526504,0.11483963796100953,-0.7612224324151281,-0.5188719677754616,0.8247892736493746,-0.32397717588103037,-1.1782015306313283,-0.4089693457325789,0.2594784712709053,0.18986445555214415,-0.19787570427924359,0.30943685770387136,0.19525738364233175,-0.2985859859890709,-0.6685918706152473,0.3355268987019059,-0.6584230103662895,0.9999998322517987
422,72.93103448275862,14.379310344827585,73428.20689655172,0.35208620689655173,0.6896551724137931,0.42039043,14,1,-0.2939801606896552,0.7230257120689656,-0.4653911272413793,0.33577319344827583,-1.2248311137931034,0.4651826406896552,-0.40751201206896553,0.39581789931034483,-0.14358258362068965,0.15219339637931034,-0.8215895320689655,-0.3960971506896552,-0.25250964637931034,0.7304111789655172,-0.7313077113793104,-0.10707231906896551,-0.05803035659655172,0.533847274137931,-0.7380853641379311,-0.275517394137931,-0.569909154137931,-0.36095877310344826,0.7054074510344828,1.1009536431034481,0.12660989437931033,-0.43552455413793106,0.36784065206896555,-1.3434298413793102,0.9563483958620689,0.5029647137931035,-0.005425108289655172,0.025158386079310344,0.31945078862068965,-0.4695393555172414,0.14883115989655174,-0.7340039727586206,-0.47295587034482756,0.8318421989655171,-0.3283448065517241,-1.1602807172413794,-0.39080360551724136,0.23160523551724138,0.19261796965517242,-0.1913210996551724,0.31232864689655176,0.1495017884137931,-0.2575005351724138,-0.6450001558620689,0.2987093248275862,-0.6517664468965517,0.9999999726070123
423,50.13475177304964,10.872340425531915,132210.8510638298,0.18304113475177305,0.6524822695035462,0.43201944,13,1,-0.3178287120567376,0.7619892796453901,-0.49840002815602835,0.3268072770921986,-1.2061646221985816,0.4699918187588652,-0.40189053730496455,0.42448476035460997,-0.18180436465248226,0.13860035687212766,-0.8543605526241135,-0.38223208751773047,-0.2647613465957447,0.7354565113475178,-0.7660145702836879,-0.10724614820886524,-0.056984954830212764,0.5555632126950355,-0.7288698624822695,-0.2789820633617021,-0.5760812679432624,-0.34935010212765955,0.7591112369503545,1.1460572319148936,0.09451281436170213,-0.4228889967375887,0.373101210212766,-1.366290169503546,0.9649633053191489,0.5596795431205673,-0.007688128665531916,0.030747590670921986,0.33927778028368794,-0.4785020432624113,0.15577034282978724,-0.7351774917730497,-0.49305883141843976,0.8173523093617021,-0.35078435716312056,-1.177777624822695,-0.3808456205673759,0.23239741840425532,0.19223861177304963,-0.20548274993617022,0.28639713808510636,0.20193169771631206,-0.2692959805673759,-0.6513404133333334,0.3125550681560284,-0.6749790864539007,0.9999999231930145
424,58.0,11.2,142150.4,0.25491,0.8,0.35517147,6,1,-0.340482363,0.736299907,-0.44167780900000003,0.344507932,-1.2289938900000001,0.46587295199999995,-0.392348435,0.410721034,-0.1417218374,0.12437045529999999,-0.793637044,-0.43341488899999997,-0.23262843100000002,0.760506642,-0.714637717,-0.09034120809999999,-0.0498463337,0.532034667,-0.720762754,-0.256988278,-0.5892958580000001,-0.42166469199999995,0.749728454,1.08031234,0.1268747785,-0.452922178,0.35921359599999997,-1.34876819,0.958921531,0.462581897,-0.0034679960300000013,0.03188790128,0.294865347,-0.44378290600000003,0.1652702585,-0.7480624899999999,-0.49217988300000004,0.858724915,-0.29768674900000003,-1.14769048,-0.36996189399999996,0.26799765600000003,0.20052055100000002,-0.232135196,0.284784708,0.168007993,-0.25307304999999997,-0.671527421,0.322339892,-0.6644877969999999,0.9999999336933779
427,44.247649257958535,8.632604508893168,144244.1855670103,0.16486810921037726,0.5351761640421434,0.43724722,11,1,-0.3436350521183868,0.7432869521524866,-0.46232491515630453,0.3424805698064688,-1.1818866680803217,0.4655077812570523,-0.3477014794591481,0.4222922164792115,-0.1351009083259956,0.1596944040378746,-0.7968013606570749,-0.420320703892319,-0.2813107252876447,0.7300061986286395,-0.7401256705097995,-0.15110872830226976,-0.07396031386694013,0.5645486923212869,-0.7046658058507986,-0.2523776988162796,-0.5996869457182509,-0.39405591517605076,0.7543381586994449,1.1459630886461991,0.12857217704297716,-0.4450716087264076,0.34675737016333297,-1.3528472550096295,0.9556887974430724,0.5456508069177524,0.00030212307565197704,0.009127183650341078,0.315909899658738,-0.4647706324407273,0.10160567682204463,-0.7591613670301348,-0.5137838260632152,0.8493563722928288,-0.30801706424808495,-1.1573104372663419,-0.41623455834258527,0.26197862071448963,0.1951534878887255,-0.19930876816970658,0.30882521840783955,0.15565738148045882,-0.30720625510229976,-0.6788220103387334,0.3279917189683358,-0.6511227166279597,0.9999998909529398
428,67.46153846153847,11.076923076923077,27264.23076923077,0.17125961538461537,0.6346153846153846,0.4458072,8,1,-0.3071895803846154,0.65183516,-0.36158490188461534,0.42200780057692305,-1.1869145775,0.4896027848076923,-0.30277488009615383,0.3546597998076923,-0.05030361817884615,0.18749984788653845,-0.7297988126923076,-0.5416193488461538,-0.2561287267307692,0.7257290186538461,-0.6978771763461539,-0.22811619120576923,-0.14369116678846153,0.5296329413461538,-0.6586143036538462,-0.23387285692307694,-0.6274971661538462,-0.43949390346153844,0.6611604609615385,1.0875301796153847,0.23536172423076923,-0.44009170576923073,0.2529996043461539,-1.360124998076923,0.8746159538461539,0.5330310401923077,0.0020442609700000005,0.0006271312346153845,0.2668122498846154,-0.45274647615384617,0.011938165769230772,-0.7585476046153846,-0.5581476884615385,0.9034865557692308,-0.1602359973269231,-1.111409478076923,-0.48678431826923074,0.27504709738461536,0.19125388971153848,-0.17353650607692309,0.3120398263461538,-0.02868607119230769,-0.3307205967307692,-0.7341289309615384,0.33337315999999995,-0.6220653646153846,0.9999985010946079
429,90.2636815920398,17.18905472636816,194964.592039801,0.323775456053068,0.6749585406301825,0.40207115,6,1,-0.3509832105970149,0.739300021641791,-0.4415157389817579,0.344032095226534,-1.1727796186567165,0.4692860176865672,-0.3612449212951907,0.4018734500331675,-0.12253145337462687,0.14234109633787728,-0.7858279681691542,-0.4054026601409619,-0.2710648767893864,0.7382678125373134,-0.7171785149917081,-0.15011555580514097,-0.07022763876366168,0.543309337893864,-0.6932503191807629,-0.2600103271227197,-0.5868091669983416,-0.39280993500829187,0.7185070339800995,1.116032413565506,0.14495551988789385,-0.4488832781426203,0.3600993795373134,-1.3486941037479272,0.9290258715422887,0.5331163849087894,0.002297935085920398,0.0051107107374461025,0.3188467017180763,-0.44729602495854065,0.10563309892772803,-0.7401224783250415,-0.504654194145937,0.8459044155873964,-0.29911586741790386,-1.1379006388391375,-0.4096128994527363,0.27187683039303484,0.1938553672553897,-0.20742452460033167,0.313720728225539,0.1313699965588723,-0.30129732778606966,-0.6758927258043118,0.3043084795588723,-0.6485638330348259,0.9999999521814492
431,23.493038200642626,4.785076758300607,875861.8275615851,0.12686519100321314,0.7743662977508032,0.5034135,4,1,-0.4024875827579436,0.8378175035594431,-0.47625869188182796,0.31872815047425923,-1.1106185902392003,0.44189792567258124,-0.3337089285509104,0.452954743884327,-0.15974681768358084,0.15356016675041415,-0.7759051431667262,-0.33652242500157087,-0.29019483654766154,0.7515975140792575,-0.7379076812245627,-0.17502054347966797,-0.01888244747357733,0.5671072689325242,-0.6292336556651196,-0.24026035240142807,-0.5879804284205641,-0.3929003790765084,0.8067891959657266,1.194204811442342,0.0844390550960657,-0.45222183637986435,0.3778982718761157,-1.3168098754766155,0.9042755931503035,0.620746113373795,-0.008702544753806855,-0.035806993151160295,0.3192642706583363,-0.4301330792934666,0.0782836244118315,-0.7652779878579079,-0.5421350484787576,0.7859721229669404,-0.32567976232838275,-1.1846244389100322,-0.3976315393673688,0.2934304524546591,0.17390271664734022,-0.21351219183059622,0.3305986317222421,0.22500102007593217,-0.33672822996690466,-0.673740081024634,0.35419124759921455,-0.6519898975401642,0.99999971648514
432,29.156424581005588,5.804469273743017,22665.821229050278,-0.008021787709497208,0.5083798882681564,0.45733646,14,1,-0.3841869391620112,0.7759664655307263,-0.457810433698324,0.327358883273743,-1.1659599860893854,0.44232282624581004,-0.3347853185083799,0.4429099408620112,-0.1283597374558659,0.15476398858044693,-0.7634934631284915,-0.3710035599497207,-0.2948337050111732,0.7323026724581007,-0.7442024854748603,-0.15275111926955307,-0.02172500696782123,0.5873119069832402,-0.6753206821452513,-0.24286302834636872,-0.577657833519553,-0.3932064441843575,0.7589452210614525,1.1474488429608938,0.10435750824547486,-0.4720252846368715,0.3556487517541899,-1.3271686951955308,0.9335666308938548,0.5770558564804469,0.00512062546480447,-0.007931310181564245,0.3140756898212291,-0.455073509273743,0.09765821065000001,-0.7647807329050279,-0.5040814772849161,0.8276432652122905,-0.3181077397597766,-1.1444707565642458,-0.4024237711731844,0.28036866302234636,0.20056104093296087,-0.19573838161173185,0.3179617266480447,0.20180358317385474,-0.3353840422513967,-0.6716347527932961,0.3192962649162011,-0.6251583879329609,0.9999998496970219
434,70.41304347826087,13.717391304347826,39538.45652173913,0.22335652173913043,0.7391304347826086,0.38577312,11,1,-0.30680929826086956,0.7238523600000001,-0.45356798369565215,0.3569293639130435,-1.2308119630434782,0.48034422521739134,-0.38451876,0.405350847173913,-0.1286445836,0.17719336910869565,-0.8126234147826087,-0.4238133245652174,-0.25404506021739126,0.7226938343478261,-0.7318198128260869,-0.13394974882608696,-0.07419763289782609,0.5408886823913044,-0.7429290719565217,-0.2812868745652174,-0.5744691269565217,-0.37783418760869564,0.7045332534782609,1.1106407847826087,0.1488939047826087,-0.4348266847826087,0.34773693804347827,-1.3614874826086956,0.9411243365217391,0.498867722826087,-0.005339689279043478,0.03645541631956522,0.3293939413043478,-0.4912535397826087,0.11799929725434784,-0.7493821102173913,-0.4665437036956522,0.8582811273913044,-0.29309357902173916,-1.1581699347826087,-0.4001929645652174,0.24037935608695654,0.20188140347826086,-0.19752393076086958,0.3094609393478261,0.12846792660869566,-0.2905511463043478,-0.6709648991304348,0.2990800541304348,-0.639875662173913,0.9999994623696951
439,87.16,17.346666666666668,40349.066666666666,0.249212,0.44,0.41651103,1,1,-0.31354712933333334,0.7282292558666666,-0.46908675200000005,0.33384825432,-1.1956040166666666,0.4836208610666667,-0.37040835177333337,0.3952914849333333,-0.14217080397866666,0.15548832481333333,-0.8130428489333333,-0.4200375892,-0.27614054666666665,0.7202469997333334,-0.7237324804,-0.12217471085866667,-0.089148027688,0.5441084370666667,-0.7176846302666666,-0.2589960440533334,-0.5813733793333333,-0.3818435572,0.7265409036,1.1307115706666666,0.13516469008933332,-0.44094606199999997,0.35793275458133333,-1.3668809599999998,0.9753717397333332,0.5083260526666668,-0.010198657410266668,0.04440761947333333,0.33461385104,-0.46806423973333333,0.1147617602,-0.7356135948,-0.4985667237333333,0.8371953364,-0.32473687492000003,-1.1678608000000001,-0.3967121072,0.24892810119999997,0.19083030504,-0.20824116453333333,0.2928435090666666,0.14076814538666668,-0.26862955013333334,-0.6675465073333333,0.3262611081333333,-0.6493860835999999,0.9999989850936838
440,22.895027624309392,4.5911602209944755,53305.70718232044,0.11636353591160221,0.7375690607734806,0.47023338,14,1,-0.39977656393922656,0.8225829201657459,-0.4847466288729282,0.32779593603314916,-1.1241137496132596,0.449073026519337,-0.3216169621922652,0.47073087888674037,-0.15424550075082874,0.1553841689596685,-0.7793767552486187,-0.3555421114917127,-0.3015751472237569,0.7669737253867402,-0.7718976134254144,-0.18790318912624307,-0.01881367287427072,0.603906467762431,-0.6529555683812155,-0.23973444516353593,-0.6086021938950276,-0.37529141737569066,0.8078429728453038,1.2062293950276242,0.07923356779571823,-0.4597978384530387,0.35668160664016574,-1.3441474943370166,0.9237257414640885,0.6421667290055249,-0.011545050042486186,-0.04370294545450276,0.3098460172071823,-0.4520561342569061,0.0785260774859116,-0.7834710906906077,-0.5200967801381216,0.7938628166298343,-0.3258634799309392,-1.1892624577071822,-0.4072143686187845,0.2975324914889503,0.1929550512154696,-0.2216789196845304,0.3192959293895028,0.2303745614751381,-0.37719281400552485,-0.6754417101657458,0.3571339764323204,-0.6474101373756905,0.9999999414788704
443,30.65168910547617,5.845213512843809,357710.05443132075,0.0923339142644751,0.5593458329891798,0.3978254,0,1,-0.39215174970443345,0.8150037391551004,-0.44813533621294604,0.33316367176225076,-1.0911920438881226,0.4426009432609152,-0.2829059834686555,0.44469110078128354,-0.1209519955126592,0.1897036896969571,-0.7325413717306021,-0.3902237284378013,-0.32270201353116873,0.755867280867622,-0.7392935396258362,-0.2243103329149583,-0.035233047640218965,0.5882050788502519,-0.6332166841491617,-0.22699409587639963,-0.5999676688090361,-0.43027073943295124,0.793503636511357,1.1983219605955233,0.10779832713240654,-0.4673162320177005,0.3387676604445445,-1.33577628837945,0.9019678677890146,0.6081884027562566,0.004093751687542835,-0.039992459825984254,0.3044858409254101,-0.429764698097043,0.043163342981941855,-0.8089510100126374,-0.54745774549046,0.8164069123594366,-0.2801093870150153,-1.1833459287602213,-0.43574572546945406,0.3105299167332452,0.18611972709062774,-0.20928915970729328,0.3562171369045561,0.18944969154884034,-0.3743736708154704,-0.7118826074096803,0.3734455421858462,-0.6140024686889246,0.9999997599794246
444,60.122234513274336,11.060287610619469,214530.4142699115,0.34166111725663717,0.6980088495575221,0.4058968,13,1,-0.3166505621168197,0.6995733107179204,-0.4109801309665929,0.3982330986028761,-1.20672245982854,0.4846870071736726,-0.3367206562097677,0.39307578459900444,-0.1022247042128927,0.1783823893493916,-0.7734303238938053,-0.479697449585177,-0.2570689043636062,0.7258123331277655,-0.7202769229535398,-0.1601176866353208,-0.10546117520625001,0.5537604120243362,-0.6891064446698009,-0.24701073921626107,-0.5964884400553097,-0.4035542225923673,0.6923337168639381,1.1055434992367257,0.17958232318191372,-0.45039939050331856,0.28773100600837387,-1.350718353335177,0.9159298138744468,0.527306260613938,-0.007045256567443584,0.011920315030108961,0.3112023759209624,-0.45972346381913715,0.060106768808163714,-0.7735479213329646,-0.5292955408727876,0.859306345414823,-0.2332496890478429,-1.1436982807522122,-0.4518098771598451,0.27731881386725665,0.20378420164900443,-0.18918103563772126,0.3120391376091261,0.07049070562970133,-0.3052248350696903,-0.7144537299811947,0.33267320668473455,-0.624796286085177,0.9999998774665515
445,44.666666666666664,9.125,46798.0,0.048999999999999995,0.625,0.44065538,14,1,-0.3690093208333333,0.7980709500000001,-0.4817091320833333,0.34600035083333336,-1.2077056641666666,0.4519321725,-0.3873779466666667,0.4264260179166666,-0.19942233083333336,0.11715423808333335,-0.8210121291666667,-0.38594659666666664,-0.258999621,0.7197565845833332,-0.7278747624999999,-0.10287680160416666,-0.027196238666666664,0.5409031670833333,-0.66873419,-0.25345426604166665,-0.5763851170833333,-0.3977146420833333,0.8113139316666667,1.1675019125,0.07762687004166667,-0.45446628125,0.38459158541666666,-1.3165504208333334,0.9307052749999999,0.5478945616666667,0.009672176770833334,0.026449646499999997,0.36072194458333334,-0.45982993958333335,0.11298115179166666,-0.72334983875,-0.54346564125,0.832780405,-0.36804176250000004,-1.1455138275,-0.3614079766666667,0.25374436058333333,0.17631024958333333,-0.22662996125,0.2969886895833333,0.22266711941666664,-0.27060262166666665,-0.6689293758333333,0.36909371875,-0.6688930845833334,0.9999999800340934
447,55.483333333333334,10.266666666666667,48397.36666666667,0.14267166666666667,0.65,0.39878446,14,1,-0.34844956416666667,0.732660648,-0.41971742595,0.39338934633333333,-1.1977104283333333,0.471661539,-0.35085395448333334,0.4180259603333333,-0.10051098966666668,0.1644711445833333,-0.7658948556666666,-0.4340075355,-0.23282598266666668,0.7553748603333333,-0.717938391,-0.20678471836666665,-0.07451354182883334,0.5186921568333334,-0.6912610243333333,-0.26988054450000004,-0.6074736101666667,-0.3937001485,0.7158320435000001,1.1248961828333333,0.16365023706666668,-0.42744139591666663,0.31135035438333336,-1.3482653116666665,0.8925031198333334,0.5414795370000001,-0.000506277334999999,-0.005307651853333334,0.2742487599716667,-0.46546943166666666,0.09036848704999999,-0.7571134598333333,-0.48511660716666666,0.8462749291666667,-0.23907519458333332,-1.1512306350000001,-0.40718474191666665,0.26793451375,0.189002607,-0.19694639998333333,0.33533514016666666,0.09657961506666667,-0.3407953773333333,-0.7009999466666667,0.3175327544166667,-0.6376760376666667,0.9999999245877187
448,54.642201834862384,10.744648318042813,201294.2385321101,0.14658715596330274,0.5061162079510704,0.43971622,1,1,-0.3408708379785933,0.745154343795107,-0.4624180862053823,0.3419555865535168,-1.1834751428134556,0.45500525206116205,-0.35857067603211007,0.41529979338532114,-0.14872689119495414,0.15718026400792048,-0.8047068586085626,-0.40882061775993883,-0.27121993954892964,0.7387603907186545,-0.7384439194648318,-0.14727409729434252,-0.0688329913392049,0.5591583985474006,-0.703219380795107,-0.26235901852599386,-0.5962831821712539,-0.3904307570948012,0.7469680576299694,1.1396965446788991,0.12389416807281345,-0.4426995948776758,0.34437908401880735,-1.3419328828134558,0.93619275470948,0.5520302576299694,0.004503975494862385,-0.0014812959040366976,0.31954377757859326,-0.4691248970642202,0.100538515014526,-0.7517272457798165,-0.5162359426513762,0.8422202913761468,-0.30671351667247704,-1.153894166055046,-0.4067480602905199,0.25501321650458714,0.19473838967584098,-0.19700426597094803,0.2962799173914373,0.15497401223348622,-0.30405426906116206,-0.6748690840672783,0.32968899096330273,-0.6504476011620794,0.999999873343393
449,76.1207627118644,14.733050847457626,129827.99788135593,0.2749760593220339,0.5466101694915254,0.43322673,4,1,-0.3544643195127119,0.7465416267161017,-0.4519998661016949,0.3652615146694915,-1.2155919079872881,0.4745366847881356,-0.3859101015677966,0.42068724625000004,-0.16325909580508474,0.1437636445512712,-0.8114416588983051,-0.4065198718008475,-0.2563150727542373,0.7546480867372881,-0.7225092650635593,-0.09554174662499999,-0.06325488449936441,0.5409200023728813,-0.6995778029025425,-0.24403504627542374,-0.5908794771398305,-0.39034761992796607,0.764460853029661,1.1154544879661017,0.12161658216292373,-0.44286218063559324,0.36956394945974574,-1.318345207838983,0.9318202421398305,0.5186391767584746,-0.01018894810364407,-0.01824569235093644,0.3347160667775424,-0.45230605574152544,0.11556838618216102,-0.7511474502754237,-0.5296913462288135,0.8371220648728813,-0.3162956484597458,-1.1520171109533899,-0.42552621851694916,0.26717746305932205,0.17256625712499998,-0.19708506880508475,0.315647835,0.18162457188347458,-0.27207021755296606,-0.6781041822033899,0.33211203334322037,-0.6679401722033899,0.9999999832342886
450,59.31026252983293,11.05489260143198,26569.20525059666,0.2569830548926014,0.5584725536992841,0.42545074,8,1,-0.3273989558997613,0.711547443078759,-0.45341426316706446,0.36065396267064437,-1.1960622718615752,0.47788639053699283,-0.34210446742959427,0.40600166341288785,-0.11573475107408114,0.1748962210935561,-0.7924759581384249,-0.44953804269928405,-0.28040943700238663,0.7246192612171837,-0.736988352673031,-0.17182748215441526,-0.09290593207350836,0.5689883977326969,-0.7039574596420047,-0.2557998638377088,-0.6129450878520286,-0.39393699008591887,0.723911140477327,1.131378372195704,0.1508142021673031,-0.4422231098090692,0.31711115319532224,-1.3571231754176611,0.9361265254653938,0.5527492417661097,-0.0003448107212768492,0.003939905576000001,0.3127294099498807,-0.4776592044152745,0.0882329207153222,-0.7572574709785203,-0.5161374021002386,0.8564706346778043,-0.2771098607579952,-1.15153507451074,-0.4267698842959427,0.26003553479236274,0.19843751457279238,-0.19499338480668257,0.2941759979236277,0.10732057852085919,-0.31996879902147973,-0.6868099644391409,0.3234162436443914,-0.6397955833412887,0.9999988818864033
451,43.10692431561997,6.647342995169082,49810.820611916264,0.15233668276972626,0.6714975845410628,0.41136095,0,0,-0.3167902023652174,0.7199414163091787,-0.3414699637121288,0.4261883957415942,-1.0561640329500805,0.49699733060386475,-0.2202736186532795,0.39393218264766505,-0.010801697709996779,0.23289838499480514,-0.684018854199678,-0.5278492912367794,-0.29221744548276973,0.7168578937558776,-0.7042706747665056,-0.33799268842435426,-0.17544843539907148,0.5651331004927537,-0.5617984215730757,-0.20950025026215782,-0.6324504923677939,-0.43632280682534624,0.6843801585373591,1.1694305063091788,0.2242073401376103,-0.44467030144315617,0.1768673487436232,-1.378815431990338,0.8213428626666667,0.6390508797342995,-0.01173112495626409,-0.05140803527028824,0.25328234783467635,-0.39457953819565217,-0.06898746597508212,-0.824546245875942,-0.5908038207793881,0.8530801590018678,-0.10160935589502094,-1.171399510452174,-0.532017464518905,0.3707372143959002,0.1991069309725733,-0.2111698551019549,0.38315683720418675,-0.02701253041770048,-0.4113505811289855,-0.780275247989694,0.397036079179066,-0.5790618431497585,0.9999999946338216
455,55.35546875,10.80859375,31476.37890625,0.1729421875,0.49609375,0.3746153,14,1,-0.3487536669921875,0.7368873208203125,-0.45625430561328123,0.36170991428203125,-1.188125999765625,0.47977636375,-0.35517405345390624,0.41275294984375,-0.12458894375132032,0.15483619616914063,-0.7736422982421874,-0.41865834606640623,-0.2707629101015625,0.7496600993359375,-0.7166464845703125,-0.15291135308164064,-0.047908422625,0.5525670214453126,-0.7088914485417969,-0.25327777146875,-0.59596731203125,-0.39364516971875,0.7312238502734375,1.11522878890625,0.13711794348551562,-0.4526350371875,0.35626439055859377,-1.343998807421875,0.9343741828125,0.534436207578125,0.004548027991523438,-0.00014608191769531348,0.3074792094453125,-0.45579090798828126,0.11820084250507812,-0.7486961269921875,-0.49283348375,0.8400137071875,-0.30027439685417967,-1.1508231940234375,-0.408069072734375,0.2630214338984375,0.18627112951171876,-0.20446727596875,0.317760499296875,0.14398593474101562,-0.3059941001953125,-0.6834723990625,0.314458384828125,-0.6341376746484375,0.9999994838064555
456,228.86507936507937,43.58730158730159,56634.71428571428,0.6224103174603174,0.753968253968254,0.303526,6,1,-0.2982048023015873,0.6814799604761904,-0.4313071500793651,0.3699902647619048,-1.2142091246031745,0.48195421920634923,-0.38167008341269837,0.37358296150793646,-0.12634028915079365,0.15067060515873015,-0.817759600079365,-0.4544824646031746,-0.2464480314285714,0.7200816623015873,-0.7064162931746032,-0.13499507653968254,-0.13098302063968253,0.517947839126984,-0.7317583471428571,-0.2754837920634921,-0.5927236044444444,-0.3884159061111111,0.6879571117460317,1.0991604912698414,0.1679553416031746,-0.4284154453968254,0.3261266887984127,-1.3609451182539682,0.9477743965873016,0.48832242198412695,0.006579263783015873,0.03465370455919611,0.31712409357142857,-0.47020724142857145,0.11172437663174603,-0.7326822951587302,-0.5000829465079365,0.8720280746031746,-0.2809010067611111,-1.1363144166666665,-0.4153226532539683,0.24369716650793652,0.19641836984126984,-0.1900594738095238,0.29516332547619045,0.08380281429285714,-0.2559653529365079,-0.6827288075396826,0.311316993015873,-0.6481287004761905,0.999994439074065
460,39.9471186440678,8.276203389830508,66971.59349152542,0.175725193220339,0.5008813559322034,0.4302273,1,1,-0.3543000343803525,0.7753601169749152,-0.49522548980799996,0.3148112320543729,-1.1735580221498305,0.43605797856325423,-0.36198222567978305,0.4351557655349153,-0.16535863797884434,0.1500878359334398,-0.8119790495308475,-0.38014439418425766,-0.29053801347637964,0.732912755504,-0.748331151159322,-0.1323103113870526,-0.0411280059815882,0.5804414559349153,-0.7164717522973559,-0.2641323587922983,-0.5973567402295593,-0.39178422611725827,0.7743752262027118,1.1594724822318645,0.09600906240848203,-0.4505988287702373,0.37773185457463593,-1.3304695197309833,0.9547778009613559,0.5549339880284746,0.002968585431688624,-0.001640385380780068,0.33032719293594576,-0.4668259457029695,0.11099831012160272,-0.7554720333355932,-0.5139804253728814,0.8427848810166779,-0.35084532307385763,-1.1542622651308474,-0.39418090693237967,0.2517029442477288,0.20091989675111863,-0.2005914702542373,0.30141649869331794,0.20225383534507713,-0.3078826334829288,-0.6631040008298305,0.32283246947150374,-0.6569800556283389,0.9999999853706975
461,73.1,13.386666666666667,8941.056666666667,0.18815866666666667,0.4666666666666667,0.38896987,1,1,-0.29971305606666665,0.6911010444333333,-0.42779037079666665,0.35398549686333336,-1.1589666265,0.47326207540000004,-0.34083006205,0.37648874346666666,-0.109633210285,0.153563785534,-0.7774740480666668,-0.45045453693000004,-0.28495473103333335,0.7091193090333333,-0.7127251504666666,-0.160262901315,-0.117987148635,0.52852988574,-0.6744963125,-0.24920598501000002,-0.5823082624833333,-0.3832242515666667,0.6843988435,1.1011787166333333,0.16094633823298668,-0.43624071109999996,0.29503918490933334,-1.3522674537000001,0.9114205268666666,0.5328207822666667,-0.011487531643466666,0.0133985739479,0.31714429734,-0.43726318409333337,0.07525649906233334,-0.7383436621,-0.5218819578,0.8386931667666667,-0.2621158818236667,-1.1234312374333333,-0.4249659051333334,0.26681981737,0.18530370408333333,-0.19813543082666668,0.30935591143333335,0.08444705828733333,-0.28637259218333333,-0.6964035611,0.33452968696,-0.6162901069666666,0.9999715519346463
465,103.66292134831461,22.078651685393258,3765.5842696629215,0.3097865168539326,0.48314606741573035,0.3866989,8,1,-0.33916305101123595,0.7762746435955056,-0.48247360444943815,0.3417725617977528,-1.1841323571910112,0.4569099633707865,-0.37642682966292135,0.4128591182022472,-0.1566626753786517,0.14310773582022474,-0.8179068713483146,-0.3929199780898876,-0.27667257651685395,0.7212088589887641,-0.7429889025842696,-0.12356549051685393,-0.055074631792134836,0.5655123405617978,-0.7157967034382022,-0.2694370928539326,-0.5802706615730336,-0.37274618269662924,0.7678171255056181,1.157693391011236,0.10813582466179775,-0.45383339707865167,0.3823808342247191,-1.35889122247191,0.9634763151685393,0.5504623359550562,0.007638373724157304,0.04330858918202247,0.3499752747106742,-0.4656631122247191,0.11852589408988765,-0.7439424692134832,-0.5058033603370786,0.8247213648314606,-0.3526961087191011,-1.161393320224719,-0.3952323717977528,0.24907076317977528,0.19257058688764045,-0.2044692106741573,0.29651157,0.18305130149438203,-0.28370459741573034,-0.6675527508988763,0.3158531099775281,-0.6723399060674158,0.9996251757259663
466,68.53763440860214,12.913978494623656,24042.548387096773,0.18042795698924732,0.553763440860215,0.420783,14,1,-0.33396354752688173,0.7406440723655914,-0.45800116301075267,0.3291537264462366,-1.1846956442473118,0.4679190924731183,-0.36324975961290323,0.40744994349462366,-0.1240998690752688,0.15991341472741935,-0.7877356584946236,-0.3975644398387097,-0.26834473430107525,0.7358923669354839,-0.7209667255376344,-0.15148024247209677,-0.057760905365430104,0.5384090219354839,-0.7130191813978494,-0.26427775980107526,-0.5845708139247312,-0.38950286712365595,0.7021268743548388,1.1144195105376344,0.1425288237376344,-0.4350927430645161,0.36485086087096774,-1.3387154284946237,0.9364497452150538,0.5230539993010752,-0.010497966275698926,0.005550584727956989,0.3011315897688172,-0.4595969087096774,0.11123352798387097,-0.7375802987096775,-0.4799835083333333,0.8432132382258065,-0.3001492443408602,-1.1559393047849462,-0.3952036973118279,0.257585064172043,0.1985426034892473,-0.1999471426704301,0.32198569250000003,0.13434782586021507,-0.2969184116129032,-0.6634805440860215,0.2989740692365591,-0.6304207041935483,0.9999977417713289
468,35.67462039045553,7.362255965292841,158920.48156182212,0.17680694143167028,0.6681127982646421,0.45340312,13,1,-0.3551316044902386,0.7896329347722343,-0.4754487803427332,0.355908742835141,-1.1785709041865509,0.47739495854229935,-0.3597497460780911,0.4361481910412147,-0.1430516930670282,0.16606116954859002,-0.7958473450976139,-0.393090991383948,-0.28433591283470716,0.7437991980694143,-0.7379589663774403,-0.1452961254056399,-0.035271824932863335,0.5775221164208243,-0.6984082209978308,-0.2533684983412148,-0.5930975373969631,-0.386964622494577,0.765757799175705,1.1567590079175707,0.11867625786095445,-0.4579226901822126,0.3810792567818221,-1.3431418947939262,0.9455205873969632,0.5805886040563992,0.005574994166420825,-0.008203715882559652,0.34271035236442515,-0.46459004811149673,0.09704214713991323,-0.75935946659436,-0.513239547505423,0.8246407928633406,-0.32791000027331885,-1.1889014511062905,-0.4306916424295011,0.26927881729501085,0.17523250529479392,-0.20201879648156182,0.32199336277657264,0.18759995538698482,-0.32244002061822125,-0.6888742713449024,0.318815940967462,-0.6541002010195228,0.9999998485327873
470,93.93957703927492,17.36858006042296,99794.25,0.22976774924471297,0.5641993957703928,0.3704818,6,1,-0.311946663858006,0.7044199889652568,-0.4294258420689199,0.3483581959599698,-1.1856401600302116,0.4711995987311178,-0.36718502603323266,0.389337076407855,-0.11159214873277946,0.1546592513794562,-0.7904821120543806,-0.4280867260521148,-0.26163520744637464,0.7127009235309668,-0.7152159150377643,-0.14167012141333837,-0.09866361699951662,0.5361262537326283,-0.7011847579327795,-0.2599449159629909,-0.5825770400113294,-0.3878991407930514,0.6907639470845922,1.09677194239426,0.1560357692026435,-0.4467123447356495,0.3261628952527191,-1.3489956439652568,0.9356368272129909,0.5224876996299094,0.0030324860099040785,0.020698173801202417,0.3063198519123867,-0.45434355979531726,0.10643905021518126,-0.7352668533308158,-0.4944278807951964,0.8549184292913897,-0.2739557981808459,-1.132280628455438,-0.4160454405151058,0.2594977482938067,0.19571100002409364,-0.19295482075302114,0.2993954270173716,0.11008530676419184,-0.2743851033595166,-0.6720071744380665,0.3150301386820242,-0.6372406925944109,0.9999999839979018
471,51.21362229102167,9.755417956656347,30851.188854489163,0.2510328173374613,0.631578947368421,0.42145565,8,1,-0.3387411329501316,0.7414408893065015,-0.4551669800501548,0.3348616533383901,-1.1689224724032508,0.4608833014195046,-0.35432933252084364,0.4076504700154798,-0.1307932860276935,0.16170468688357584,-0.7935298399845202,-0.40591689668227554,-0.27885232986842107,0.7350437285913313,-0.7298044564241486,-0.15722001252791795,-0.0742308111544582,0.5549210386919504,-0.6918385161934985,-0.2575623724377709,-0.5927085830665635,-0.3927883479285913,0.7332856981733746,1.1377416949226007,0.12798537862450465,-0.44765043897058826,0.34648812223142417,-1.3443637699380806,0.9410140652863777,0.5480881668397833,-1.8482050503095775e-05,-0.004714223124578948,0.31265629666795663,-0.4547164854179567,0.10478971103769351,-0.753141160619195,-0.5103600994272446,0.8387349838168732,-0.3057228675739938,-1.1600195655495356,-0.40973244096904027,0.266836249528096,0.19097989602097523,-0.20496923160216718,0.31049115877786376,0.14301249263689395,-0.3007831567244582,-0.6709515978506192,0.32605168537461304,-0.6408421324208978,0.9999995817138697
475,54.421052631578945,11.105263157894736,23247.40350877193,0.38609473684210527,0.8245614035087719,0.41711995,13,1,-0.34316436368421055,0.7736500443859649,-0.48710147438596496,0.3422252807017544,-1.1760850277192982,0.4555134024561403,-0.3875753211578947,0.41709234929824557,-0.17662781965438595,0.14475428133333332,-0.8305660815789474,-0.38239417596491226,-0.2670746163157895,0.7403606278947369,-0.7398543612280701,-0.11540186722807017,-0.05707844150701755,0.5668564814035089,-0.7158024589473684,-0.2755628870175439,-0.583709728245614,-0.3807090985964912,0.7663500154385965,1.1511342684210526,0.09988278780701754,-0.4479020042105263,0.37828409298245613,-1.3422727350877195,0.9478980943859648,0.5559301529824561,0.00777773782631579,0.015683221540350876,0.3478761921052631,-0.4567220898245614,0.13358100575789472,-0.7564426975438596,-0.5217139107017544,0.8240251405263158,-0.3487549764912281,-1.1752298192982458,-0.406537140877193,0.2528993184210526,0.20096969533333334,-0.20047386684210525,0.29649657719298245,0.19254785971929825,-0.26675470122807016,-0.6710937052631579,0.32000467921052633,-0.6695489803508772,0.9999986946399352
476,72.08823529411765,13.617647058823529,49462.529411764706,0.34489117647058826,0.7058823529411765,0.41130695,1,1,-0.31538548205882355,0.6844897997058823,-0.46086125,0.35606252382352943,-1.2057082635294116,0.4872294252941176,-0.3507471355882353,0.4035904485294117,-0.12369917332058822,0.1579669543235294,-0.7914126544117647,-0.45245076117647054,-0.26432451852941174,0.7176036838235293,-0.7290114497058823,-0.1439067746764706,-0.09650178979411765,0.5396692973529412,-0.7060218891176471,-0.2545572994117647,-0.5997645764705882,-0.37618905705882355,0.6938834479411764,1.0980305735294118,0.1610408225202941,-0.4287559741176471,0.3036115755,-1.351656438235294,0.9460070299999999,0.5166866461764706,-0.027644000264705884,0.021075111537352944,0.3024415855,-0.46327069117647063,0.1094123389117647,-0.7560619961764706,-0.500453965,0.8468798855882353,-0.2719282974117647,-1.139224,-0.4157872155882353,0.24782200617647057,0.19509162997058824,-0.19018079623529413,0.292738845,0.0938443667352941,-0.28816066382352945,-0.6814497158823529,0.3091441026470588,-0.6295303329411766,0.9999997514387349
477,52.69924812030075,10.481203007518797,69038.38345864661,0.17684736842105264,0.5413533834586466,0.39618382,0,1,-0.3500211754887218,0.734522334962406,-0.47137801015037595,0.3529727443518797,-1.1849136290977442,0.484277870075188,-0.3509237017969925,0.40944794736842105,-0.14507115384210525,0.14494455743609022,-0.7845647158646617,-0.41308219676691726,-0.28198945664661657,0.7409909428947369,-0.7089236110526316,-0.11864779703759398,-0.054594989166917296,0.5477304790977443,-0.713152605112782,-0.2488620112706767,-0.5853283679699248,-0.38545177278195486,0.7464939557142857,1.1093238800751881,0.13635650691654136,-0.4488701014285714,0.3697993848421053,-1.3448401330827067,0.94895817,0.5163815430827068,0.002311537417293234,0.012480822610526314,0.3377390015789474,-0.45472537616541353,0.10908435634135338,-0.7337017975939849,-0.5054925056090226,0.8356912703578947,-0.32692050184962407,-1.1350850480451127,-0.4055678752631579,0.2511426581954887,0.17376169012030077,-0.20194048021804512,0.31058398148120303,0.16167884398345864,-0.2977628938345865,-0.6896955154135339,0.3161309930526316,-0.6391573242857144,0.9999999998623179
482,34.86279683377309,7.073878627968337,264462.1451187335,0.07849920844327177,0.45646437994722955,0.42681196,6,1,-0.37036471034187335,0.7658492871873351,-0.45941002703218997,0.35200701980738786,-1.1578859107915567,0.45297937679683375,-0.3281069206934037,0.45031522374670185,-0.14065005463905014,0.1479644941738786,-0.7601250272559367,-0.407550901889182,-0.2927040925065963,0.7542806977044855,-0.7363203522163589,-0.16082391969459103,-0.03479237930440633,0.5872814550923483,-0.6952069024036939,-0.24642189548021107,-0.5949827323218997,-0.4044638721899736,0.7525368009234829,1.153745774828496,0.1220557691535884,-0.480782837176781,0.3393098944881267,-1.3371967333509234,0.9562824134036939,0.5732355117150396,0.015678840756174144,-0.018257296767720317,0.3169617743076517,-0.45046089250131927,0.09230554684986807,-0.7890117016622692,-0.5176233468865435,0.8371006905540898,-0.31286630975118734,-1.1706749174934037,-0.43047819807387866,0.27777608384432717,0.18870251544591027,-0.1940354813990765,0.31795503392612134,0.18814871889445908,-0.3381498724205805,-0.7123076653562006,0.3319642034960422,-0.6156079325329815,0.9999997916942365
484,40.22081128747796,8.12663139329806,74442.78447971781,0.1457551322751323,0.5527336860670194,0.45147756,14,1,-0.36577700797460316,0.7731000194617283,-0.48056249896530867,0.32885124473622573,-1.1662140140881834,0.45432183690582006,-0.35216943813001766,0.43227980074074074,-0.1444914553788007,0.1554658881413813,-0.7939610662186949,-0.3764386008995767,-0.2904571361602822,0.7357953754680776,-0.7471424296895943,-0.14598911133302644,-0.03540218951577566,0.5778392618941799,-0.6957780286585538,-0.2587715745214462,-0.5885238943301587,-0.38269594431569665,0.7570838764892417,1.1462423356684304,0.1094510606689312,-0.4538615558962963,0.3709731737910053,-1.3359027175590827,0.935491858899471,0.5747838525573192,0.00038089075624500905,-0.008354856438412698,0.3252690941795415,-0.45915937740585544,0.10948060212188712,-0.7534874893791887,-0.504725343771993,0.8319425466981305,-0.32957077591107586,-1.1489050080599648,-0.4020778008671605,0.2633171390767901,0.1967441959342363,-0.2037669753716402,0.31396724581760144,0.18940495650973546,-0.3236580562661023,-0.6693992454567902,0.3137773675053263,-0.6433099907280423,0.9999999739699199
486,60.544186046511626,10.497674418604651,31459.46046511628,0.3082079069767442,0.7813953488372093,0.46769208,14,0,-0.3094902678465116,0.6993784030697675,-0.3978623016930233,0.3926220472093023,-1.1548780976744186,0.4859454135348837,-0.3241699215674419,0.3726708444651163,-0.0635242366744186,0.19042476426046512,-0.7508769245116279,-0.4918946418139535,-0.25530368812093024,0.7157219354418605,-0.6783082717209303,-0.2339592369572093,-0.13309564637744187,0.5425207695813953,-0.670263404,-0.2644109689488372,-0.619283938744186,-0.4277498708372093,0.6591165926976744,1.107256437488372,0.20567883159832556,-0.4413657373488372,0.26982003325023257,-1.3530217069767443,0.8716156083720931,0.5383739351627908,0.003603736568372093,-0.010741465575627905,0.28678375105581394,-0.440723877,0.04673907249674419,-0.7719418954883721,-0.5342785226511628,0.8854380482790697,-0.19022632504372092,-1.1443014627906976,-0.4456671437674419,0.2975635775348837,0.20090094797209304,-0.21077877005581394,0.31920636474418607,0.0025003503544186053,-0.32225531255813955,-0.7195776285581396,0.31339269148837207,-0.6060503138604652,0.9999993074068598
487,32.037832310838446,6.242331288343558,438992.18762781186,0.15263762781186094,0.59560327198364,0.4099757,8,1,-0.3682503670383436,0.7689631510276074,-0.45406379043522493,0.32713285715797547,-1.1426528369427402,0.43479835052402865,-0.3402953918792434,0.4094555954677914,-0.13609193985460122,0.14025393796993865,-0.7757250556748466,-0.35987413646993865,-0.27651329827024534,0.7482670100715746,-0.7429659075051125,-0.17024459382672802,-0.04653448188996932,0.5494285488916156,-0.6533762880715747,-0.2505118382605828,-0.5779094465848671,-0.3705766216537321,0.7615417200766871,1.1427727787269937,0.09946435731084867,-0.4353310334253579,0.34630741531584863,-1.3364991630777094,0.9084821969018405,0.5854181931288344,0.004983913857721882,-0.016506648198826177,0.287669323921728,-0.43935522875357874,0.10729783812976994,-0.7455534666717792,-0.5123898876411043,0.8074630262344581,-0.3099389811726483,-1.1337673956165644,-0.38600109708691205,0.2736770942592536,0.1912805069925327,-0.19559750486480063,0.3203549587898773,0.1784807689235634,-0.31950892993829244,-0.6550579851482617,0.3188704414518047,-0.6451108015899796,0.9999997508888905
488,45.21448863636363,9.115767045454545,854611.0007102273,0.24105149147727276,0.8039772727272727,0.45452878,14,1,-0.3808834672485796,0.7997254936768466,-0.4694637930561079,0.3516884874377131,-1.1732640362357953,0.468448248203125,-0.350103028500142,0.43859176696732954,-0.1456014476769247,0.16699003416825284,-0.7913334071164773,-0.3793978022890625,-0.27465641277414776,0.7562907654261365,-0.746017620731534,-0.15349828092727272,-0.02909458319165057,0.5701469522585227,-0.6835032054481535,-0.2522757594299716,-0.5893678198295454,-0.39278501196633525,0.7785732112784092,1.155745322478693,0.11400190818882101,-0.4446097916832386,0.37899231352521306,-1.3393275385795453,0.9222068994247159,0.582359504872159,-0.0026363350666200286,-0.01415106015243608,0.3210692870340199,-0.46018275745951703,0.10206023089448153,-0.7586530484659092,-0.5167207554971591,0.8232625316306819,-0.31029581351603697,-1.171738912059659,-0.4103280630717329,0.2745722592194602,0.18866265518224432,-0.20589062252137785,0.3254534439264915,0.19243664919801137,-0.32880990137059657,-0.6815985044460228,0.3200397876622159,-0.6592003971200284,0.9999997361228139
489,27.256038647342994,5.294685990338165,10252.591787439613,0.09779057971014493,0.6183574879227053,0.4785661,0,1,-0.38623568717391304,0.8080740339371981,-0.4504008422753623,0.3128589260243962,-1.0735346108816424,0.45454253297101455,-0.30233273002560385,0.42716355703864733,-0.11529714418926328,0.15864112790603863,-0.752402355120773,-0.36866025491666665,-0.3222000799758454,0.7590372969806763,-0.7392418046135265,-0.2057594895218599,-0.057678701134782615,0.5692114499347826,-0.5958304982584541,-0.20864977736714976,-0.5967765648309179,-0.3957709472487923,0.7954708911111111,1.19628245442029,0.09332081166028984,-0.44840398288164246,0.3506749881613526,-1.3434723414009662,0.9180225709178744,0.6267426386231885,-0.024932112537874394,-0.04823973356304347,0.2937677453115942,-0.3993094915217391,0.06606265603671498,-0.7750671114492754,-0.561263692826087,0.7739438802227053,-0.30243681592438165,-1.1923837705555556,-0.42524326181642513,0.3263853814855073,0.16880983426570048,-0.22734205015700482,0.3521408316908213,0.18051094590922706,-0.33839420974879225,-0.6749113078019323,0.3725676324842995,-0.6460025081400966,0.9999980775915258
491,36.182413470533206,6.834424695977549,71633.4527595884,0.22314377923292797,0.6819457436856876,0.4560869,8,1,-0.3563909945945744,0.7475203225631432,-0.4496613880409355,0.3271515175603368,-1.1522121828531338,0.4251698219434051,-0.34350936768231993,0.4234820943264733,-0.12680718123900842,0.13250333136036482,-0.779084358727783,-0.40488209641534145,-0.2911208466136576,0.7304804214808233,-0.7196218754817586,-0.1580907154270814,-0.05724179144192142,0.5775583437324602,-0.6803247597782974,-0.24931289039036483,-0.612719518849392,-0.3995741061019645,0.7475288657062675,1.1420063756688494,0.1079669602735566,-0.4664104409672591,0.33566031700542565,-1.3115969688587463,0.9245806714031805,0.5747720517680074,0.012194229124097287,-0.02650460833290926,0.31857524414275024,-0.44852639398503275,0.06908773185017775,-0.756868851131899,-0.52683771598971,0.8336477867165576,-0.3143662057988775,-1.1412850582787653,-0.41116572861272216,0.2823828930252572,0.1922610576284378,-0.20204963585594013,0.2986341855721235,0.15952128258359213,-0.3206065660636108,-0.6751840655734331,0.3413685837287184,-0.6263621782647334,0.9999999648980844
493,52.58774175973849,8.006374284935985,1966623.3034050667,0.11191222010351402,0.5880141650776355,0.43729264,14,1,-0.29523333637024624,0.6819538746398801,-0.3858703263668932,0.42091369874744755,-1.1830786759651322,0.49890830540763176,-0.2735537408320817,0.3879560739495429,-0.06037340831665078,0.24847441803849685,-0.7425301652665759,-0.5351480898135386,-0.2522148325587328,0.6961987376395533,-0.7414737040454372,-0.2816434746725671,-0.15298260871093708,0.5548279576703351,-0.6166572797413784,-0.2350619487089033,-0.6324191750414602,-0.42080246182493053,0.6817149856764915,1.142585005460583,0.21847799545144359,-0.4278889631275402,0.1920751827295832,-1.3649529311631707,0.8506722849773903,0.598666565774285,-0.015098117024355266,-0.022788805886426643,0.2596031862417167,-0.4727758826787415,-0.009863368656578152,-0.7830294678578045,-0.5599686223996676,0.8829966059867884,-0.13204115981100845,-1.1499540219415418,-0.479158190925252,0.2922184206905323,0.20393985745364696,-0.1925225089156328,0.3143301518727649,-0.026029644139329174,-0.3791170411543394,-0.7274610445576682,0.37300789596457096,-0.6142815301961264,0.9999997161093294
496,27.958043901083634,5.30452903584329,361154.15198666294,0.1465010558488469,0.7138093914976382,0.44419983,4,1,-0.3950207078378911,0.8309218000891915,-0.4845580207437066,0.33153588330814115,-1.1243192145332037,0.43360168593164766,-0.30560484312803005,0.48084460883439845,-0.1863578193812337,0.19909195040916922,-0.7850166706196166,-0.3703136546558767,-0.27477377493267574,0.7333597518532925,-0.7602829075243124,-0.19955081745783274,-0.05190834080038483,0.5854316268343984,-0.6043610938011392,-0.2262045854156599,-0.618257033701028,-0.4135146937552098,0.8503982529202557,1.234302601844957,0.08383882118584385,-0.4439655027618783,0.3157209910214421,-1.2995225893303697,0.9006403356904696,0.6525108865754377,-0.00999245960052281,-0.0657760241405949,0.3094664250373159,-0.45759016319124757,0.032955648144245626,-0.7865782711003055,-0.5902200597515976,0.8096625035176438,-0.29576982292562654,-1.2102726562489579,-0.4342849497113087,0.2891223595752987,0.17056941231646847,-0.19176875873131424,0.299550150438733,0.21872769168171438,-0.35738388134870797,-0.6832946356057238,0.4015240118239789,-0.6693561621116977,0.9999997541114211
5,32.024875621890544,6.069651741293533,194977.6832504146,0.0997898839137645,0.6550580431177446,0.43749955,14,1,-0.39572073313598677,0.7919972899004976,-0.44535213383980093,0.35757939239469316,-1.140014298490879,0.452275519960199,-0.3074065524709784,0.44746986333333333,-0.1412022661470315,0.1676578866973466,-0.7635676746766169,-0.4026182106666667,-0.2804508260862355,0.7505002806799336,-0.7400189879767828,-0.19818862179868987,-0.05202195197112106,0.5689034408623549,-0.6191124426500829,-0.22693611212106135,-0.6104578372537314,-0.41673495429021556,0.8050177331177446,1.1880058148424544,0.11312739075373134,-0.45063262907131013,0.32697945147097845,-1.321864163018242,0.8989515527197346,0.6104330187230514,-0.0018952284177943608,-0.044730697093996685,0.30690055028076285,-0.4395387731376451,0.0486562688026534,-0.7840444770315091,-0.5724511847429519,0.8180115595190713,-0.2845345848389718,-1.1778155649419568,-0.43356847223880596,0.30235855633830844,0.18210813658874625,-0.20394147773980098,0.3305534461260365,0.16872905137280264,-0.3534582924543947,-0.7011424426036484,0.3708412039784411,-0.6505397657048093,0.9999998124206796
501,67.62755102040816,14.872448979591837,62986.816326530614,0.42136428571428575,0.7857142857142857,0.3690304,14,1,-0.3268421989795918,0.7379271978571429,-0.5016238356122449,0.3327915639489796,-1.2555180665306123,0.4744356138265306,-0.401551686372449,0.42174642760204084,-0.1862247543394898,0.13936375789438776,-0.817994073265306,-0.38623667387755106,-0.2607446257653061,0.7334974567346939,-0.7359810944897959,-0.059106638510714286,-0.01408449454,0.5443230541836734,-0.7474751683163265,-0.26297180709183676,-0.5506533535204081,-0.35566901710204085,0.7540303234183673,1.1177639818367346,0.09617085524489795,-0.4561948868367347,0.38022611275510204,-1.352155512244898,1.0091366828571429,0.47532693418367344,-0.013842529925255101,0.0811352329744898,0.35220583413265305,-0.4912435912755102,0.17203373407908165,-0.7496629560714286,-0.46725149653061226,0.7943975057142857,-0.37141046239795916,-1.1718507107142857,-0.3510303087040816,0.20628537152040816,0.17816788201530612,-0.18943772892346938,0.2772145987244898,0.21626430204081634,-0.24529802795918368,-0.6523350459183673,0.3239988461734694,-0.6471946121938775,0.9999999478688185
502,63.57425742574257,11.693069306930694,5569.260726072607,0.15464851485148515,0.45874587458745875,0.38330778,13,1,-0.3069423098712871,0.706529086039604,-0.4182112376468647,0.36957076012541257,-1.1517157478217823,0.4999819125082508,-0.298702981220462,0.3820586088778878,-0.09201503355676567,0.19349005284026402,-0.7711599895379538,-0.4795562137805281,-0.29329410686468643,0.708203875709571,-0.7389351685478548,-0.21651117790924093,-0.12978965111359736,0.5460962987458746,-0.6310551823927393,-0.2295066529669967,-0.6030445145544555,-0.39446544651914195,0.7160501598679868,1.145598851980198,0.1716773354561056,-0.4306840713036304,0.2729778868062706,-1.3742104676567657,0.8960206040264026,0.585710211650165,-0.014374915514653466,-0.0036818712313531343,0.3079649713531353,-0.4474460174125413,0.02832351126686469,-0.7462367377227723,-0.5476698295709571,0.84574218660066,-0.2350083602178218,-1.1479735973927394,-0.4487370607590759,0.2891675699669967,0.18634075864356436,-0.2203975463491749,0.32589201504950494,0.05700636954356436,-0.3405400403630363,-0.7049921027722772,0.3771748512871287,-0.6212190202442245,0.9999411570138228
503,84.97249334516415,16.258207630878438,156426.9769299024,0.3552483584738243,0.5141969831410825,0.39835376,11,1,-0.3253640369121562,0.748903967595386,-0.4739120054747117,0.32206928090372666,-1.1654982093788822,0.46829662418145523,-0.3618202834411269,0.404161979039929,-0.1301823416761859,0.16849737043784385,-0.8041081802528838,-0.3999725897670808,-0.27114214564596273,0.7188641423868678,-0.7225296030168589,-0.1463285924841615,-0.08320781430566859,0.5485620372258209,-0.6927713235363797,-0.2572733400934339,-0.5962431120834073,-0.37653007099645075,0.7479361396761313,1.1390733844543035,0.12696491691168144,-0.43370248459627325,0.3527255846557232,-1.3554743008740018,0.9481536189440993,0.5299855107852707,-0.021355200024396184,0.019619823340292813,0.3119717538947205,-0.45240265941437446,0.10898244636394853,-0.747015163997338,-0.5037905247417924,0.8249844793655724,-0.3063954173743567,-1.1613293677684118,-0.39192388526175687,0.25940306097595384,0.1840331062208962,-0.21382863448127773,0.3002776846153505,0.13983813538229814,-0.2884672009037267,-0.6496786786597161,0.32503138915084295,-0.664965144338953,0.9999999741266269
505,73.65873015873017,12.214285714285714,10068.980158730159,0.14854285714285714,0.5595238095238095,0.40968394,11,0,-0.27694524718253966,0.6453462790079365,-0.3737173223285714,0.4597760898015873,-1.1837267710714288,0.509275384920635,-0.2796028210075397,0.36054710126984124,-0.03753218836904762,0.24224828034126986,-0.7329937950793651,-0.5684323176190477,-0.24074770682539684,0.685626183531746,-0.7079208670634921,-0.26928196075396826,-0.18478322342936507,0.5406431292857142,-0.6455003807539682,-0.24134112188888887,-0.6366977690873016,-0.4167685186111111,0.6513427483730159,1.1023050739285716,0.24038288250833334,-0.42065710777777776,0.18297049877031746,-1.362822296825397,0.8523558028174604,0.561331070952381,-0.006311484648416667,0.00487362476654762,0.2613969463837302,-0.4683054328174603,-0.004886746398492064,-0.7755956032539683,-0.5521549057142858,0.8863660687698413,-0.11461351835799048,-1.1288405048412697,-0.49340471023809523,0.2822702591626984,0.19847946392063492,-0.1738493816547619,0.3089509203174603,-0.06239066512374603,-0.34910967595238096,-0.7512475764285714,0.34024297924603175,-0.6078782542857143,0.9999779182684372
51,29.12391817466562,5.032651455546813,759073.9417781275,0.11140082612116443,0.6392604248623132,0.4160567,0,1,-0.37099955659642014,0.7534496617191189,-0.4078681233337824,0.3502396509464201,-1.114278948328088,0.4509326190370181,-0.2981069374426829,0.42809381990952,-0.08117908598850118,0.18725076541159325,-0.7296783823642801,-0.42058835114421717,-0.29355124928918175,0.7306643280118017,-0.7130328958929977,-0.2155408447607317,-0.07391468030233793,0.5772412602045633,-0.6267073449071597,-0.22625631148202205,-0.6088631512341699,-0.4253595186286389,0.7385830815420928,1.1395139044885918,0.14846668264168686,-0.46758669403619196,0.294559735974048,-1.3237766733654603,0.8817965869874902,0.5988698686309992,0.005550783446632573,-0.04673752949927616,0.29290998132325646,-0.43242430924311565,0.03173322829973564,-0.7859697439276161,-0.5451889266506688,0.8391103666870967,-0.22349796506676237,-1.1458731405389457,-0.45678724183674274,0.31184644318624705,0.18212317136578285,-0.19492622292820613,0.32625191941652243,0.12179846174765145,-0.36164184264162075,-0.7044045251062155,0.3529181899162077,-0.6181209173154996,0.9999997251423957
515,40.82670454545455,8.159090909090908,88729.04829545454,0.16220198863636365,0.6704545454545454,0.44621336,14,1,-0.3512390661372159,0.7672230812215909,-0.4799892664545455,0.33200198893068184,-1.1792448150000001,0.45409629139204544,-0.3647009247585227,0.4251578480681818,-0.15578409442414773,0.15227747616619317,-0.7975638101704546,-0.3863988179261364,-0.27958003501136364,0.7265628387443182,-0.7346537672443181,-0.12309585014460227,-0.05463744648079545,0.5637216265056818,-0.6923310986079545,-0.2561033340227273,-0.5842799764744319,-0.3971921746022727,0.7491887550284091,1.1387990976136364,0.11309614763511933,-0.4529911770738636,0.35887767387499997,-1.3266638345454547,0.9428356860795454,0.5518439699715909,-0.0062836447434375005,0.00891768130934659,0.3279216991278409,-0.4588718755397727,0.11007694182528409,-0.7464468419602273,-0.5173228469147727,0.830579951497159,-0.32248966279545455,-1.160668931940341,-0.39982888160795454,0.26004278594886365,0.1934841587125,-0.19499027576988637,0.28861364891761365,0.1899750878465909,-0.2895677001704545,-0.6793552703982955,0.32447680332670453,-0.6452079148863636,0.9999999519643296
518,55.42309295539808,10.832013338891205,494403.1196331805,0.16131750729470612,0.5960817007086286,0.44467732,13,1,-0.35559277328386824,0.7602582957507296,-0.4588791728667153,0.33522431477073783,-1.1807683404418508,0.4629435256390163,-0.3578954644446019,0.4236414000112547,-0.13702741396191745,0.15220888849740308,-0.7920511250812838,-0.3960964733588995,-0.27991567465047934,0.7398339808428511,-0.7384070369945811,-0.14301528193911214,-0.05011605460250688,0.5580780045131305,-0.6972747625756566,-0.25222555751854936,-0.5856242195018758,-0.39375847441017087,0.751383339741559,1.136915232428095,0.1206528887537974,-0.44646355494956236,0.366886678248145,-1.3446082175781575,0.942643558770321,0.5486433172113381,-0.0007595746599016256,0.006379970551637349,0.31777059814008757,-0.4592453526727803,0.1119851993115548,-0.7498943295264694,-0.5063852405564819,0.8348582635644018,-0.3122880434410171,-1.1575892591058774,-0.4054096673955815,0.26518114057644854,0.1928313025677349,-0.20027839243222467,0.31398271850687787,0.17345810650072946,-0.3031318835039183,-0.6719690086994581,0.31872061785093786,-0.6517021462776157,0.999999778138787
52,78.80555555555556,15.555555555555555,80232.30555555556,0.22064166666666668,0.5277777777777778,0.3990871,13,1,-0.3067816125,0.7241419988888889,-0.4567257033333333,0.3565177333333333,-1.2242532694444443,0.48488544055555555,-0.3962156375,0.38660016666666663,-0.1447100440277778,0.14911234241666665,-0.8224513036111111,-0.421259975,-0.2546289525,0.7309717669444444,-0.7254227311111111,-0.10578485252777778,-0.07935084013888888,0.5392184144444445,-0.7455442147222222,-0.2698985930555555,-0.5694294074999999,-0.37909643138888893,0.7173482097222222,1.1101331333333333,0.12961077641666666,-0.4396471344444445,0.36604640250000003,-1.3692896333333333,0.9743535644444444,0.5028608611111111,0.011700797052777778,0.05381818155,0.3212762927777778,-0.47713703555555553,0.15308107111111113,-0.7230396111111111,-0.4780627722222222,0.8503722458333334,-0.3186797058333333,-1.1557213555555554,-0.3890341855555556,0.23634554416666667,0.19628770294444445,-0.19841802127777777,0.2945984386111111,0.1543261155,-0.24169783388888888,-0.6644577708333332,0.3125565894444444,-0.6520000011111111,0.9999999751614357
520,34.806451612903224,6.790322580645161,44832.27419354839,0.12065967741935484,0.7580645161290323,0.5170505,14,1,-0.36389909354838706,0.77364541,-0.471843121016129,0.3362136579032258,-1.183851693548387,0.47340177387096777,-0.3671339625806452,0.43206879596774195,-0.14483215170967742,0.17334978077419355,-0.8103602483870967,-0.3773640928225806,-0.27510234048387094,0.7488105393548387,-0.7521275091935484,-0.14664586943548388,-0.042376180640322586,0.5768628162903225,-0.7146737306451613,-0.26371172758064515,-0.5834864637096774,-0.3854473061290323,0.760827085,1.1467842058064517,0.10961166058709677,-0.4437724822580645,0.3791015931451613,-1.3563242580645163,0.9494808101612903,0.5735366206451613,0.010747853822580646,-0.00401019515,0.3165586260645161,-0.4798761132258065,0.1359165345967742,-0.7511623435483871,-0.48961349354838707,0.8439450083870967,-0.3155943387903226,-1.172228691935484,-0.40515121548387095,0.25890098312903226,0.19797170348387097,-0.20224444096774194,0.3082879958064516,0.19445658258064516,-0.3070768969354839,-0.6579039767741935,0.30784612112903226,-0.6577431491935485,0.9999999990004917
526,21.570335491465567,4.305473808122425,115150.12948793409,0.08172801648028251,0.7021777516185992,0.32908106,0,1,-0.4479927427604473,0.8196095234196586,-0.43245795602992937,0.3756830147706298,-1.129520713805474,0.47266885740141257,-0.2919012423728075,0.44451158241671573,-0.10587221972398234,0.1486915201799529,-0.7288249124343732,-0.3828603098728664,-0.3211385557527958,0.8123551041259565,-0.7488860116833431,-0.22406767247233667,0.009590322194037671,0.5873593390111831,-0.6531123848616833,-0.2341616089496763,-0.5858715926756916,-0.4252026307851678,0.7770748080517952,1.1770954327881107,0.11819621828894643,-0.46353060415538555,0.39511600826527365,-1.3569374143143025,0.9004351714420247,0.6161622181341965,0.01633559220476751,-0.04763807129450853,0.30506058697622135,-0.43186328600432605,0.085116644360412,-0.7943889010300177,-0.5326116391288993,0.8164028921280754,-0.30267682498622717,-1.1739111932254267,-0.4251353710629782,0.32466205893761035,0.20606634036824603,-0.21899797204178928,0.3932771345779871,0.18229445410624603,-0.3944378723190112,-0.7305842246968806,0.3069560798063567,-0.6155439558722778,0.9999998270501101
529,28.63953488372093,5.620639534883721,85094.97238372093,0.15363110465116278,0.7703488372093024,0.48639622,14,1,-0.36608900632267444,0.7768314714098838,-0.4968883984825581,0.3096134374244186,-1.1198497117877906,0.4814989150348837,-0.3104619544636628,0.4546722905377907,-0.16275433135218023,0.19539667307877906,-0.7834356444040698,-0.3810662772293605,-0.3015710528197674,0.747690160988372,-0.7348337562209303,-0.16897677984098838,-0.04397087284869186,0.5910170851017441,-0.6570857888517442,-0.23057155366569768,-0.6025775011482558,-0.397528051372093,0.7839410651017442,1.1728872069767442,0.10222647241956394,-0.44654650719476746,0.3322763777898256,-1.3363289752906977,0.9385388239825582,0.6066794379505814,-0.014210265095014536,-0.03776362244540698,0.3235265439098837,-0.46180128261918607,0.06894582011696221,-0.7743348994622093,-0.5350149552616279,0.806796279127907,-0.30274187766424415,-1.2097285414680234,-0.42305023015988374,0.2751362777238372,0.17964216271264535,-0.2114696847456395,0.2972341665610465,0.19651903508125,-0.33821225075581396,-0.6781908793168604,0.38057530110465115,-0.6211658459156977,0.9999999049494557
535,29.328,6.13,14504.28,0.1577706,0.624,0.4470573,11,1,-0.390299831672,0.80084547638,-0.4790118919636,0.319077184408,-1.1684218905800001,0.4409500289906,-0.3431256897372,0.45710972637999997,-0.15504931053194,0.1567874392334,-0.7933658895,-0.36380922906400004,-0.29389299763000004,0.745751490236,-0.75746094922,-0.146501703464,-0.01458627738664,0.5933311619999999,-0.6874193669600001,-0.255456776516,-0.58728121496,-0.40133772442,0.799695363802,1.1720135814800001,0.09060540301400001,-0.46443283595999996,0.3782685985198,-1.3377728621,0.95142332656,0.58461782782,0.013277508026479999,-0.00413786421984,0.3305581906396,-0.467428999928,0.11024033233124,-0.771602167826,-0.519971553154,0.82237965034,-0.33939175423159995,-1.1700950956,-0.39559627996400004,0.266783923552,0.196588551338,-0.199637895547,0.308291235166,0.2296237619885,-0.33910188931,-0.67677984102,0.326058105328,-0.6549475674799999,0.9999991436077649
536,45.10508474576271,9.196610169491525,66572.97627118645,0.08855966101694915,0.5932203389830508,0.42083362,14,1,-0.35479711155932203,0.7473268414237288,-0.47824341911864404,0.3619457585813559,-1.2056740270508475,0.4726672554576271,-0.35502145444067795,0.41693092891525424,-0.14755316749118644,0.1582184452944068,-0.7875592977627118,-0.41865984854237287,-0.2767754005084746,0.7391816602372882,-0.722258420779661,-0.14657001831050848,-0.05433285014796611,0.550023948338983,-0.7033795804406779,-0.25726635871864406,-0.6061393078305085,-0.39211674572881355,0.7511721852542372,1.1392710159322033,0.13654484187661017,-0.4492684402372882,0.35685543138135595,-1.3349440430508475,0.9391102382033899,0.5300315884067797,-0.0070309181713220335,0.006633471849491525,0.3328864510847458,-0.4747288602,0.09645350106237288,-0.757177214440678,-0.5148153321355933,0.8327329275932204,-0.3147457322366101,-1.1526608096949154,-0.4005029616949152,0.24679159554576272,0.16915270123050846,-0.1961666770237288,0.29848927149152543,0.1493725400616949,-0.3194139665762712,-0.6927546678305085,0.3226688875932203,-0.6448684751864406,0.9999999959775463
538,29.79310344827586,5.827586206896552,88529.55172413793,-0.0036034482758620662,0.5862068965517241,0.4421222,10,1,-0.4440794055172414,0.8669487065517242,-0.4881044975862069,0.36446557793103446,-1.0569800131034481,0.5051569031034483,-0.23210252289655173,0.4902308613793103,-0.1310235406551724,0.19925294835172414,-0.73398096,-0.348275268275862,-0.3415759327586207,0.7610776775862069,-0.7847424731034482,-0.23912553491034483,-0.03317701612413793,0.5974379175862069,-0.6076830810344828,-0.20544157862068965,-0.5787323658620689,-0.3464234434827586,0.7874362651724137,1.2384076068965517,0.14439379062068963,-0.4259985817241379,0.3572487487931035,-1.380286851724138,0.9464708862068965,0.711472245862069,-0.04730189044068966,-0.023601847468965514,0.334785855137931,-0.4441450110344828,-0.007587326093103454,-0.8070278468965517,-0.5474979686206897,0.7438543579310345,-0.28201868268965513,-1.2226456965517243,-0.5065338320689655,0.3068747554137931,0.14913073362068965,-0.15202989937931033,0.3683753876551724,0.19243119620689658,-0.4311071579310345,-0.7428321072413793,0.2868594034482759,-0.6516682396551725,0.9999999049054762
54,57.94117647058823,10.808823529411764,64748.35294117647,0.17907132352941177,0.5220588235294118,0.40225962,11,1,-0.31086032154411763,0.6982285260955882,-0.45691401480882354,0.3469704548529412,-1.1906538568382352,0.4596829928676471,-0.3574848733014706,0.39815177461764706,-0.11804430547007352,0.1523692115507353,-0.7866733877573528,-0.4288743547352941,-0.2714157983823529,0.7043773184926471,-0.7163311675735294,-0.131690227475,-0.08670630015367647,0.5528458602941176,-0.7109591677941177,-0.25690024216911767,-0.5903367064117646,-0.36705306286764705,0.7049252241911764,1.1029469281617648,0.14701467250713235,-0.45252228588235294,0.3150600503602941,-1.339913284264706,0.9510919523529412,0.5247634253676471,-0.004464807275955883,0.026606855762794118,0.3156436880514706,-0.462363524632353,0.09847690353750001,-0.7448439047058824,-0.49663341322058824,0.8384406636323529,-0.2944210992319853,-1.1211732065441176,-0.40622736264705883,0.24157520874264704,0.1823738229117647,-0.18385089481691178,0.28673834779411767,0.1171287551875,-0.2890520390514706,-0.6718201558308823,0.31647020264705883,-0.6291270391911764,0.999999991292305
546,46.6095461658842,7.961658841940532,186121.46478873238,0.268572848200313,0.7535211267605634,0.46250913,4,1,-0.32307362174569637,0.7247476263067293,-0.4239837307516667,0.40291245382816904,-1.1626231380359937,0.4767292167605634,-0.299392135136054,0.41458443186228483,-0.09690404385586854,0.21205379651709705,-0.7513558695852895,-0.4854628638779343,-0.2518291344264476,0.7298934474491392,-0.7142209055242567,-0.2292359518125994,-0.11610893493934742,0.559935940743349,-0.6466419291549296,-0.23701918562676058,-0.6312860237793427,-0.4155293883959311,0.7317012068701095,1.145360073028169,0.17754660983148202,-0.4284873704538341,0.24661199684475743,-1.338962403599374,0.8762192989358373,0.5735016249765258,-0.019046791017024257,-0.0315277769541565,0.273307015935892,-0.44841854745226917,0.02778502833077856,-0.7971199926604069,-0.5675153913849765,0.8473132541079813,-0.19088875436312988,-1.1711265535837245,-0.4602790868270736,0.29154139418935837,0.18714627497982786,-0.1870847948286385,0.31757885764475746,0.0518620146786385,-0.3449359217073552,-0.7243850413928012,0.35414112649295776,-0.6322011630320814,0.9999998618192336
547,32.23809523809524,6.333333333333333,140376.47619047618,0.04845714285714286,0.47619047619047616,0.3744065,13,1,-0.4279606761904762,0.8048617138095238,-0.4757819828571429,0.3364189542857143,-1.2338125761904761,0.43386081428571427,-0.3663252457142857,0.4833075352380952,-0.19613670909523812,0.15502775861904763,-0.8132796942857142,-0.3283956019047619,-0.23538750464285713,0.8045130342857143,-0.8138194819047619,-0.19243638633333332,0.0390160074152381,0.5515899295238095,-0.6703055128571429,-0.26761547952380954,-0.5926182795238095,-0.3922515676190476,0.8220001923809525,1.1815387380952382,0.06945388195238096,-0.41555672161904755,0.3847207866666667,-1.3059145047619047,0.8956345266666668,0.6300401080952381,0.018423509683809524,-0.08035606613333332,0.24375390895238097,-0.4870213252380952,0.18059119963333334,-0.7516434485714286,-0.5136151319047618,0.8365626004761905,-0.32610232904761904,-1.158563845238095,-0.3486545477142857,0.2389176942857143,0.20464462238095238,-0.19138562276190477,0.3484845538095238,0.24675702267619046,-0.3624058142857143,-0.6388797952380952,0.3240814104761905,-0.6741332652380952,0.9999998512873622
548,57.87889812889813,11.634615384615385,42089.56444906445,0.1981337318087318,0.5218295218295218,0.42629695,14,1,-0.33000728135395013,0.7301208633056133,-0.4739490187991944,0.3396156262094595,-1.2076010699932433,0.4748618968139293,-0.36985807083149685,0.4088385646861227,-0.14465477120543452,0.15570014490369025,-0.8129500578898129,-0.4113293322598753,-0.27418842968607066,0.7303023522193347,-0.7441545633783784,-0.12795597897931912,-0.0669485753722973,0.551383915462578,-0.7244871049116424,-0.26264186840362264,-0.5871388069178795,-0.3748207739468815,0.7349798573362786,1.124209830389813,0.13000463696824324,-0.4352029011122661,0.3609611532189189,-1.3563315376819127,0.9605020472817047,0.5327535695909563,-0.003237664889319127,0.024412843596042618,0.32234702784480246,-0.47868978009682955,0.12693858334482327,-0.7355399474116424,-0.4919713437567568,0.8409152847843034,-0.3195067312488566,-1.1489148924740125,-0.398605220997921,0.23764702452733888,0.19095894490007798,-0.19369998525285864,0.2961219646023908,0.15570089563076925,-0.28908397307172556,-0.6644571007848232,0.31077526890592516,-0.6543300624376299,0.9999998041858177
549,25.363636363636363,4.7727272727272725,63673.181818181816,0.016927272727272725,0.6818181818181818,0.48130658,13,1,-0.38086753318181815,0.82671034,-0.4280279254545455,0.3173089131818182,-1.1445764118181818,0.4366915863636364,-0.32563399386363634,0.47669855045454546,-0.10820406922727273,0.21144836254545452,-0.73358156,-0.39626551136363636,-0.24436354136363636,0.7486063881818182,-0.7214927431818182,-0.2086699387272727,0.004886635954545456,0.5924409590909091,-0.6554889204545454,-0.25533292318181816,-0.5957623372727273,-0.49533561863636366,0.8016805090909092,1.1511133254545454,0.12144115018181818,-0.4874924972727273,0.3443271909090909,-1.3272360409090909,0.9235253609090909,0.5574172390909091,0.04880654761363636,-0.042447556181818176,0.26385378340909094,-0.43334145454545453,0.11914385772727272,-0.8135661477272728,-0.5256276763636364,0.9028426345454545,-0.2572981031440909,-1.2139520563636363,-0.41963552681818184,0.3126794372727273,0.21269771863636364,-0.23276947045454544,0.3414238277272727,0.19447899681818182,-0.35442666954545454,-0.6895061636363636,0.3298032840909091,-0.6438141968181819,0.9999999301212211
55,47.660146699266505,9.418092909535453,44624.28850855746,0.127219804400978,0.4156479217603912,0.4266668,13,1,-0.3471702103154034,0.7346321300488997,-0.4540126773789731,0.3426102898337408,-1.2136388942298288,0.4674866596943765,-0.3512945881246944,0.41591359322738386,-0.1341714265455868,0.15631345716185818,-0.7846018120782396,-0.4267239012469438,-0.28238686750611247,0.7447750769682152,-0.7266825130562347,-0.1311524544178484,-0.051903524306845965,0.5578779040586797,-0.7206517644498778,-0.24513646232762837,-0.5875587564547677,-0.39128673907090467,0.7396518978728607,1.126757582811736,0.13334705781491443,-0.4532976137163814,0.3591199932200489,-1.3458416506845967,0.9625971101466992,0.5078282592420538,-0.009586398145036675,0.009427617693276285,0.32808299049242057,-0.47869517495354524,0.09543394694303178,-0.7552556321271393,-0.49821525332518335,0.8413951931784841,-0.3154067750317848,-1.1541149378973106,-0.3990199765623472,0.2586144526894866,0.18229588639511005,-0.20379892413471884,0.3039671414227384,0.14694861421271393,-0.3063599573594132,-0.6717556314914426,0.32035373503447434,-0.6347673160268948,0.9999999510934833
550,43.278301886792455,6.816037735849057,101638.96226415095,0.08605754716981132,0.41509433962264153,0.37433073,0,0,-0.32998910985849056,0.7245892242452829,-0.37609051974056606,0.38774777187735854,-1.137630274528302,0.4581921393301887,-0.2962719198301887,0.4115659430188679,-0.0389463743514151,0.24066967130660377,-0.7182343144339622,-0.48786092867924524,-0.2856256716990566,0.7316737212735849,-0.6850894888679244,-0.25290355433349054,-0.10206662079575471,0.5823832261792453,-0.6712753976415095,-0.23401632528773583,-0.6340370175471698,-0.46188256792452825,0.7066483526886793,1.1277166506132075,0.19244634721792453,-0.46550202754716985,0.28089910574009436,-1.322648854245283,0.8790444900000001,0.5530310153773584,0.022960155526415095,-0.07170882235518868,0.2914744334955189,-0.44970654403301885,-0.0005755167811320744,-0.8202845376886793,-0.5486927113207547,0.9004422109433962,-0.18023034727971698,-1.1684782713679245,-0.5232676324056603,0.3183148506981132,0.18090097765254715,-0.17952544818396227,0.3641658121226415,0.03960971139245283,-0.37031417783018866,-0.7250336247169811,0.3297304752358491,-0.6165045079245284,0.9999999393544658
551,42.888888888888886,8.555555555555555,111906.05555555556,0.10906111111111111,0.6666666666666666,0.4748967,14,1,-0.33122199277777775,0.7605620477777778,-0.46664587611111114,0.29731643333333335,-1.1857739444444446,0.457869175,-0.3951741488888889,0.41685301444444445,-0.15836052233333334,0.15053530411111113,-0.8174469694444445,-0.3750910011111111,-0.2681896272222222,0.7323678044444445,-0.7388855244444444,-0.10838182344444444,-0.04053051177777778,0.5555710983333334,-0.6952206027777778,-0.2487754566666667,-0.5724633272222222,-0.3818185661111111,0.7663002838888889,1.123821011111111,0.08808867247777778,-0.44188477944444443,0.3799389038888889,-1.3412338166666666,0.946649578888889,0.5315830222222222,-0.008970529827777777,0.007693508461111111,0.32244721222222217,-0.45011478277777783,0.15063368644444444,-0.7384655022222222,-0.5019095261111111,0.8256461794444445,-0.3313488827777778,-1.165787468888889,-0.38984675888888887,0.2628158005555556,0.1905673288888889,-0.21664115444444446,0.29595728555555556,0.19767512133333331,-0.2518828461111111,-0.6167742538888888,0.3277095738888889,-0.679451355,0.9999999245157495
555,21.344129554655872,4.05668016194332,22288.25910931174,0.12072186234817814,0.6923076923076923,0.4617097,14,1,-0.4113137362105263,0.8105719022672065,-0.47528174400809714,0.3127267600631579,-1.1511138322064778,0.4335446662186235,-0.31963443151417004,0.476423216194332,-0.15685213768623482,0.16176615562307692,-0.7619103653036438,-0.3597121661356275,-0.29639598557894736,0.7403299320890688,-0.7618066834412955,-0.18275404223157896,-0.0005678506570850195,0.5970721000404858,-0.6311392058704454,-0.22658062919838057,-0.6076190178542511,-0.4152128033319838,0.8001905653036437,1.183965805465587,0.0916700083478421,-0.4656252203643725,0.3582310457591093,-1.2956219347368423,0.9012520575303644,0.6243930965182186,-0.0082370765254251,-0.05890836649863158,0.3052323921174089,-0.4492055588259109,0.0695422640611336,-0.769272168825911,-0.5516513357975708,0.8240135457085019,-0.31543241808906886,-1.1656401231983806,-0.41425240987449397,0.2935454534089069,0.19794369790323887,-0.19882452224696356,0.31664338100404854,0.21729728325910933,-0.36695328939271254,-0.6671916675303644,0.3463684357445344,-0.6503165544129554,0.999999971736838
558,36.143968871595334,7.19455252918288,94515.10894941635,0.15831284046692606,0.4396887159533074,0.4125089,7,1,-0.3644922847081712,0.7624348919066147,-0.4610567937159533,0.35509047793774323,-1.178659577859922,0.4727157904280156,-0.34289523786770426,0.43038812482490274,-0.14800598995719844,0.13680616454863814,-0.78499444692607,-0.4170892620466926,-0.2968102069455253,0.741096696225681,-0.7364538911284046,-0.1342454246371206,-0.0476027105274319,0.5727108163424125,-0.689317300544747,-0.24265140644747082,-0.5868997486381323,-0.3878704306614786,0.7641553530739299,1.144254396303502,0.11901435102159534,-0.4668624669649805,0.35778555858365757,-1.3545463023346302,0.9436094297665371,0.5519465018677042,-0.0013488741927237355,-0.0007766418914396889,0.3495394947626459,-0.45751525930350195,0.08487317786167314,-0.7632131771206225,-0.5184321754863814,0.8400708283268482,-0.3264225718871595,-1.1464371585214008,-0.4123538460311284,0.27951597437276265,0.1821629648622568,-0.2222340327303502,0.3070810868326848,0.17735976517509727,-0.3248011530739299,-0.6947942767704279,0.33148291906614785,-0.6385772546692607,0.9999999242569679
559,50.922361359570665,9.342397137745975,122920.99677996422,0.15424939177101968,0.6597495527728086,0.3600506,0,1,-0.3963195021041145,0.7850068078797854,-0.39752782023141864,0.36449367013234346,-1.0945068965810376,0.4674917859324866,-0.2795718484753835,0.4235215941459302,-0.09877731316663864,0.16477684843053667,-0.7269289922316636,-0.4299934973051879,-0.3025199442968694,0.7744444608559928,-0.7246642636708408,-0.22168664771383545,-0.04599525326821556,0.5714884367930232,-0.6067510021833631,-0.21859147779808227,-0.6014726921336315,-0.43927121919356,0.7789522276756708,1.1493713119527729,0.14086052707658192,-0.4692928440448658,0.3265313305129016,-1.3416851712468694,0.8567853037756707,0.6105279168724508,0.02173408336277959,-0.07362990946917118,0.3111872127094991,-0.40470886507928444,0.021421149949400718,-0.7758859077237924,-0.5664583792220036,0.8548671891491592,-0.25372853844322,-1.1368995022844364,-0.4588721225744544,0.34013095238304114,0.18833798624154202,-0.25031097664079427,0.3759884197851521,0.1369785286359374,-0.3932878494536673,-0.728014244147585,0.38289297951810375,-0.6162789630413238,0.999999935843053
56,58.45161290322581,11.599462365591398,17394.416666666668,0.12265268817204301,0.46774193548387094,0.4062899,6,1,-0.3535563681827957,0.7520150102172043,-0.4573542531586022,0.34341406601612906,-1.2040316585215054,0.4641005976612903,-0.3685969790967742,0.4149971660752688,-0.13686549710241935,0.15388575305134408,-0.798786922123656,-0.4041657253763441,-0.2705551457091398,0.7305485143817204,-0.728842074811828,-0.12166146938252688,-0.05002260861438172,0.5574091764247312,-0.7164982430107527,-0.25867489524556453,-0.5865005807795699,-0.39015118774193547,0.7456518664247312,1.1220565549086021,0.1279043033626344,-0.45442345559139785,0.37602969652150536,-1.3412893477688173,0.9475867544892473,0.5230662224193549,0.0033669147461774197,0.017101330389413978,0.33426622965053765,-0.4718611441465054,0.10706684834435484,-0.7434398917787634,-0.4919500782795699,0.8494469801801074,-0.31842922946774194,-1.1386526831989248,-0.404460211827957,0.2567352455564516,0.19062223638172043,-0.2023762518064516,0.306055025405914,0.165834332924086,-0.29916708311021506,-0.6655518168548388,0.3112466018548387,-0.6555370750403225,0.9999964795469448
560,63.0,14.0,223414.0,0.0,1.0,0.55027634,14,1,-0.2664504,0.7229398,-0.5162097,0.32709104,-1.2319989,0.45552605,-0.43461415,0.40334976,-0.20207618,0.11823941,-0.8757951,-0.39093515,-0.2840431,0.76547426,-0.8002207,-0.13391182,-0.06196849,0.5161606,-0.77849364,-0.32145452,-0.53753495,-0.33652782,0.63037086,1.1410463,0.08420806,-0.3804779,0.3510391,-1.3546588,0.97421384,0.58389693,-0.016604967,0.013380976,0.33285552,-0.50377667,0.20571712,-0.7149959,-0.4553228,0.80659014,-0.37195665,-1.2321734,-0.37886918,0.20047997,0.20200616,-0.16956112,0.30244738,0.16972421,-0.22598293,-0.68293387,0.25706172,-0.5900097,0.9999998791829865
561,67.47096774193548,10.503225806451614,415367.03440860217,0.1538148387096774,0.6451612903225806,0.34573746,0,0,-0.3070324955268817,0.6561315734064516,-0.33108375679999996,0.4229483669204301,-1.079217889655914,0.45455621075698927,-0.22025557793849462,0.3774924733956989,0.006804803862000001,0.25333389521763444,-0.6664197697634409,-0.5601734439333332,-0.27495054790107526,0.6825265525376344,-0.6527667995913979,-0.3262420137974194,-0.192723943584,0.5764087192473119,-0.6040972206752688,-0.23724168724086023,-0.6569789564086022,-0.471971747436129,0.629592243311828,1.1063091775268816,0.27063520879032255,-0.47290797156989245,0.1387177964795699,-1.3318467556344087,0.81328570938,0.5700452275913979,0.016703626452714625,-0.06431171900068818,0.2634284795316129,-0.4213470064580645,-0.09687996153010753,-0.8373368230752689,-0.5921460410688172,0.9242235179569892,-0.06422894594817205,-1.1010027836344085,-0.5427708120430107,0.3377839789053763,0.19823319874559142,-0.17552847391376344,0.33014808496623654,-0.09641425943247312,-0.4221372092193548,-0.7864256356838709,0.35362819015698926,-0.562436337892473,0.9999998102593578
562,70.79829545454545,12.877840909090908,98339.94886363637,0.22718181818181818,0.5255681818181818,0.4004818,11,1,-0.33027601951704544,0.7071447186278409,-0.4390575061115057,0.3497641938153409,-1.1859664099005682,0.46825910399147724,-0.333284964040625,0.39939926204545456,-0.1143326187597443,0.17366398962585228,-0.7833931775,-0.4430067202613637,-0.27886291975852273,0.7255628269886364,-0.7358438395738637,-0.18205866592017045,-0.09075210461798296,0.5530515151988636,-0.674818007215909,-0.24810189576988637,-0.6081952259943182,-0.39972853988068185,0.7120948555681819,1.124708445,0.15119686887102274,-0.43619283673295456,0.3074193102090909,-1.3390772296875,0.9158888950284091,0.5583695180965909,-0.005153185022755682,-0.01653714178377841,0.2991537659303977,-0.4653291980585227,0.07542540915958523,-0.7516554770738636,-0.5265496503409092,0.8540686865056819,-0.265258970557983,-1.1411727551704545,-0.42598410988636365,0.2663089874630682,0.19544229272329544,-0.19406464668863635,0.30673662212499997,0.094932040075,-0.3219037506818182,-0.6806359994602272,0.33233417811079546,-0.6297836262215909,0.999999998824834
563,52.11075686165789,7.19406709176601,3158474.5702800113,0.1093843082894372,0.4140560022179096,0.43508676,14,0,-0.3299585516320488,0.7333205021311339,-0.39369708750252286,0.3874563369734181,-1.0803096406946215,0.45594633711272525,-0.2816424923699407,0.4158232593167868,-0.08261775979435639,0.19505137656416,-0.7282028958580538,-0.4675358992383282,-0.2521966835345855,0.7216784459416413,-0.6966252077044635,-0.26575194800993873,-0.12909234024908414,0.5628222864208483,-0.6050811159119628,-0.24221670184819796,-0.6251079293520516,-0.43364444885874687,0.714354456256723,1.1501712085652898,0.17906653541598833,-0.44822297723343496,0.22681365046689353,-1.331674204233435,0.8338641447879124,0.5977343610507347,-0.0008747423568660934,-0.05951088559001802,0.26391971670890074,-0.3917729220504436,0.0034274867100891324,-0.8068000872516496,-0.5825185550473662,0.86871366145262,-0.18122758726541724,-1.1569379037136125,-0.48193013643429444,0.3374450623851095,0.2214635716754921,-0.2131063764447283,0.3529657382265179,0.037946444919652066,-0.3554928361115886,-0.732285645816052,0.36974209940790126,-0.6122002607428612,0.9999997081978107
568,44.580178173719375,8.456570155902005,497510.9429287305,0.1437181236080178,0.5592984409799554,0.43096817,12,1,-0.3637241137655902,0.7482609794014476,-0.4778757750897272,0.3327330596784521,-1.1581548867277283,0.4568035371065423,-0.3338195799653396,0.42891979276893094,-0.15530178656342705,0.1457800903675849,-0.7769669718624722,-0.409047424218931,-0.296131762969098,0.7266726393994989,-0.7221522815534521,-0.13596075259922885,-0.055851579416092145,0.5773137708435412,-0.671673128781598,-0.2312655930118597,-0.6065608037221604,-0.39015201049276166,0.7601374361233296,1.1493676552839642,0.11916727101999443,-0.47288860900890867,0.3374055662531765,-1.3226486366341872,0.9545381798580178,0.5596768559537862,-0.009427716741803174,-0.013568100451443766,0.33418175142969375,-0.4514917473207127,0.07280370979708074,-0.764884799061804,-0.5400405490089087,0.8288708588979956,-0.3208386311748051,-1.1416239991294546,-0.41843744333410354,0.2655973560217149,0.16922182702927896,-0.20149057583474947,0.28584978792662025,0.16753282527981625,-0.3156544320384187,-0.6795251661525613,0.3553822375231069,-0.6375748571575723,0.999999762578881
569,25.8125,5.338068181818182,195819.99431818182,0.16238892045454545,0.8323863636363636,0.4148555,12,1,-0.3970401753409091,0.8354901183522727,-0.5124807278125,0.3663000148636364,-1.108924790994318,0.52245682775,-0.31974073820255683,0.4686515169034091,-0.17773220979204546,0.15496204723607954,-0.7684155418465909,-0.3638678903295455,-0.2939360399090909,0.7926949421022728,-0.7530088444318181,-0.16752739833323863,-0.026156509045482956,0.5466783170170454,-0.6529740056335227,-0.22258988239772728,-0.5876342906534091,-0.3496641885056818,0.745795037215909,1.175730877528409,0.15729217514375,-0.4199397462215909,0.3978361569119318,-1.3425898117613637,0.9296385588977273,0.6256572207954545,-0.06734157008051136,-0.06946533081960227,0.3296635510142046,-0.41604306644602274,0.06249897381005682,-0.7649058324147727,-0.5410990101988636,0.7862628099431818,-0.3141077357002841,-1.2091876448863637,-0.48320399804261366,0.28801340249431817,0.14193145386335226,-0.1974805487082386,0.3770200748039773,0.17716099788636364,-0.3607953651704545,-0.7215701915625,0.2942706339147727,-0.6614859873579545,0.9999997919427452
572,54.35845143449706,8.386795713791912,264383.9021776702,0.14886055997234704,0.6104389906671276,0.4014841,0,1,-0.307811396866851,0.6692607342405807,-0.3574333503778431,0.4360501517095403,-1.1513814953093675,0.4844579619892845,-0.24634038259091945,0.3701453263398894,-0.016528561839818528,0.2604861598368994,-0.7067883851005876,-0.5581046087030763,-0.26260063594089184,0.6957719447535431,-0.7094780259626684,-0.30499856166011063,-0.1745654001645351,0.5584136985969582,-0.6104881794047701,-0.22336925159549256,-0.6506435150051849,-0.45101808364866924,0.6590719602246803,1.1232219957787763,0.2482607362396412,-0.4287306189146215,0.1833129536605323,-1.3451397799585207,0.8319950311441411,0.5862099100345662,-0.012295214097557898,-0.03820057129035257,0.2460940663643277,-0.4531501162039406,-0.05037872568983754,-0.7989954126105773,-0.584430448154511,0.8955435782696163,-0.08888523973523678,-1.1294228397939854,-0.5223645761328725,0.3129095063474594,0.20638451577710334,-0.16653046335907362,0.33136548695782925,-0.07742061450249914,-0.38454051646374005,-0.7493601560071897,0.3508948790060145,-0.6118078356418942,0.9999998363376142
574,43.85658914728682,8.604651162790697,82302.75581395348,0.23419263565891474,0.748062015503876,0.46674198,0,1,-0.3286957750387597,0.751477876124031,-0.5060148361046511,0.30478977978294575,-1.1694847960465116,0.4583666207751938,-0.3739386286705426,0.43290536856589146,-0.18645660250271318,0.16757532682775195,-0.8295256040697674,-0.36214026818992245,-0.261515549744186,0.733820458875969,-0.743714070116279,-0.14150190156511627,-0.06522341162364341,0.5568123093410853,-0.7035647081395349,-0.2669835191317829,-0.5951448074031007,-0.36235611375968996,0.7689376560852713,1.1603578790697673,0.09272816656162791,-0.4273116290310077,0.34861681358372093,-1.3368845825581397,0.9518107486434109,0.5743221099224807,-0.005117848428348838,-0.007731672375581396,0.31037000874806203,-0.47716338817829457,0.13308514285139533,-0.7345726037596899,-0.5025006800775194,0.8070430873255814,-0.3378625659418604,-1.1923995825581395,-0.3812826854651163,0.23228082868217054,0.18426268410697674,-0.1910973763875969,0.2684890764418605,0.19599187201589147,-0.2811421645581395,-0.6346673120930232,0.34295920916279066,-0.661806077868217,0.9999999721196349
577,59.46913580246913,11.407407407407407,12464.802469135802,0.09979012345679013,0.41975308641975306,0.44907355,11,1,-0.33708254543209876,0.736012796419753,-0.4805195940740741,0.30594475343209876,-1.1423806809876544,0.47294819901234564,-0.35574361538271604,0.39126681037037037,-0.11547908156666667,0.14000574122222223,-0.7764433208641975,-0.38408949851851854,-0.3046719451851852,0.7355874622222222,-0.7090815630864198,-0.12341297913580246,-0.05646160000864197,0.5569496304938272,-0.6865284537037036,-0.23629255133333332,-0.5949686909876543,-0.3655854518518519,0.73402039345679,1.1113405990123457,0.12186214173703704,-0.460113647037037,0.38154765790123457,-1.347032801234568,0.9661028692592593,0.5296347119753086,-0.02202579199506173,0.004455329724691359,0.3215556738271605,-0.4269176908641975,0.11539823246790125,-0.7300166595061728,-0.4929454565432099,0.7961817960493827,-0.34412608116049387,-1.1482091319753087,-0.3979275859259259,0.2702473285185185,0.16978541709876543,-0.22225925197530866,0.3046257862222222,0.15231188967901235,-0.29176715320987656,-0.6447217020987654,0.32064830351851853,-0.6478013711111111,0.999991643777479
578,38.42321428571429,7.798214285714286,570027.8696428571,0.13933517857142858,0.5803571428571429,0.45443538,14,1,-0.37384528974285713,0.78930258525,-0.48596743176071433,0.3212075687317857,-1.1897735429464287,0.4604809692794643,-0.35839787248571425,0.45133717074999996,-0.16895729768731785,0.1641015218580357,-0.7986839235892856,-0.3684423994982143,-0.2752935753125,0.749010194375,-0.7570078928928572,-0.1351972221580357,-0.00808771118594643,0.578727084625,-0.7025519171535713,-0.2594314034875,-0.5799431781607143,-0.393981262625,0.7662073462857143,1.150688360642857,0.10558185855987857,-0.4587964944821428,0.3812552191875,-1.3366499525357143,0.9566546280892857,0.5695028082678572,0.006492881062566608,-0.0082287224051375,0.3267998848589286,-0.4797000322375,0.12118689880964287,-0.7605263782374999,-0.4974684138019643,0.8387028999285714,-0.3337314072503214,-1.17770740332625,-0.39902475720892855,0.253219135725,0.1944053688882143,-0.20077323354821427,0.3015790560589286,0.21369538694517856,-0.3235198710875,-0.6641894463571428,0.3150834384857143,-0.6482435623232143,0.9999997468542037
579,49.61538461538461,9.0,46171.153846153844,0.24428461538461538,0.7692307692307693,0.44165838,12,1,-0.3169912269230769,0.7248494,-0.41323610230769225,0.38551375230769225,-1.1610394638461539,0.4819435676923077,-0.34715725538461534,0.41170023615384616,-0.09002992261538462,0.15835472353846153,-0.7787533315384615,-0.45729456999999996,-0.2750449492307692,0.72519751,-0.7327380153846155,-0.19031764984615382,-0.1285856563846154,0.5524944038461539,-0.6876709215384615,-0.24010615307692307,-0.6080039684615385,-0.37606471923076923,0.6905613669230769,1.1430617846153845,0.14994104815384615,-0.4366064115384616,0.2918204392307692,-1.357829146153846,0.9225425661538462,0.5818331476923077,-0.019995198874615386,-0.013705490615384616,0.28063599,-0.44476336,0.07416402026923077,-0.7683946961538463,-0.49838331076923076,0.8491104930769231,-0.23611987211538463,-1.1655661692307693,-0.45924851461538463,0.3036987323076923,0.19067795538461538,-0.1979819476923077,0.33249100769230766,0.106422701,-0.2943936169230769,-0.6957599523076923,0.33467003384615385,-0.6173407376923077,0.999999950244847
582,90.92433697347894,16.921996879875195,112934.71138845554,0.32967932917316695,0.609204368174727,0.39370924,1,1,-0.30606549328081123,0.7087472986271451,-0.45797663602886113,0.3551404250187988,-1.1723886962480499,0.4755170693720749,-0.3456076466625585,0.3866223308970359,-0.11437952638876756,0.169638085450078,-0.7958266780889235,-0.4467762830717628,-0.2725665192628705,0.713239128073323,-0.7210678811622465,-0.16702612084110766,-0.11846468885812793,0.5448780616380655,-0.6871198869992199,-0.25245627608936816,-0.6087153270202809,-0.37925418444305775,0.7199641957176287,1.1332466164586583,0.1497853424951638,-0.4273860081981279,0.3085200636674727,-1.3563851386895476,0.9380240522152886,0.5393126026365055,-0.0205779809649844,0.017930190992394696,0.30253982431794074,-0.45161740264586586,0.08888498299867395,-0.7506368885413417,-0.5253267090795632,0.8311527365984399,-0.27751449014005464,-1.1545220474882996,-0.41678706007020283,0.26024426412558505,0.18777107608892354,-0.19831372780889236,0.30007791866848676,0.08819222688150857,-0.28741626560764433,-0.6782327564274571,0.33322706933868956,-0.646511239352574,0.9999999990484107
583,205.34615384615384,30.78846153846154,57758.317307692305,0.33749711538461535,0.5769230769230769,0.3366063,14,0,-0.2760176796153846,0.6192239478846153,-0.3455184171153846,0.44700075057692307,-1.1991692590384615,0.5179135599038461,-0.30787065264807695,0.3453646717307692,-0.011162785395192307,0.22786988372115385,-0.7313395622115385,-0.5677535992307692,-0.2232048239423077,0.6838439018269231,-0.6702181090384615,-0.27278229983173075,-0.1983358230346154,0.5209793374038462,-0.6602728842307692,-0.2538389997596154,-0.6479967401923077,-0.43445208124999996,0.6096689414423077,1.0754438858653848,0.27657559254807695,-0.4357161732692308,0.20289433870192308,-1.3659507721153845,0.851724251826923,0.5161031732692307,0.0020573646759615384,0.0006247251845192309,0.25159655153846155,-0.45987495634615383,0.009265229284615385,-0.76817432625,-0.5313286491346154,0.923183003076923,-0.10254363938942308,-1.1171985016346153,-0.4910202857692308,0.29299527644230766,0.20721559033653847,-0.1839432017692308,0.3105678008653846,-0.10850780535759616,-0.3333913031730769,-0.7281350906730769,0.3196847675961539,-0.6172251902884616,0.9999960334310249
59,39.86637298091043,7.758590308370044,180924.1013215859,0.14131518355359765,0.5859030837004405,0.45408797,13,1,-0.35917322552305436,0.7642066829632892,-0.45896333997674005,0.34424156292769453,-1.161888042453157,0.4660422207965639,-0.33905036299005753,0.43397846707856097,-0.13700200788283406,0.1591288875957856,-0.7868910788575624,-0.40667784852566813,-0.2842585444986784,0.7362678449632892,-0.7402479089397944,-0.16395798292921,-0.06808461083459325,0.5708513914977974,-0.6811945353345081,-0.2470544706690455,-0.5981597871703377,-0.393940197676652,0.7638107386519825,1.1621920364845815,0.12174968958717475,-0.4533395894302496,0.3427791161732159,-1.3509581503524228,0.9444952414449339,0.5728642646284875,-0.0006519078988149777,-0.00478161160228928,0.318451939419765,-0.45650358449530104,0.08945737430239942,-0.7665714370190896,-0.5211056667518356,0.8340064885483701,-0.30590960270958006,-1.1733215942779736,-0.4209456148654919,0.27952286178061675,0.19024845165084878,-0.20562423823283407,0.3096987154117474,0.16953585317891337,-0.32122470220998534,-0.6857821631521293,0.33723924356710716,-0.6456917862437592,0.9999998458704539
6,25.434640522875817,5.25,147076.12418300653,0.05910686274509804,0.6552287581699346,0.41013807,0,1,-0.3779313756699346,0.8007680017810458,-0.5288293977287581,0.25331081998496735,-1.1248324585294116,0.4231369312990196,-0.34054396920049024,0.5071539843071895,-0.20552915622107842,0.1704092467897059,-0.8048251119281046,-0.3291809729117647,-0.3101958029901961,0.7515797320588236,-0.8142081925653595,-0.13443694293490197,0.02567822129496732,0.6171580206862745,-0.6848533570751634,-0.2319510752973856,-0.5926048583856209,-0.37076057990653594,0.785521290866013,1.1606871044803921,0.058897285004150327,-0.44791301122549015,0.36297348909313726,-1.289154945751634,0.9545037572875817,0.6596031149346405,-0.014928065887931373,-0.10805292462479738,0.29069842164215687,-0.4572870417156863,0.1318817960745098,-0.7718796381813726,-0.5122720707679739,0.8434216608986927,-0.3377037008921569,-1.1608812474509804,-0.4387019915261438,0.24721301489869282,0.18457803830784314,-0.18591325813970588,0.3170666078856209,0.283543478852451,-0.33812965860294114,-0.6238312123039216,0.3398776837728758,-0.641677901503268,0.9999998182751377
618,48.319148936170215,9.48404255319149,92036.78191489361,0.07582659574468086,0.5638297872340425,0.47073153,8,1,-0.2957261796542553,0.692908775106383,-0.4631395147872341,0.2588987176329787,-1.163214627925532,0.3806951716329787,-0.38539400314521277,0.38167040026595744,-0.10234213619361701,0.13787942275638299,-0.7602148917021276,-0.31261774223404254,-0.31695824037234044,0.6361632643085107,-0.7425567489361702,-0.007611556503191489,-0.010769365260638299,0.5302275927659574,-0.7129690048404256,-0.23951490399468084,-0.4802921567553191,-0.2841149875531915,0.6730817225,0.9975181548936171,0.09739544267712766,-0.4636939646276596,0.32764783356914895,-1.3000821067021275,0.9540657907978723,0.5360211189893618,-0.018534707234696808,0.10331412776638298,0.31320185675531914,-0.45769253388297876,0.16388083743351065,-0.6445458914893617,-0.41111219005319144,0.7397595714893617,-0.2881512123404255,-0.958273845212766,-0.31285005430851065,0.14449583610638297,0.13554424214893618,-0.1162805996861702,0.24639045194148937,0.24855212849468084,-0.23119625434574467,-0.6069518085638298,0.31378211116489363,-0.6143306075531915,0.9999999701265676
620,32.41102305475504,6.635086455331412,488384.5172910663,0.1710581772334294,0.5929394812680115,0.4645551,14,1,-0.3669229278090778,0.7907440529682996,-0.49496066355547547,0.32783383063987753,-1.1663020923414986,0.4648680211210375,-0.3465158373016571,0.4449994137463977,-0.16832701262167507,0.15649840738353749,-0.7977572809870316,-0.378519342375,-0.29284142725720463,0.7413295483184439,-0.7526885213400577,-0.13583002485451728,-0.03207691403586059,0.5765884175144093,-0.675152710176513,-0.23826211761527377,-0.5912857282725145,-0.3762586113710375,0.792656402917147,1.1721082696865994,0.09397080099040489,-0.451260624481268,0.3657110206238833,-1.3398351923054754,0.9556891167867435,0.5867893343670749,-0.01403712404748307,-0.0043526177543623925,0.3338559565831412,-0.4624920218245677,0.09891814885629684,-0.7583001025990634,-0.5246729294164265,0.8034981893659943,-0.33780741597355907,-1.1782199158299713,-0.40345136473883286,0.26139291304971185,0.17039987918396973,-0.2057951464230908,0.30043198853663544,0.2144898901832565,-0.3188723025893372,-0.670728519574928,0.3498778568868876,-0.6564845069956773,0.9999997461674304
622,93.63661202185793,17.69672131147541,79321.0,0.38175956284153,0.592896174863388,0.3853319,11,1,-0.30812163957377053,0.7089954253825136,-0.46038507551912566,0.3469751054371585,-1.2277936548907102,0.48359884510928963,-0.3764602034590164,0.40117678762295084,-0.1295319602885246,0.16111853881256832,-0.8079664342622951,-0.42953702803278687,-0.2609593011338798,0.7155477877868852,-0.7201944201912569,-0.13269379047295082,-0.08252835727267759,0.5350704724863388,-0.7187360668852459,-0.2564415819672131,-0.596880536557377,-0.37383726605737705,0.7198517149726775,1.1161179027322405,0.14257273817814206,-0.43322504887978147,0.3442820034551913,-1.3446835546448088,0.9501708211475409,0.5074272208469945,-0.014569824623278688,0.022681417648568306,0.31251952972404373,-0.47938851046448083,0.11093578827814207,-0.7296393896448087,-0.487810586557377,0.8449939800273224,-0.3044295653087432,-1.1493795531147541,-0.3894132046092896,0.24117032909836064,0.1815422440636612,-0.2011784022021858,0.30091580407103824,0.12488640919416667,-0.2833797629781421,-0.6565061730054645,0.32737242852185794,-0.6428007540163935,0.9999999106950731
623,42.83582089552239,8.5955223880597,250153.34029850745,0.15944880597014927,0.5,0.42518014,11,1,-0.3507527769850746,0.759028372761194,-0.4677731825656716,0.3429827531746269,-1.1803927051343284,0.45666375410343285,-0.34911684103283586,0.4273185952835821,-0.1359169322441194,0.16579374994769702,-0.7848960712089552,-0.41046976558805964,-0.28137839297537315,0.7424019144925373,-0.7299134931641791,-0.1331289834517015,-0.040542209575164176,0.5808879738358209,-0.7186599761791045,-0.25419007672686567,-0.5932136548089552,-0.40008642273731343,0.7543210877164179,1.129986941686567,0.12463648787389552,-0.4631718016119403,0.3594043443168657,-1.3391369263432835,0.9588117693582089,0.5440787922358209,0.011367181174402986,4.313931925373137e-05,0.32382186527462686,-0.4675632284791045,0.10323786410601492,-0.763773009,-0.506597995761194,0.8470773952686568,-0.3119899908843284,-1.156362321,-0.4153938039462687,0.25774231052462687,0.18835482156268657,-0.19778411271432833,0.3047180417283582,0.17353430375925374,-0.3131981326567164,-0.6839868598955224,0.32076015026119403,-0.640077585238806,0.9999998167830811
624,85.55555555555556,15.555555555555555,31477.444444444445,0.26325,0.6111111111111112,0.4436151,1,1,-0.37065824111111106,0.7473226038888889,-0.46435009722222226,0.2969425322222222,-1.1589365555555555,0.46091441777777775,-0.3461704911111111,0.4173579433333333,-0.1268478741111111,0.16159956333333333,-0.7933100222222222,-0.3816979366666666,-0.279909735,0.7438217894444444,-0.7238015133333333,-0.15050456566666667,-0.058543296888888895,0.5694280377777778,-0.6799385566666667,-0.25844391222222224,-0.6058339088888889,-0.3849241938888889,0.7660050327777778,1.1282302,0.12933571842222222,-0.4573105344444444,0.3632576327777778,-1.358392888888889,0.9339336422222222,0.5209186594444444,-0.019253846472222218,-0.01572021447777778,0.318561775,-0.45161178944444447,0.10555688388777779,-0.767613738888889,-0.5051280261111111,0.8337626861111112,-0.3103113488888889,-1.1375861055555554,-0.3700253577777778,0.27829654111111113,0.19339405022222222,-0.24643790166666665,0.2870070605555555,0.14256888483333333,-0.3399788183333333,-0.6353173488888889,0.31888182277777777,-0.6643364888888889,0.999998029464297
625,52.24028268551237,10.469964664310954,46103.79151943463,0.25161872791519435,0.6890459363957597,0.4098289,13,1,-0.36219354848056534,0.7792251685865724,-0.4560136537102473,0.3193066152650177,-1.1829457445936395,0.43507660823321553,-0.38521869487279153,0.4133929740353357,-0.15299980652438164,0.14756225921353358,-0.8092158761837456,-0.36463227069611304,-0.2661763902360424,0.7309711809540637,-0.723655164310954,-0.10161328843992933,-0.04446567331519435,0.5518498507067138,-0.6690037724381626,-0.24506070984805656,-0.5851810821908128,-0.40155255413427565,0.7868987835689045,1.1367046673144878,0.08669620185300353,-0.457666083180212,0.3833098619646643,-1.3057528592932863,0.9313587531095405,0.5484991781978799,0.0016578154314134275,0.00461428230007067,0.33412330525194345,-0.45347694780918724,0.10630339196007067,-0.7349936458657245,-0.5271500249823322,0.804728103286219,-0.3326083053356891,-1.1603297274911661,-0.38964011462897524,0.2673123722756184,0.17920898280212014,-0.20058950296113073,0.28476547611307423,0.2063129745088339,-0.26478422537102475,-0.6437881151943463,0.3533738903886926,-0.677458991696113,0.9999999281476813
629,72.52923803898405,14.261075014766686,219600.47962197283,0.2663094506792676,0.5180153573538098,0.40314928,12,1,-0.324605571243355,0.7293169228706439,-0.498701978730065,0.32117529568493797,-1.1870025534022446,0.4734952670856468,-0.3682911115983461,0.41329121997046664,-0.16827157654827526,0.14709722066668637,-0.8237614169639693,-0.40049290593207326,-0.2904657100525694,0.7230329063142351,-0.7402003234967512,-0.10676162860383934,-0.0736995658427407,0.5591276334258712,-0.7257036952025989,-0.25800490456261077,-0.5861677178322504,-0.35584292214235086,0.7475760540756055,1.138477287855877,0.11546929755103366,-0.4442057389308919,0.36024700702421736,-1.3581823568812759,0.9867090690549322,0.5306036575959835,-0.01202889695940638,0.026269308734271708,0.3457793642187242,-0.4754086423384524,0.12067085870584407,-0.7418302711399882,-0.49712294711754285,0.8267274726898995,-0.35044781615251624,-1.1506674283579446,-0.39522746012049614,0.2302061533030124,0.17527823675972828,-0.200738301218606,0.28186732508800943,0.17689132457519197,-0.28236551995333725,-0.6586449264796219,0.3312028898523331,-0.6499127780655641,0.9999999015921913
630,21.524444444444445,4.178148148148148,170932.64333333334,0.03843514814814815,0.5951851851851852,0.4268674,0,1,-0.38881451911851855,0.8007987555962962,-0.449089987792037,0.34062239097796293,-1.1442532648703703,0.4186666067847185,-0.3070816342583815,0.46428156650851854,-0.14161926744477776,0.16553919512999998,-0.7384729750074074,-0.4094483208202963,-0.29548691972325924,0.7501733585474074,-0.7240299621037037,-0.1866052592159963,-0.01307893387845185,0.589777694574074,-0.6487705518608519,-0.22240167764686666,-0.6126544504466667,-0.444477981927837,0.7934255174851852,1.1781250094925926,0.0942289149664148,-0.4786701631703703,0.3253607393168889,-1.2853865622148148,0.9125168759333334,0.5965160447777778,0.015521130197778519,-0.06170925370200741,0.3029884844825333,-0.4465555795596296,0.04143629139632963,-0.7871382888444445,-0.5550860681016667,0.8438615336555555,-0.2926932519191111,-1.1688354188259258,-0.42742716257481483,0.2978378382717778,0.17264798136362963,-0.20057874746662963,0.3287152054151852,0.20226027105228148,-0.35712247628592597,-0.708417530337037,0.382363998402963,-0.608336047107037,0.9999997879490989
633,17.427055702917773,3.7612732095490715,57344.472148541114,0.06888328912466844,0.6551724137931034,0.4343438,0,1,-0.49494249933687,0.91146208,-0.48570532625994695,0.3462328003209549,-1.109667486259947,0.4625067824084881,-0.28132381280848806,0.5085281932360743,-0.16664753293793103,0.17976473286525202,-0.748160882148541,-0.33117099333156497,-0.31428363283819627,0.7901148266047745,-0.7642239574005305,-0.19083354692005305,0.024249120537877984,0.6183130788328912,-0.6058705215915119,-0.20441643852519895,-0.6131642542705571,-0.434234353801061,0.8970989352254642,1.2420495509549072,0.08603129346604775,-0.4677433426259947,0.4216884222944297,-1.3185201323607427,0.9054600064190982,0.6602834688859417,-0.010043049116286472,-0.07109461574190981,0.3338352217214854,-0.4394069055013263,0.0358202637071618,-0.8039653664456233,-0.5881787740848806,0.7940387506100796,-0.3265450019310345,-1.212207233474801,-0.444777828806366,0.3321313631883289,0.1776253629469496,-0.2121891754403183,0.35390773392466846,0.2812881024490716,-0.4152765021591512,-0.7126603479575596,0.35506282180106097,-0.6864183541644563,0.9999998900684207
637,47.93478260869565,9.433503836317136,50883.8631713555,0.13913695652173913,0.5460358056265985,0.44453692,8,1,-0.35311192861253193,0.7629234485933503,-0.4630260735102302,0.3311057621240409,-1.171081473516624,0.4549333128056266,-0.33975333109156014,0.4274862664066496,-0.13509015801086957,0.1640200067563939,-0.7836346319693095,-0.3973102689910486,-0.2812913518414322,0.7334375557723786,-0.7425128582736572,-0.15137465045127876,-0.04645772353856778,0.5730903994629156,-0.7026084968772378,-0.2536598970941176,-0.5861848803196931,-0.39838775732608694,0.7518624427877239,1.1414036165473145,0.12354624552652431,-0.45254278147058824,0.35603138217826086,-1.3496923002097185,0.9510984836061381,0.5522557389769821,0.007641681335038363,0.01432639819685422,0.3089469168895141,-0.4632481532352941,0.0997884747589514,-0.7539188751023017,-0.5023435534526854,0.8454291004859334,-0.3075254419368286,-1.1506335551150895,-0.40542439381074175,0.26091791178388746,0.2049873780566496,-0.1953870685533248,0.31034718485038365,0.17356834283196929,-0.31874262680140664,-0.6753431497186702,0.3205464181905371,-0.6461309381329924,0.9999999830592569
638,103.55015197568389,19.03647416413374,32418.158054711246,0.19589756838905775,0.4194528875379939,0.36934757,1,1,-0.30877093574468084,0.6975475117325228,-0.4369993956231003,0.3543826077325228,-1.1928539962917932,0.4534169897568389,-0.3642994858723404,0.38339812443768995,-0.11562465654957446,0.15871693286930091,-0.7864248901519757,-0.44464994659574464,-0.261102551337386,0.7120661524316109,-0.7109567462613982,-0.14312253101261396,-0.09897066882462006,0.5454473040729483,-0.7095958803647416,-0.26955769995744683,-0.5922704909118541,-0.40263906522796356,0.6792928628267477,1.0896732195136778,0.16096331898047112,-0.45166391182370824,0.3107475926550152,-1.3347852041641337,0.9252215594224924,0.5108584094224924,0.0038420723475683888,0.014021716004711245,0.31125256444072946,-0.45656153179331305,0.09852721467446808,-0.7432202892097265,-0.5080545617325228,0.8707957689057751,-0.26879742835817627,-1.1178478763525834,-0.41768553139817627,0.2542740897537994,0.20114013050343463,-0.18896821409848025,0.28675564854650454,0.09021255006079026,-0.2817307390273556,-0.6858448711854103,0.3040687232522796,-0.6315196213677812,0.9999969498249168
639,26.272727272727273,5.3522727272727275,18686.102272727272,0.060296590909090904,0.5113636363636364,0.46332628,11,1,-0.3622368154602273,0.7944119081818181,-0.4989926782954546,0.3460305808238636,-1.1591292170454546,0.4742478385738636,-0.32504626786761365,0.4510571938068182,-0.13277566682386363,0.18402411979545452,-0.7755948011931818,-0.3965765273068182,-0.2992908353409091,0.7377992342613637,-0.7473069090340908,-0.16238824128068183,-0.029729131076136363,0.5897193382386363,-0.6877833735227272,-0.2358148339318182,-0.6075823947159091,-0.37903610610227273,0.7887199670227273,1.1673332098863636,0.11915410264147729,-0.4467354930113636,0.36295872558125003,-1.3415545400568183,0.9461680767045454,0.5944274928409091,-0.016981257993579545,-0.01150067272244318,0.32048727632386365,-0.46335202582386364,0.07810552527556819,-0.765210753125,-0.5175974630681819,0.8134218274431819,-0.3131380745568182,-1.1765421914772727,-0.4240890353409091,0.2628135107897727,0.16555314734374998,-0.19898949136534091,0.32357992657386364,0.188518393,-0.3546561856477273,-0.6886874983522727,0.3313351709090909,-0.6511365262500001,0.999999770103163
644,36.07567049808429,7.462643678160919,51640.087164750956,0.14049770114942528,0.5411877394636015,0.44772267,11,1,-0.35613636385536396,0.7762435789463601,-0.4918630242509579,0.32643693840229887,-1.1826320919827586,0.4654369343582376,-0.3529836833908046,0.43810179227681995,-0.14995055366483717,0.16421453818036397,-0.7952029175383142,-0.3893443585914751,-0.2888904552116858,0.7393762376628353,-0.7444027104118773,-0.13119787615831416,-0.02858211005341954,0.58192974802682,-0.7164200112068966,-0.25295970448860156,-0.5907118196130268,-0.386115561197318,0.7712267689559387,1.1468995890996168,0.10967613814358237,-0.4549692523297893,0.3775624769837165,-1.3479639938314176,0.9651901800574713,0.5534304500287356,-0.0018335898799875482,0.008379479765737547,0.3275234950005747,-0.47366003029118775,0.11558297681565326,-0.7574093569636015,-0.4958369775574713,0.8326025513122606,-0.3337410275771073,-1.1679739159195404,-0.3971084377264368,0.2527940448660919,0.1874282322454981,-0.20564735852883143,0.3011681874789272,0.19983323490613028,-0.3168293387538314,-0.6679051124904214,0.3200548145881226,-0.648445106585249,0.9999999972612381
646,49.57251908396947,9.633587786259541,2024004.7290076336,0.16280763358778627,0.5648854961832062,0.43231255,6,1,-0.3560806394274809,0.7666505732442749,-0.4670799095267176,0.33464146965648855,-1.1692883254580153,0.46492898129770993,-0.36096025395038167,0.42170188595419844,-0.16726839753511452,0.13753388970763358,-0.7988065870992367,-0.39130501362595416,-0.27463750148854965,0.7363789914122137,-0.7231555854198474,-0.14622489984541984,-0.06391410450290076,0.5432157219465649,-0.6686512498702291,-0.24742337360687025,-0.5958575488549619,-0.39759513973282445,0.7659203749236642,1.1613615857633588,0.11248603859351144,-0.4497870132442748,0.36060002622137405,-1.3308723377862597,0.933302988129771,0.5561146791984733,0.0004903765795038168,-0.006505515384274811,0.33023385850381676,-0.45165053858015264,0.09037013470782443,-0.7356270797709924,-0.5324076663740458,0.8327904933587786,-0.33163607741984735,-1.1652940449236642,-0.4001531717938931,0.2692924994885496,0.17899231799732823,-0.21366243779083968,0.3045747250458015,0.17941376122519084,-0.29996817290076333,-0.6757591890076335,0.359789201870229,-0.652348815629771,0.9999997145327423
649,21.806706114398423,4.3096646942800785,86965.01380670612,0.14399467455621304,0.6548323471400395,0.4614641,14,1,-0.41359139664694283,0.8309544234319527,-0.49017617620710063,0.3298853668475345,-1.1121721516370808,0.42227055228007887,-0.2983484490374753,0.48313708615384615,-0.1956910219193294,0.16858037585317556,-0.7734841599802761,-0.3593909506499014,-0.2704507715345168,0.7186273422682445,-0.7592756472879685,-0.19445197126970412,-0.04152828674641025,0.6001067199013808,-0.5825391288954634,-0.2259948065177515,-0.6138868475147928,-0.3965808790729783,0.8573132995463512,1.2315348093688363,0.08071867774854635,-0.4634170251873767,0.30876765349802765,-1.2926821992110453,0.8847255253451676,0.678332307790927,-0.004111058718816568,-0.06066769370610848,0.3237465815009862,-0.44246441153846156,0.029806224007889546,-0.7781549551676529,-0.605575260433925,0.7898553687179487,-0.31716825105542407,-1.1923615217948718,-0.4244958953491124,0.2981110224773176,0.18177063034911242,-0.19351909642800788,0.2671312236153846,0.21765322541814597,-0.35890255541420124,-0.6759834123234714,0.38536680291913217,-0.6718985292307692,0.9999998630403133
65,70.8974358974359,13.794871794871796,109526.15384615384,0.11045897435897437,0.358974358974359,0.40483847,12,1,-0.3218883012820513,0.7279072348717949,-0.46716124076923077,0.3254628394871795,-1.1854145923076924,0.48071331948717944,-0.3857866887179487,0.4181240443589744,-0.17207071612820513,0.13878071435897438,-0.8329913338461538,-0.38948636153846156,-0.24974349564102566,0.7205026797435897,-0.7210533946153846,-0.10289645723076923,-0.09587416733333333,0.534217491025641,-0.7399992035897436,-0.2729203007692308,-0.5661351099999999,-0.3695329315384615,0.7241835102564103,1.130376941025641,0.12346366176923076,-0.43723968512820516,0.3520781774358974,-1.3693798794871794,1.002137103076923,0.5176497956410256,0.01335090117948718,0.05521225659487179,0.3202267251282051,-0.47827061051282055,0.1448120583769231,-0.7302563553846154,-0.47257941794871794,0.847684333076923,-0.32356750358974357,-1.1683772000000001,-0.3870903102564102,0.22962304615384616,0.1927396203846154,-0.18793852443589742,0.2768166376923077,0.1886914665128205,-0.23905895641025643,-0.6608720366666666,0.3284767551282051,-0.6434652984615384,0.9999999926864725
650,96.62360655737704,18.303606557377048,446448.7560655738,0.3448392786885246,0.6504918032786885,0.392506,11,1,-0.32336020942491805,0.7124491485691804,-0.46191978755278684,0.3214221680104918,-1.178438599622951,0.46658325730472133,-0.36148930070219015,0.40162205111475413,-0.1408151001767869,0.15400359890111476,-0.8023652847934427,-0.39952525075213113,-0.26976489535278686,0.7200429854878688,-0.7274115377508197,-0.13533219466626883,-0.08797739576424263,0.5377543825180328,-0.7022669564963934,-0.2541884516255738,-0.5821620157836066,-0.3621139928727869,0.7254124913508196,1.121923298347541,0.12860575699901639,-0.43665062775737706,0.3392872759673639,-1.346711600432787,0.9530492774688525,0.5340491427606557,-0.011022579494024262,0.013809777671108196,0.3093163837621639,-0.4614377062190164,0.11709436136683934,-0.7282247427213115,-0.4908074138163934,0.819856119547541,-0.313457679072,-1.147632621727869,-0.3913757968826229,0.2458876854737049,0.18293797631180328,-0.1942783881797377,0.28695776753790164,0.1427898590715541,-0.27329556683606554,-0.6446912044,0.3277356428596721,-0.642450573947541,0.9999998430402993
651,33.491603053435114,6.859541984732824,165440.1679389313,0.11615145038167939,0.6229007633587786,0.39607996,0,1,-0.39425593726717556,0.8135538575725192,-0.5042775685694657,0.3080758066167939,-1.141192308503817,0.44589003241984737,-0.3385396807561832,0.44981185064122137,-0.17968738984213742,0.15767282201206564,-0.7976000002290077,-0.3488649500949618,-0.2992848797099237,0.7528198535267175,-0.75249558870229,-0.14427352506328853,-0.021038883530931297,0.5752084235267175,-0.6581836646412214,-0.23601524003816793,-0.5946268881679388,-0.3860066813984733,0.8225566597709925,1.1913754527328244,0.07493477581380152,-0.44785252761832056,0.38572205720244274,-1.3247714630534353,0.9510393620610688,0.6025783143664122,-0.010760124483305343,-0.024056513126839693,0.3311364613735878,-0.45762358644122136,0.09709218395832062,-0.7552488939694657,-0.5397285778167938,0.7877100090687023,-0.35471411619541987,-1.1847919228091603,-0.3940378695480916,0.26327297491297713,0.1647163704312977,-0.2036193171654962,0.2993504564851909,0.23428890227251908,-0.3227003733832061,-0.6596825112061069,0.35526411153740456,-0.6695976102045801,0.9999998358510316
657,35.298219584569736,5.9792284866468846,28591.10830860534,0.058303857566765586,0.4836795252225519,0.44388342,14,1,-0.36311569040059344,0.7686548282640949,-0.4508540272759644,0.3371964210860831,-1.1523489418397628,0.4335228282388724,-0.3168322527384273,0.4272483576504451,-0.11648823721379821,0.19002864937885755,-0.7551172890581602,-0.40415483245252226,-0.29300816785534123,0.7513414919688428,-0.739904888916914,-0.1886831212922997,-0.029414846972499513,0.590268629347181,-0.6745882093620178,-0.2550104530133531,-0.5945866585816024,-0.4200677847181009,0.744004734995549,1.1402040399955489,0.12124195522151336,-0.46436264396735905,0.3264274626189911,-1.329744787893175,0.9006429322017805,0.5706545260356083,0.003558813405756676,-0.031206647275430266,0.3065138898737389,-0.4563243151409495,0.06977543815127596,-0.7900957537922848,-0.5196655134094955,0.837265631083086,-0.27550495721546,-1.1558597642373887,-0.4135604925296736,0.28403731075074184,0.2072976605856083,-0.20504484986528193,0.31636373128635015,0.14677771391555636,-0.35952167074925817,-0.6922886376913947,0.3260880140867953,-0.6180805697403561,0.999999883850884
658,54.37027027027027,10.54864864864865,28601.94864864865,0.2206643243243243,0.5108108108108108,0.40730837,1,1,-0.3326275798108108,0.7357906995945946,-0.45002180493783783,0.3402345615175676,-1.1933723913783785,0.4543672496054054,-0.36278888040270274,0.3976311911891892,-0.13711147559405407,0.15420326168027026,-0.8031266601621622,-0.41807836024594597,-0.2776144455945946,0.7303552981891892,-0.7390890317567568,-0.12860546952718918,-0.07350802103994054,0.5520950301621622,-0.6999440546324324,-0.2556236343108108,-0.5833792747405405,-0.3936742833378378,0.7320201096486486,1.1223995715405406,0.1286318030972973,-0.4458299131081081,0.35044811302567563,-1.3424097943243245,0.9445965668648648,0.5329620332432432,-0.002054641185227027,0.01065068155481081,0.3227290476608108,-0.45982093100000004,0.10751923253605405,-0.7435266642162162,-0.5179649373135135,0.842929876945946,-0.3070158768378378,-1.1401529334594596,-0.40625493366216214,0.25722790479054053,0.19421116782702705,-0.19897799295675678,0.3018499059297297,0.1438766181171892,-0.2841637284432432,-0.6723024238108108,0.3217840320810811,-0.6509716194324324,0.999999325866944
659,26.81512605042017,5.61344537815126,45209.67226890756,0.1768873949579832,0.8403361344537815,0.4855286,0,1,-0.3802689219327731,0.8137328375630252,-0.48759035100840337,0.3410333931932773,-1.1979908573109244,0.4797302307563025,-0.37413705465546215,0.4425161124369748,-0.14286514998319327,0.1845157329215126,-0.8126612359663865,-0.35703674596638657,-0.2710884307563025,0.7772917157142857,-0.7566882166386555,-0.15224078210924372,0.01590060278907563,0.5773886846218487,-0.7161587111092438,-0.26893098474789917,-0.5875086293277311,-0.38081017773109244,0.7895938794957983,1.151676382352941,0.0945999197672269,-0.4363054212605042,0.4230626468067227,-1.3439687336134454,0.9299775827731092,0.5942073482352942,0.009912254119159664,-0.021762945577310924,0.3270009249159664,-0.4867915457647059,0.13915780948739498,-0.7478324012605042,-0.4780945598319328,0.8132620307563025,-0.3382016639831933,-1.1997215142857143,-0.39143427126050423,0.2568164103109244,0.18480642024369748,-0.21841948783193277,0.33777428000000004,0.2116545703210084,-0.3355524108403361,-0.6529703154621849,0.30359683969747897,-0.6620070423529412,0.9999999839817352
660,75.11984021304927,13.1491344873502,266758.75099866843,0.20182583222370173,0.6524633821571239,0.41753066,13,1,-0.3074735291658722,0.6838261048122503,-0.3918111771055925,0.4014394701842876,-1.1504720827163781,0.494334914069241,-0.3015141468229028,0.38114805936085216,-0.06468282667519307,0.20171105915893478,-0.7520705649400798,-0.5073349202609854,-0.256288059088016,0.7132016501065247,-0.7087797002663115,-0.24611538852543274,-0.15999111630866844,0.5445581410386152,-0.6458840441145139,-0.24343021449800267,-0.6305247377896138,-0.4211848510258322,0.663158423608522,1.1206843386817575,0.2104479761768309,-0.4280106139813582,0.23615042802509986,-1.360495358668442,0.8760007255126497,0.5705304005326232,-0.012584308846814914,-0.01844430240505992,0.2653386669467377,-0.4433738270585885,0.024115698729693737,-0.7720867682689747,-0.5482017484553928,0.8781261187001331,-0.16409670055992012,-1.1503347039014646,-0.47747809408788283,0.3026612783834887,0.20855864390679094,-0.19348701715579228,0.31449329247003993,-0.005503137530705724,-0.3302046724460719,-0.7225713904660452,0.3389166540079893,-0.6199467235019973,0.9999998777894414
661,44.2,8.96,27758.86,0.031252,0.42,0.45495746,11,1,-0.3473008548,0.7732375003999999,-0.47861899680000003,0.3208843674,-1.1961162692,0.4529479354,-0.372563096576,0.418316717,-0.15216057724,0.15211134954,-0.8082498856,-0.3908244354,-0.2795097164,0.7254183206,-0.7412779006,-0.11389784798000001,-0.047700481706,0.5599559768,-0.7149636768000001,-0.2544823562,-0.5852759494,-0.399805602,0.7573659714000001,1.141337624,0.1063356221448,-0.44808674420000005,0.3909497543,-1.3376501920000001,0.9689455633999999,0.5278748766,-0.005990387118,0.028004599366,0.32688217459999996,-0.46696885879999994,0.11775907528799999,-0.7344966256,-0.49785331720000003,0.8402765990000001,-0.34179626679999997,-1.1621357714,-0.394346251,0.2567613638,0.19870486757999997,-0.20081705981999998,0.29701354139999997,0.191152895,-0.2761079938,-0.6562989678,0.3139577294,-0.6670969128,0.9999996374009115
664,26.591954022988507,5.67816091954023,150581.43103448275,0.1997212643678161,0.6494252873563219,0.4580998,13,1,-0.41371318396551726,0.8393427332643679,-0.4927096787074713,0.32551913672413796,-1.1784582171264366,0.44996530728735634,-0.3472381454367816,0.4511629484597701,-0.17310907143678161,0.17678348749655173,-0.800238798275862,-0.3429474517816092,-0.27273971793103446,0.7654711062068966,-0.7538234627586207,-0.12970676413372415,0.02210469482413793,0.5967596420114942,-0.6696615613218391,-0.2592406785017241,-0.5739337755172415,-0.3883322122413793,0.8395464935057472,1.161814431091954,0.07552849431666667,-0.4542669806896552,0.3921623346551725,-1.3423634801149427,0.9069334201149426,0.5757461438505748,-0.00651146089632184,-0.00461174429816092,0.34528608798850574,-0.4677478605172413,0.1163873538862069,-0.7734426505747126,-0.5245266187931035,0.801183137413793,-0.33061199344252873,-1.1529650185632183,-0.35163816252873564,0.26969106530287357,0.18891842664367814,-0.23726750827586207,0.2989824481091954,0.239512988545977,-0.352084541954023,-0.6576374652643678,0.32700450284482757,-0.6746870675862069,0.9999998206351635
668,25.35036496350365,5.313868613138686,39271.44525547445,0.06968978102189781,0.48905109489051096,0.45434886,11,1,-0.39178248277372263,0.8161558830656934,-0.48511129857664237,0.3127819070532847,-1.1216588766058395,0.4420444924890511,-0.3196311506058394,0.46378194795620437,-0.13380694889927006,0.192991457270073,-0.7773045008759124,-0.3508180042627737,-0.31032257640875915,0.7236133787481752,-0.7578279171532847,-0.17427509219270074,-0.028521667943065692,0.6237133951824817,-0.6773470457810219,-0.257460546080292,-0.5883515307299271,-0.3926672835328467,0.7830223832116788,1.1905744984671531,0.10190032985182482,-0.4829806367153284,0.3651236239489051,-1.3420334897810218,0.9387611275912408,0.6045350167883211,-0.0023226745359854017,-0.016843603854014597,0.33565396438686135,-0.4567055762481752,0.07753492476642335,-0.8034745216788322,-0.5087661658613138,0.8275968657999999,-0.3252853840854015,-1.17696556540146,-0.42001949296350366,0.29159221548905107,0.21233162310218978,-0.210246068270073,0.3196256672554745,0.21308989991970803,-0.3662669709489051,-0.6731021539416059,0.31937174762773723,-0.6361730324087591,0.999999991212821
67,34.060927553804184,6.28523795089421,4197.525310700212,0.086667808426796,0.5422855410730525,0.4532242,11,1,-0.35089688990958773,0.7474586929393755,-0.43517617225613825,0.3590007260245529,-1.17273653868445,0.4603791657872083,-0.32734602633229765,0.42572977236617154,-0.11991543296846922,0.17392011081075476,-0.7765246694634738,-0.4371942316635344,-0.27910680411409516,0.7430769694089118,-0.7480244520824492,-0.18338268980205152,-0.07181287459672235,0.5672776823916338,-0.6808209198399515,-0.24248635680121247,-0.608156244347378,-0.4174744910366778,0.7541363964110337,1.1432105802515915,0.14013429343337072,-0.44157498273719303,0.327135916843589,-1.342458361148833,0.9192282783825402,0.5696595263413156,0.007759189546652016,-0.023837645738511066,0.29397037418354044,-0.4549219989969687,0.07975311295123037,-0.7695897256471659,-0.5363913360691119,0.8634602260339497,-0.2673153574064868,-1.1524914148954228,-0.4438588600472871,0.2798961945627463,0.20043975224798424,-0.19339044561624735,0.33048104155471353,0.13795869307662928,-0.3324804915337981,-0.6966019274825705,0.33566501163573814,-0.648448921444377,0.9999716503502634
670,61.684981684981686,12.164835164835164,1803439.8168498168,0.250996336996337,0.6263736263736264,0.4328454,14,1,-0.3294446278278388,0.7466593633333333,-0.4784342731172161,0.32832468119780217,-1.2036955016483515,0.4517490838315018,-0.3905317716871795,0.41979509443223445,-0.15560770519014652,0.14001132924483517,-0.8129545541868132,-0.38024351285714286,-0.26719100205128204,0.7129300741758241,-0.7386652062271062,-0.09683374433882784,-0.04181156215912088,0.550999016007326,-0.7143322534432234,-0.25917712797252745,-0.5705021367252747,-0.35881501663736265,0.7376753299633699,1.113709141098901,0.102024336314652,-0.44332694527472527,0.3609306952197802,-1.3265187505860807,0.9497502545421245,0.5473484754578755,-0.005728131656666667,0.031451425013553115,0.3281527118351648,-0.46935663297802194,0.13188085434065935,-0.7243942480952381,-0.4835896005128205,0.8166913317582418,-0.32719244795421243,-1.13142243003663,-0.3850206285347985,0.23176667711611723,0.17847674276556777,-0.1829808137069597,0.2844438824835165,0.19727749443956044,-0.26499794274725275,-0.6485590353846153,0.31843537127472527,-0.6523882068131868,0.9999997219660541
672,51.57142857142857,9.571428571428571,50382.57142857143,0.25075714285714285,0.7142857142857143,0.37855956,14,1,-0.3198378885714286,0.6874851785714285,-0.45156991,0.4228137885714286,-1.2873628714285714,0.5211223342857143,-0.3577762028571429,0.4002194957142858,-0.10401459842857143,0.23040215,-0.8071817014285714,-0.46214938428571434,-0.24043805714285713,0.7144534071428571,-0.7399554457142857,-0.16759308871428572,-0.10437467128571429,0.5344158957142857,-0.7067316985714286,-0.2555125357142857,-0.6197866228571429,-0.35524987,0.72135305,1.1174636,0.18566939785714287,-0.40904171714285714,0.31331168242857144,-1.336383457142857,0.8841299171428572,0.5153992785714285,-0.049105739142857145,-0.0072568967428571435,0.30725323,-0.50928921,0.07261393757142856,-0.7574983599999999,-0.49620796285714286,0.8479629557142857,-0.24545862085714285,-1.136167242857143,-0.42206837714285717,0.2410173557142857,0.18207784000000002,-0.1860575242857143,0.3357378528571428,0.061594592,-0.34046199857142856,-0.6745310757142857,0.32250732285714284,-0.6478196942857143,0.9999999651658542
673,64.60716223548562,11.774281063483452,634407.5697232772,0.17658605534454694,0.6033640803038525,0.38344824,11,1,-0.34902247956483995,0.6637296010298427,-0.387426294447146,0.39865457989707,-1.1398813140748778,0.4729964063223006,-0.2867200462797721,0.39204451168746607,-0.10458814959183396,0.14579339404204558,-0.7303639991470429,-0.46697538798426474,-0.23118837915361912,0.7138483038469886,-0.6906498227742811,-0.21374050220458438,-0.15894376600079763,0.5327682830005426,-0.6732172811318502,-0.24167426903581118,-0.6007808582799783,-0.3678005990994574,0.6844564383559414,1.122273134660879,0.23017712115469344,-0.46811910477699403,0.2779035532959305,-1.3430511896039068,0.9042247297938144,0.5679793970320131,0.014983466006607164,-0.021073102579319044,0.3021298387279653,-0.43063533307325014,0.011419652833743896,-0.7122891966749864,-0.5365323461367335,0.8304439054422138,-0.2707599135214216,-1.1432523990179055,-0.47367008735756916,0.2961731317634292,0.20491635136314162,-0.165238061281503,0.2659549302980467,-0.0012376359828703192,-0.31017407061367336,-0.6940271394845361,0.2916138995992946,-0.6381330050298426,0.9999997708865229
677,35.990746096009254,7.267206477732794,796318.3507807981,0.09487353961827646,0.5621746674378253,0.4166285,11,1,-0.38786557278397915,0.7416860341107576,-0.4562949996790515,0.36583006872064777,-1.1198022527325044,0.45730818784887217,-0.3015070810320127,0.44249147416425677,-0.1607443736023829,0.1323273753833557,-0.766325867145749,-0.3910237442545402,-0.27114265833157897,0.7257316912434933,-0.7420539575477154,-0.17155906655754136,-0.10498767778213418,0.5733890902602661,-0.683514934622325,-0.24451915929901677,-0.58288278913476,-0.3364732421109601,0.7521501542567958,1.1814310260670908,0.15008177065785192,-0.4757226322411799,0.32406457868241756,-1.348840761366686,0.9492286697802198,0.6266248149219202,0.007523147712727009,-0.009123237218241759,0.34274359392168885,-0.45123465666338924,0.04155863616494216,-0.7309366041584732,-0.5186275569375361,0.7882819373683054,-0.3454490090559775,-1.1709888799768653,-0.4528661450318103,0.28090036508840516,0.1922472300181955,-0.16757478029107864,0.25834101492923656,0.14293666863742047,-0.3219312793282244,-0.6872943835130711,0.3093042756778398,-0.6449544305147484,0.9999997304052272
678,48.06404657933042,9.548762736535663,33747.70305676856,0.1488484716157205,0.5822416302765647,0.4400058,1,1,-0.3675438729548763,0.7947806191411936,-0.4786234241411936,0.3236263704320233,-1.1455466336768558,0.45552939319941776,-0.3357312356414847,0.4476277387190684,-0.1506516899845706,0.17604168081368268,-0.8007537574235807,-0.37268130260698684,-0.28851522737729257,0.7324153409112082,-0.7602540894032024,-0.17109609999796216,-0.04783422905440742,0.5900476376273653,-0.6755560385240175,-0.25711024254024745,-0.5898488769839884,-0.3836450745532169,0.7840552295778748,1.183164859585153,0.10605634575269288,-0.4514436497816594,0.3543582433813683,-1.3517846622561862,0.9374540888646288,0.6039405045414847,0.002193937201033479,-0.014220797073988354,0.32295320803491995,-0.46312756579330416,0.09167598958136827,-0.7724750206113538,-0.522953540062591,0.8312099819280931,-0.3173685689876274,-1.1744902816593887,-0.4096293923420669,0.2720082358733624,0.19683804177438136,-0.2093856690393013,0.31386519444250366,0.19497523989082968,-0.3422936858515284,-0.6700282087336245,0.3345524019606987,-0.6529396879039302,0.9999997706931314
68,34.23201438848921,6.784172661870503,206850.23741007195,0.09214280575539568,0.5161870503597122,0.46216112,11,1,-0.3691017999100719,0.7749001096672662,-0.4664987145411871,0.35246752027517986,-1.1931999439280576,0.4593236784442446,-0.33214134818993885,0.44190310727338133,-0.1284257463189928,0.16735510584154678,-0.7704506857194244,-0.4133338804208633,-0.2813301287172662,0.7496728731115108,-0.7492888495683453,-0.16973553719622303,-0.02219110710053957,0.5749556714118704,-0.686914057557554,-0.23775654700503598,-0.6075837287356115,-0.40327679706834535,0.7879149081834533,1.1549537653956836,0.1094106867619964,-0.4462899945944245,0.3520195068278777,-1.3364126839208634,0.935560897967626,0.5753588762877698,0.0026767535060971226,-0.006270483752194245,0.29548475939352514,-0.47117376152158275,0.09757620124791368,-0.7628679624820144,-0.5123865706654677,0.8284609664748201,-0.30068832208219426,-1.1665248862589928,-0.40211989443345325,0.26663158976618706,0.18668053628597123,-0.19905237382284172,0.32062491952517985,0.18400338043579137,-0.34017079018345325,-0.6821828926618705,0.3407986924848921,-0.6444362019352518,0.9999998133031581
681,43.05555555555556,8.11111111111111,30585.38888888889,0.19756666666666667,0.6666666666666666,0.39491713,14,1,-0.37889939,0.783546956111111,-0.45656862722222225,0.38962668333333333,-1.19313645,0.4906348288888889,-0.332295605,0.44641503166666663,-0.13654574044444445,0.1733574416111111,-0.7742270227777778,-0.4254650961111111,-0.27274740222222227,0.7591408333333334,-0.7468673377777777,-0.16539053150000002,-0.037982702138888894,0.5863506944444444,-0.6718668444444444,-0.23892209388888888,-0.5897781455555555,-0.3917572411111111,0.7565160744444444,1.1616433222222222,0.117867323,-0.45570378777777776,0.32107351833333336,-1.3467197,0.9222710655555555,0.5964687105555556,-0.018825363686666666,-0.014973362333333332,0.3102330044444444,-0.4670310422222222,0.09493740455555556,-0.7940061277777778,-0.5210933716666667,0.8209956494444444,-0.27076340377777774,-1.1906105055555556,-0.4107834833333333,0.2937003183333333,0.18864076477777778,-0.21851160666666666,0.31732260777777777,0.17236387332777778,-0.32997033833333334,-0.7099110505555556,0.3437309188888889,-0.6063923611111111,0.9999997828239365
686,81.10355029585799,15.772189349112425,17831.609467455623,0.2535144970414201,0.5325443786982249,0.3940083,1,1,-0.3068652263284024,0.7042609560355029,-0.439468845443787,0.36844177722781063,-1.2082172212426037,0.46869635855621306,-0.35409480474852073,0.387473846760355,-0.11942061781656806,0.17691001924408284,-0.798065454704142,-0.4542577321597633,-0.2673327993846154,0.7125952925443787,-0.7304499104142012,-0.15809992012973373,-0.10278133119970415,0.5511393081952662,-0.7047299953846153,-0.26241031078402366,-0.599286812632426,-0.39632365301775146,0.7110604433136095,1.1195004501183432,0.15757550268284023,-0.44247806233727804,0.3144753268047337,-1.3482545517751479,0.9241699766863906,0.5284975277514793,0.004384282793118343,0.015144687399275148,0.3188625592573964,-0.4723871763017751,0.08279628453609467,-0.746215583372781,-0.51923935904142,0.8654249686094674,-0.2760841355147929,-1.134326189408284,-0.4254996350118343,0.2522454866775148,0.19989370999112427,-0.19079597182662722,0.302959803647929,0.09439433748254437,-0.3016389870118343,-0.6879413700295858,0.32814274109467456,-0.6422094468934911,0.9999925550940427
688,23.0,4.5,71362.0,0.0,0.25,0.3285957,1,1,-0.5301706925,0.76564416,-0.5096679875,0.259883714825,-1.253073825,0.5252365649999999,-0.26242938,0.5915932724999999,-0.15079287225,0.2052353425,-0.7676951224999999,-0.322331725,-0.3737961775,0.7922752675,-0.876916505,-0.2025214775,0.07167846875,0.6841770125,-0.745745125,-0.211984265,-0.611591925,-0.4254785925,0.840404975,1.18746475,0.103828456,-0.45391252000000004,0.441182875,-1.3722366,0.991961775,0.6193511275,0.008410904249999998,-0.090049114,0.26430233000000003,-0.55640165,0.1785830025,-0.80376614,-0.44886423249999996,0.9307539825,-0.347697225,-1.1562288325,-0.4067937225,0.27209919,0.2787549475,-0.1840586885,0.3685072875,0.348308425,-0.500545115,-0.642723205,0.2700638875,-0.610282275,0.9999998984270385
694,11.0,2.0,126405.5,0.0,1.0,0.6888876,4,0,-0.46369812,0.98777324,-0.30278838,0.17979851,-0.98105335,0.34999943,-0.30472308,0.32355464,0.01314652,0.23764126,-0.81106013,-0.29747263,-0.34436858,0.70246154,-0.7098844,-0.19942808,-0.046757575,0.68012744,-0.4010005,-0.18912882,-0.62601453,-0.4858588,1.0545133,1.2330878,0.03712873,-0.51457095,0.501074,-1.3836535,0.7539082,0.6080687,-0.0015820464,-0.043061156,0.42822725,-0.3386794,-0.097708315,-0.8174048,-0.7312429,0.749733,-0.27912107,-1.1188443,-0.37515274,0.49740607,0.22076845,-0.41449678,0.31728718,0.117912054,-0.4117359,-0.48782152,0.4179268,-0.91557026,0.9999997614398739
696,163.3684210526316,32.63157894736842,620902.7894736842,0.26961052631578947,0.5789473684210527,0.32128802,1,1,-0.29265231894736843,0.7020489252631579,-0.4738824773684211,0.34537073631578946,-1.2399088315789473,0.4867867331578947,-0.4083623015789474,0.3846865157894737,-0.16480549,0.14527126584210526,-0.8431955757894736,-0.41119977842105265,-0.25471027736842106,0.7297590315789474,-0.7357254094736841,-0.10335839152631579,-0.09238314278947368,0.518898707368421,-0.7501982489473684,-0.2842329431578947,-0.5669305089473684,-0.3639323947368421,0.6922278489473684,1.109480110526316,0.13789225284210527,-0.4222784863157895,0.3655477131578947,-1.361721036842105,0.9705698042105263,0.4895586047368421,-0.007908875193157895,0.043764688026315786,0.3312529247368421,-0.4824307378947368,0.15715426657894738,-0.7178257868421053,-0.47856022894736844,0.8449158600000001,-0.3386144084210526,-1.1618574315789474,-0.3837485794736842,0.2206131105263158,0.19933498947368422,-0.19161329421052634,0.2968498152631579,0.13748332060526317,-0.24192005368421052,-0.6615250415789473,0.29888853210526317,-0.6486561242105263,0.9999998685736792
699,19.333333333333332,4.0,106363.88888888889,0.07754444444444444,0.6666666666666666,0.40182412,10,1,-0.45982929111111115,0.8971128955555555,-0.4692356533333333,0.3243115688888889,-1.0445803288888889,0.5539163188888889,-0.26763539,0.5350497033333332,-0.143852323,0.19704061377777776,-0.7363849355555555,-0.3448975822222222,-0.2692171433333333,0.7830628822222222,-0.7521672933333333,-0.2387939372222222,-0.026309401155555554,0.5672272911111111,-0.6224614055555555,-0.21297631333333333,-0.5908298811111111,-0.3866840822222222,0.7837064155555555,1.2258368888888889,0.1819134718888889,-0.43977409333333334,0.3857742233333334,-1.4180373555555557,0.9824001133333334,0.6655180188888888,-0.04020802527777778,-0.033583199555555554,0.29978582111111113,-0.4515202366666667,0.02705630066666666,-0.802374248888889,-0.49204600666666665,0.8176303177777778,-0.23167559244444444,-1.2777022666666666,-0.49537810000000004,0.32381936555555557,0.149972331,-0.21920290888888888,0.33788215,0.20034486677777777,-0.41828119666666663,-0.7024454922222222,0.3092858766666666,-0.6849162366666667,0.999999823885567
70,32.96363636363636,6.818181818181818,151091.83636363636,0.17356181818181818,0.6545454545454545,0.46356454,11,1,-0.3763680210909091,0.8426484347272727,-0.5151577405454545,0.3112410739090909,-1.1194549145454546,0.44798874036363634,-0.3325098932727273,0.4684515812727273,-0.1784070157690909,0.17062790479272727,-0.7904171134545454,-0.3521404492727273,-0.29146415745454546,0.7415277063636363,-0.7394389423636364,-0.16175344286036364,-0.042607548327272725,0.5742983301818182,-0.6311504678181818,-0.22697094720000002,-0.6177661856363637,-0.389247886,0.8388205525454545,1.2224017418181818,0.07991696024181819,-0.44546222472727276,0.36604211527272723,-1.3149939636363637,0.943886398,0.6117597367272728,-0.037010759044727275,-0.03653545256309091,0.3220373281818181,-0.43855092127272727,0.06157598499636363,-0.773889176,-0.5608053098181818,0.771236112909091,-0.3418572396909091,-1.22859492,-0.4075741490909091,0.2856989382363636,0.14955553761818183,-0.21151922154545455,0.30303132152727275,0.2326266678181818,-0.33434537799999997,-0.6737157716363636,0.3786427418181818,-0.6766446245454546,0.9999998450144386
700,44.50928877651973,8.714631197097944,170031.30977245246,0.1983635814004617,0.560514455314939,0.42571875,1,1,-0.3727659375171265,0.7873229254475652,-0.463042386816423,0.3197007114115972,-1.1307484836460373,0.4502595518249973,-0.33209687693380235,0.42942050153380235,-0.13195751414186216,0.1540445191201506,-0.7731395360211059,-0.37473521031515883,-0.3002612311640431,0.7470415755909531,-0.7345983354303617,-0.16866712310761275,-0.04659088497363318,0.5754272149737276,-0.6642083354613609,-0.23990294947888646,-0.5937247339764758,-0.3955982928816731,0.7712805405713972,1.1680398837605803,0.10948589850399693,-0.46148475843256015,0.3687995670890667,-1.3420497366588986,0.9395068578077388,0.5746921360056063,-0.004998624824137496,-0.022265961276664394,0.30994957779814225,-0.4330392768032868,0.08927154766868682,-0.7646470025941079,-0.5263354023556557,0.8199791053634384,-0.323805391406955,-1.1644618874464108,-0.40654460473024073,0.2908708799752336,0.1882742790661053,-0.21722730382178848,0.32996980438911727,0.18169905652259427,-0.3319299969741673,-0.6712375864822469,0.33564942726669234,-0.6474677494423876,0.999999868435276
704,44.20216147488875,8.479338842975206,105214.85886840432,0.2753204068658614,0.6993006993006993,0.48155925,4,1,-0.32239101265734266,0.7114167296376351,-0.4410050333026065,0.3883456998635092,-1.1920929394596311,0.478987442287349,-0.3343507052364908,0.41040216771773685,-0.10302890418129053,0.1759765253695741,-0.7719902259567706,-0.46990603064589953,-0.268982029107438,0.7242696417800382,-0.7223003390909091,-0.1927468264709472,-0.10205798881345836,0.5638336661538461,-0.6816630512269549,-0.24854056794634458,-0.627193567768595,-0.3950608079167196,0.7177176519643993,1.133222358041958,0.1589875889096122,-0.44130724235855057,0.2813619048413859,-1.3468669132867133,0.9040272163445645,0.5585170569357915,-0.015483942094305786,-0.004581160660501335,0.29872627593585505,-0.46372657299809283,0.06463903297854419,-0.7757560421678322,-0.5287318693769867,0.8432086794307692,-0.24044367464831531,-1.1560322345390974,-0.4349849746719644,0.2770897304558169,0.19138579795333754,-0.1945388518446281,0.2996515207425302,0.08457080038157025,-0.32931110862619195,-0.7068477996376351,0.3374406245530833,-0.6295062017164653,0.9999999382515471
707,43.903623188405795,8.493115942028986,1221932.6438405798,0.26428148550724634,0.6902173913043478,0.4320692,8,1,-0.342546964945471,0.7555155547536232,-0.4589138256323913,0.3472837223261413,-1.1679677024860506,0.46714066448724634,-0.3399886489537935,0.4199678425922102,-0.12676630313666956,0.1842926918534017,-0.7894337585471014,-0.40389358770652173,-0.2701062942128623,0.7214856662062862,-0.7372041527445652,-0.17725495202802538,-0.08133447834633496,0.5596795155398551,-0.6879079625438406,-0.2653883844786232,-0.5922880310573551,-0.3861082814938406,0.7301278687806159,1.1498607336565219,0.14608466707352064,-0.4399315872028986,0.3305514575144022,-1.3538256806195652,0.9252976993460145,0.5628370419358696,-0.00751567242100453,0.006006199903521014,0.31182323314871374,-0.47109285028037323,0.0783038330164058,-0.7585685858188406,-0.505132101871558,0.8409985353857972,-0.2778348496957953,-1.1616302072778986,-0.41337772224862324,0.2634581438965942,0.1969252740933098,-0.1945244562030134,0.30447237384311593,0.13298797264566867,-0.3301036632699275,-0.6821132893702898,0.316784370933442,-0.6436586159583333,0.9999997233107097
709,45.534246575342465,8.995785036880926,71659.07481559536,0.2236345626975764,0.6206533192834562,0.44276124,8,1,-0.35434782908219176,0.7651525616227608,-0.4696460652687039,0.34002813254963116,-1.186760001190727,0.45908051277555323,-0.35510541224093783,0.4272238585458377,-0.1414639101951528,0.15771031420547946,-0.797413048503688,-0.4010267961654373,-0.27916005069652267,0.7359314273192834,-0.7413625980716543,-0.14359914883129613,-0.044807306419803475,0.5738776484826134,-0.711537024805058,-0.2602644692816649,-0.5927641141875659,-0.3890399675948788,0.7629211220021075,1.1431681932813487,0.11712353459865121,-0.45211543457323494,0.3632228175964173,-1.3508638949947311,0.9473532939515279,0.5540427481559537,0.010020510569952581,0.010567471681527923,0.32589266737586936,-0.4744812418366702,0.10551476520663856,-0.7516432417597471,-0.5000484299146469,0.8464400447207587,-0.3178607868651212,-1.1482797945837724,-0.399924916654373,0.2565579079337197,0.19274955645711275,-0.20469727294204426,0.3024906313150685,0.17919213000558482,-0.32090506679135933,-0.6731761962697576,0.31998376064910433,-0.6524148975131718,0.9999999912994865
710,76.33225806451613,13.970967741935484,64774.93870967742,0.2420290322580645,0.5516129032258065,0.40264612,11,1,-0.30224934357419353,0.699228875264516,-0.4284980114109677,0.3613751855483871,-1.1895781468709679,0.46978294517419356,-0.34728969347741934,0.3859095415645161,-0.09962716274903226,0.17907931523741935,-0.7836799717741935,-0.45173709764516135,-0.25963183709677423,0.7028167399612902,-0.7191126524838709,-0.17140960831935484,-0.10988395192225807,0.5450038337096774,-0.6967158461483871,-0.2646352765032258,-0.5929847989919355,-0.39766264092258063,0.6897123691419356,1.107353383032258,0.17186996695999998,-0.4415351515483871,0.2997311934132258,-1.3567404647741936,0.9265110636451613,0.5283980978387096,0.006067190175419355,0.026142765679838708,0.30056646243870966,-0.466070606483871,0.08407833477709677,-0.7471973327741935,-0.5082666049174194,0.8665546564193549,-0.2499649480516129,-1.1344290249677418,-0.4233529304774194,0.2549314142516129,0.20275225881193548,-0.18573300669999998,0.29733319595645163,0.07606463021677419,-0.2990892346193548,-0.6862775301935484,0.3138421952258064,-0.6365929163548387,0.9999999121063067
712,128.9375,23.166666666666668,162980.10416666666,0.30056666666666665,0.5208333333333334,0.3869574,6,1,-0.30598442479166665,0.6667494197916667,-0.3845165547291667,0.38264957000000005,-1.167820670625,0.49419081812500004,-0.3240548771875,0.38413393583333333,-0.07673756058416666,0.18400467402083334,-0.75700565125,-0.49910453083333334,-0.2595100441666667,0.7212341383333333,-0.6994723362499999,-0.2173779814375,-0.1454589965375,0.5324156910416666,-0.6839747643749999,-0.24599530749999998,-0.6158225897916666,-0.41917898854166663,0.6663669666666666,1.1006315435416667,0.203545238675,-0.43828049041666667,0.26385473147916666,-1.3666214458333332,0.9018687254166666,0.5237760102083333,0.007685491238124999,-0.0123271597125,0.2836000764375,-0.4551535010416667,0.04986372562375,-0.7605870137499999,-0.5162150824999999,0.902810644375,-0.193826119625,-1.1318527229166666,-0.47150938000000003,0.286827644375,0.19643642491666666,-0.19715313497916667,0.31882040562499997,0.02553392664583333,-0.31791897375,-0.7052138729166666,0.33650096291666665,-0.621037555,0.9999999993066977
713,44.56137479541735,9.055646481178396,73599.36497545008,0.17546579378068738,0.6268412438625205,0.45974508,11,1,-0.3459410525695581,0.7941119608510638,-0.46575465252864157,0.3290660028412439,-1.157276525188216,0.45045278297381347,-0.36997498576595744,0.4331234782160393,-0.1493664233430442,0.1547825559579378,-0.7969527857283143,-0.3808050375515548,-0.26051015543371525,0.7332568635188216,-0.7351950122749591,-0.15202195537512275,-0.056384253620982004,0.5529605511456628,-0.6869812505891981,-0.2608873213175123,-0.5891522999770867,-0.3979399243617021,0.7650924793780688,1.1611358547135844,0.10432363720883797,-0.44793018978723403,0.3620900349754501,-1.3425545409819968,0.9383856360229132,0.5581530239934533,-0.0015482958040589198,0.006589963390343699,0.30620246956301145,-0.4474357830605565,0.11208139452929623,-0.7518258926841244,-0.4991990867594108,0.8357111859574469,-0.31329315099018,-1.183192291849427,-0.3993202197954174,0.27714153005728315,0.19571254912438626,-0.2151988710270049,0.31049182033878886,0.1933606950343699,-0.291781105801964,-0.6648755288052374,0.3363136977168576,-0.6622794284615385,0.9999999868909518
715,29.142833221701274,5.891995981245814,1328358.3035833891,0.1298379604822505,0.7396182183523108,0.435007,5,1,-0.4008628541255362,0.8236187264182854,-0.47335955593222534,0.34669390090055263,-1.1378986718623576,0.4458720403281648,-0.3291198218448275,0.46770314586235767,-0.16440874378005693,0.16210633905067984,-0.7718930181748158,-0.37447036162374414,-0.2794338471288848,0.7408796081831882,-0.7391048364450771,-0.17991055618544707,-0.038637461530292704,0.5766218728516912,-0.6373226472307435,-0.23861039924495142,-0.6064328941766577,-0.4106441579789015,0.8016867381475218,1.2005170302511723,0.10373100912582871,-0.46463123498750836,0.3480384040612357,-1.3107472215026792,0.9161958823836236,0.6169068188511386,-0.002511514106792113,-0.04557772685767314,0.32237240456168786,-0.44827146617422975,0.058733027206798176,-0.7771915204906229,-0.5531742066393168,0.8272614849563964,-0.3099242461662425,-1.1859617618846283,-0.42815978556056594,0.2936779490505576,0.17052750373819492,-0.20382215886507535,0.31292926316776626,0.20877675103968182,-0.3498424107182686,-0.6979378703461152,0.35609956995435366,-0.6520354059401875,0.999999712646936
719,46.925,8.9,128004.725,0.181365,0.6375,0.49962336,12,1,-0.313535185,0.7480569392499999,-0.463236926125,0.3360572691,-1.1653376549999999,0.47480240924999995,-0.34963605532500003,0.445178164625,-0.11949960856875,0.1836016097375,-0.78843646475,-0.424597999625,-0.280684866125,0.71674017025,-0.7093368142500001,-0.15868660752500002,-0.0702024291375,0.5946974256249999,-0.7245010595,-0.261317559475,-0.600230321375,-0.39210936812499997,0.728274152875,1.14477287625,0.12845188761749998,-0.463322913125,0.3149542421375,-1.3537024087499998,0.9579831205,0.5523000505,0.004862951834999999,0.006209767298218751,0.3280477665,-0.47606884374999997,0.08138171330625,-0.78737768225,-0.4883910625,0.8513888062499999,-0.2843595069625,-1.1997025374999999,-0.42336462687500004,0.273993232425,0.191897652325,-0.20967743075,0.29952691112499996,0.1608653329375,-0.3174321945,-0.688132035875,0.33902795875,-0.602133770625,0.9999999174678027
722,20.111745513866232,4.199836867862969,56654.477161500814,0.10860097879282218,0.6476345840130505,0.4677052,0,1,-0.40512398080750406,0.827507689959217,-0.4778805733075041,0.32744989417683523,-1.1340412065693313,0.44427455449722675,-0.3087570130946166,0.48055619936892335,-0.1540528421341762,0.16210769141745515,-0.7627734314192496,-0.37336184737292005,-0.3114324681897227,0.762377284233279,-0.7730712071533442,-0.17511266794586458,0.002310964887321371,0.6124793325122349,-0.6542828283409462,-0.22650109202063623,-0.5979555764698206,-0.4107114592977162,0.8143060770473083,1.1927155691598694,0.0847249806773491,-0.46850586445350734,0.3628162443033442,-1.3290507053752039,0.9317185300081565,0.6294396454371941,0.0005995228783401305,-0.046108134128352365,0.31277493784502447,-0.4430685563670473,0.0793272195099429,-0.7936919525464927,-0.5430124281158238,0.8201910416871127,-0.32161322077043963,-1.184908258132137,-0.43105177399592176,0.29976447726672106,0.19604818584102773,-0.20775777569959217,0.33876723890783034,0.24215879337667212,-0.3699803277483687,-0.6958142257971451,0.3504995993507341,-0.639739993050571,0.9999999130104492
725,30.705882352941178,5.823529411764706,41739.58823529412,0.08556470588235295,0.5882352941176471,0.4985316,10,0,-0.3730033076470588,0.702864315882353,-0.37746869564705887,0.39561113941176473,-1.1695765411764705,0.4587068721764706,-0.2949939788235294,0.41099240882352944,-0.05244848082352941,0.15931131156882353,-0.7125935235294117,-0.5005135770588235,-0.29016353352941177,0.7228977558823528,-0.6534562376470587,-0.22645202235294118,-0.12854098647058823,0.5450702488235294,-0.6804690988235295,-0.23383439905882353,-0.6578116558823529,-0.4745292123529412,0.6960198688235294,1.1476466176470588,0.2121593652352941,-0.4941346370588235,0.3066763805882353,-1.319368482352941,0.9459372758823529,0.5028091029411764,0.025713207470588233,-0.019726177117647053,0.31741028094117646,-0.46580941705882356,-0.03114141229411765,-0.7885664452941177,-0.5367017447058824,0.8983033699999999,-0.2430021911764706,-1.1597005588235294,-0.48305712411764706,0.31315712705882354,0.17329336705882353,-0.18317022588235296,0.32014539,0.03845029917647059,-0.369678895882353,-0.7564032211764706,0.3432599541176471,-0.6024594747058823,0.9999999984383764
726,38.42727272727273,6.2290909090909095,23929.17818181818,0.12545854545454546,0.6781818181818182,0.4487781,0,1,-0.3293991061395273,0.727766809069091,-0.4077617323788182,0.4076887145845454,-1.1783085160181819,0.46915423803636364,-0.28112776688545454,0.4129060685090909,-0.07702920593163635,0.22727604730236364,-0.7391095598363636,-0.4962972984916364,-0.268299840232,0.7179248383090909,-0.7573789428363636,-0.24623214175423636,-0.08703545689194546,0.5857900393872727,-0.6416570825745455,-0.23981169524363638,-0.61941240194,-0.42875585410909095,0.7202177542909091,1.1356059381527273,0.18523361538515273,-0.44380732026,0.24354359080236365,-1.3500013453636364,0.8591950016909091,0.6111955142909091,0.0065024332390072725,-0.02363754696818909,0.27258976982825456,-0.4646583262981818,0.022517806846254543,-0.7846361606181818,-0.5588325231956364,0.8744401971090909,-0.17318786598981817,-1.1327476101272727,-0.47121893540000004,0.2853763958327273,0.21139766296636364,-0.18136076793599998,0.3229337307072727,0.052870535290636365,-0.3868433609654546,-0.7336398422181818,0.34433912266727273,-0.6285459399709091,0.9999996331053786
727,128.13480055020634,19.84135717560752,246239.44750114626,0.2987499770747364,0.6662081613938561,0.39271405,14,0,-0.2692722127847776,0.6006267705520404,-0.3267379014752957,0.4688043575993122,-1.1522284345231546,0.5075070122989455,-0.24102103421758367,0.3445604171182943,0.008813599098648785,0.2649616604824851,-0.7003356980100871,-0.6117715802691426,-0.22495695804172397,0.6779401547922971,-0.6673761135304905,-0.342352444675525,-0.2450219161897753,0.5361245732828978,-0.6156666156973866,-0.2468175682980284,-0.6687277958498395,-0.44905595562265016,0.5882766391976157,1.0948421595093993,0.31543277049237045,-0.427632885387437,0.11353207321252179,-1.3650362403622192,0.8145308397065567,0.5594887716084365,-0.006108995591741403,-0.03424509359491306,0.23040294657669877,-0.45381450449715727,-0.07215771408275562,-0.8013069125813848,-0.5851892886061439,0.9291183196353049,-0.02839284068188904,-1.1193177692984868,-0.5305614677927557,0.31099096358551126,0.21199661775974324,-0.16789143373406695,0.302291849262265,-0.19026510106507105,-0.3863111584938102,-0.7714827309179275,0.33672259178908753,-0.5918210047226042,0.9999999674017217
728,30.095435684647303,6.278008298755187,61271.83402489626,0.0699265560165975,0.5103734439834025,0.41281855,11,1,-0.3684851226473029,0.7702520924896266,-0.5002760608589212,0.306581390013278,-1.1572263313278008,0.43633868107468876,-0.3340531633020747,0.43553435406639,-0.16190359352116182,0.14814802962074688,-0.7800749565145227,-0.3614258176970954,-0.29903212715352695,0.7283357462655602,-0.7451429027385892,-0.13736871720580915,-0.02812011703319502,0.584231655352697,-0.679477408879668,-0.2487841929253112,-0.5842308697095436,-0.3776834660995851,0.7837586852282157,1.1532459399585062,0.09014853964522822,-0.45518913074688794,0.35200133238174275,-1.3347977002323652,0.9596413656431535,0.5774997946058091,0.012179822181327802,0.009426034016721992,0.33503797496265564,-0.474962590219917,0.0947373753186722,-0.7630443593360996,-0.5146638406224067,0.8066633999751037,-0.34770314153941906,-1.16379135406639,-0.4013736733029046,0.24993263917842323,0.1867444610788382,-0.17492634665352697,0.2741476442360996,0.21857838082987552,-0.3273829938589211,-0.6649186099170125,0.32001988518672203,-0.6407132144813278,0.9999999613269074
733,38.0893470790378,7.390034364261169,27728.21907216495,0.1257053264604811,0.595360824742268,0.46189308,8,1,-0.36170216276030925,0.7615156529209622,-0.45814490058419244,0.3339283834856529,-1.1662958780025772,0.45470559896305845,-0.34058113581383165,0.4304028687457045,-0.13328211916292096,0.16016168344046391,-0.7821838701890034,-0.39836901423487975,-0.29015293819140897,0.7356263134570447,-0.7448259714690721,-0.15542673501967355,-0.04270527456456684,0.5735323598109966,-0.6811358054209622,-0.24578542595704467,-0.5906230535163229,-0.39572657526632304,0.7565114774914089,1.1399750897250858,0.11554339982582475,-0.4521141875945017,0.34956469892792097,-1.3371144404123712,0.9321132603951889,0.5769642598797251,0.0028388745192182135,-0.009332199634552405,0.3159244042269931,-0.4561303350652921,0.09839596644367699,-0.7553892006443299,-0.5181864405469931,0.8318238884609965,-0.3018801961893471,-1.14883045679811,-0.4141958772508591,0.2690973903457904,0.19078738562792097,-0.19765277962310995,0.3123539186778351,0.17513131253316153,-0.321460494774055,-0.6772571550171821,0.3272418324879725,-0.643767079145189,0.9999998028423507
734,82.64814814814815,15.348148148148148,77235.17037037037,0.256172962962963,0.5370370370370371,0.40538505,14,1,-0.34970789055555557,0.7541328451851852,-0.4489645143703704,0.3512558524592592,-1.1840208510370371,0.4798091796814815,-0.35495298982592594,0.41260932707407405,-0.12024252757703703,0.16893318930037038,-0.7855182293703704,-0.4181326414074074,-0.28341248114814815,0.7490673384074074,-0.726768010962963,-0.13920622254999998,-0.04999965902592592,0.568049984037037,-0.7084059413703704,-0.2487863095703704,-0.588733735,-0.40018333885185187,0.7319878816666666,1.1176960863703704,0.13670199629925928,-0.4519762354444445,0.36961364063096297,-1.3457599702222223,0.9349607907037036,0.5371020415555555,-0.005642129855222222,-0.004709356718148149,0.32854890499555556,-0.45677522118518515,0.10051530044851852,-0.7623099968518519,-0.5048107859629629,0.8427495606296296,-0.29598560587592593,-1.1631027094814814,-0.4291227365185185,0.27862357314074077,0.19317277456703702,-0.2095125117074074,0.3256687683518519,0.14733408970592593,-0.3042518105777778,-0.6814682947037037,0.3103538762888889,-0.6393070333703704,0.9999999520809513
735,38.67206132879046,7.441226575809199,100003.65672913118,0.1594402044293015,0.6507666098807495,0.4405031,14,1,-0.35438552251482114,0.7646799876490631,-0.4547969278739353,0.3471585191648211,-1.1739843414693356,0.45488812334463374,-0.34511533104693354,0.42180101146592847,-0.1363919046438586,0.16322438566601363,-0.7855571106132879,-0.410223377448552,-0.274168389241908,0.7309648021720613,-0.7303531147189097,-0.1628450742436031,-0.055101173424752986,0.5650984463032368,-0.6710885445434412,-0.2477321308177172,-0.6028312823986371,-0.4051851843781942,0.7613926891737649,1.1471333858688246,0.12512682022232685,-0.447347016516184,0.34490716127657584,-1.3253115978160137,0.9123587955025554,0.5680344867120953,0.002112563208630323,-0.013503318633770016,0.31711043516183984,-0.45514101604855195,0.07765687436592845,-0.7576386371465077,-0.5401751370613288,0.8397694910136286,-0.2941048724508518,-1.1545633517678022,-0.41783496979812607,0.27345811827410565,0.19101178943126065,-0.1993416829720613,0.3139762067916525,0.15177987407751278,-0.31892367544889266,-0.6806765224531516,0.33835923222316866,-0.6515091280323679,0.9999999257699493
740,29.339622641509433,5.943396226415095,51427.654088050316,0.07574905660377358,0.4276729559748428,0.45156914,13,1,-0.3587188617610063,0.7804647940880503,-0.4791100095220126,0.3161847436918239,-1.1617816281761006,0.45063082056603776,-0.33809128877044026,0.4425888386163522,-0.13357583920251573,0.18323241142767296,-0.7765194132075471,-0.3567360031132076,-0.2913003,0.7275743027044025,-0.7613773520754716,-0.13219948086792452,-0.01318193978314465,0.5939918421088051,-0.688150884100629,-0.2513834698,-0.5590387199245284,-0.3523471243144654,0.7432757587421384,1.1324745411320754,0.11357977049371068,-0.4657861044025158,0.34521514513207546,-1.3478525922012579,0.9439731149685534,0.5880491925157233,-0.018192620998113206,0.013726337050566036,0.32689505746855346,-0.47485512261006285,0.09700253505660376,-0.7685963862893082,-0.47963464218238994,0.7898389947169812,-0.29817863537106915,-1.150465658893082,-0.3918940069748427,0.24940539172327045,0.1861672162610063,-0.1887282002138365,0.2875322841257862,0.19915529568805032,-0.33999480329559745,-0.6581377552389936,0.31205333442767297,-0.6318586296289308,0.9999999801499397
742,25.875,4.25,90003.875,0.1602,0.625,0.49502626,10,1,-0.29183118,0.7239901412499999,-0.41365522875,0.33724049375,-0.9903685824999999,0.52491610875,-0.193526881125,0.39437286375,0.0004673741249999995,0.29529921124999997,-0.6963476399999999,-0.483766125,-0.38140234375,0.7151339050000001,-0.73556587,-0.282110351875,-0.195907102,0.6281241387500001,-0.53086510425,-0.15258427025000001,-0.62070085,-0.38300388,0.66207575875,1.1672501625,0.21097871975,-0.43780898375,0.19587176437499998,-1.3768651875,0.89420281125,0.66500859875,-0.127544406,-0.1219672545,0.2616996935,-0.35209112324999997,-0.056311541750000006,-0.8675234000000001,-0.62508605625,0.7693405575,-0.127482535,-1.235780525,-0.57659574875,0.39971803375000003,0.1592290455,-0.21736802,0.37503669,-0.021892566250000002,-0.38500107375,-0.72632701,0.35716503125,-0.57655814375,0.9999998810846616
743,75.81842818428184,15.501355013550135,16447.132791327913,0.32352140921409217,0.5094850948509485,0.3753487,1,1,-0.3246088156097561,0.7326272484823849,-0.48207965974254746,0.3328186724769648,-1.202513943685637,0.46029792869918695,-0.3839223194932249,0.3947766378861789,-0.1528315119105691,0.1503257115612466,-0.825201449701897,-0.40181063530352307,-0.2799593341241192,0.7152240779403793,-0.7303671695121952,-0.11754346298699188,-0.08120114372195122,0.544001688699187,-0.7334670122222222,-0.27633909686449865,-0.5816223360704607,-0.37338238731707313,0.7325389424119241,1.1358103566666666,0.12305224577582656,-0.44243333398373985,0.3731885898265583,-1.3530241238482386,0.9735036521138211,0.5126253978319784,0.0018226457072628725,0.04076288677750677,0.3497969974905149,-0.48248024718157184,0.12279354720823848,-0.7330411685636856,-0.49101742506775065,0.841510488102981,-0.3476695901544716,-1.1463343749593495,-0.3911553114905149,0.2294922096829268,0.1833816141723577,-0.19344174591598917,0.2873345769539295,0.15481655726287263,-0.27287117390243903,-0.6617249493766937,0.3068747729186992,-0.6578699566666666,0.9999922716417379
747,67.62809917355372,13.801652892561984,25895.169421487604,0.16813677685950412,0.43388429752066116,0.41170081,13,1,-0.34256439954545453,0.7470712190495868,-0.4714726126033058,0.32125750737603304,-1.1925181181404958,0.46178546752066113,-0.384983859338843,0.4056772907024793,-0.15981652515041322,0.13935524528867768,-0.8330251981818182,-0.3866352331818182,-0.28155315652892565,0.7344021906611571,-0.7434141852892562,-0.12014709475495869,-0.06664897828016529,0.5564206661157025,-0.7160149633057852,-0.2726844155495868,-0.5816093300413222,-0.3837882427685951,0.7535107759090909,1.1393969012396694,0.1085330392338843,-0.44336178334710746,0.38517431553719006,-1.3561450035123968,0.958824860123967,0.5366997240082645,0.01059040436822314,0.02040706002520661,0.34414091544214875,-0.4683193676446281,0.13871000448223142,-0.7393279001652893,-0.5093998756611571,0.8394752152066115,-0.3498180550413223,-1.1554170132231405,-0.3899276184710744,0.2493837045909091,0.19999670069008263,-0.20751238933884297,0.29568416838842976,0.17903185038966943,-0.27687683958677684,-0.656344380909091,0.31282308289256194,-0.6665416063223141,0.9999982141679875
748,102.84615384615384,19.615384615384617,40745.855769230766,0.25906826923076925,0.5480769230769231,0.36894077,1,1,-0.3147866682692308,0.7124698140384615,-0.43586362211538465,0.35313878625,-1.176803150769231,0.46193440144230774,-0.37703854778269236,0.3828292521153846,-0.12459962523942308,0.1302516796673077,-0.7984402985576923,-0.4322048944230769,-0.26355278240384616,0.7249376842307692,-0.7025828388461538,-0.1308298228028846,-0.09968781001730768,0.5401061388461538,-0.7118454748076922,-0.2679912916346154,-0.5871123035576923,-0.4008552135576923,0.7091512797115385,1.105344239423077,0.14296873558653847,-0.45549571798076927,0.34120040500000004,-1.3526160557692308,0.9515979466346154,0.5093091325,0.02147887782980769,0.02495875493076923,0.31917410875,-0.4391123567115385,0.12334874686923077,-0.7403327892307693,-0.5130598670192308,0.8632764903846154,-0.3059692391346154,-1.1364464405769232,-0.41296180961538465,0.2641725802884615,0.19822906361538462,-0.2044539994230769,0.30240416240384616,0.12170840631173077,-0.25891772875,-0.6858196913461538,0.31412147913461536,-0.6445318264423077,0.9999983954295353
750,46.83106267029973,9.970027247956404,82942.22252497729,0.2684333333333333,0.5631244323342416,0.4363471,8,1,-0.3504130256653951,0.8040240512806539,-0.5255411104972753,0.33099697807538603,-1.1786881217801999,0.4808416073324251,-0.3468441958455949,0.45720828008174386,-0.15596231349409628,0.19418767394368755,-0.7992497861853769,-0.3661492981752952,-0.3038797282742961,0.7313300662025431,-0.7786992937057221,-0.11755618999782018,-0.0015788740517892817,0.5998099560944595,-0.7222500530063578,-0.24976284782806538,-0.5706490515891917,-0.34455465082134423,0.763092112640327,1.145519756280654,0.11246459257792915,-0.4396612212579473,0.3870778309174387,-1.3538976544323342,0.9653791670027247,0.5989665186103542,-0.03106258163384741,0.018932399224632152,0.3472920414691735,-0.48278470426612174,0.10889637564057493,-0.7540890952134424,-0.4826379565358765,0.789353997352407,-0.3283230822919165,-1.1762663288792008,-0.4240627674132607,0.23228397191961853,0.17072208511662124,-0.17539278858583107,0.3039570875404178,0.22146734284168937,-0.33367027024922796,-0.673136799071753,0.2867527931912806,-0.6616644831289737,0.9999999794290667
754,51.37261146496815,9.828025477707007,29580.729299363058,0.13757388535031848,0.4713375796178344,0.44075754,1,1,-0.32343135750955415,0.7204633475477706,-0.4500411043152866,0.34516075691082804,-1.1792003767834396,0.45029327246178347,-0.3535497432375796,0.39748689286624206,-0.12191309989031845,0.16671209782519109,-0.7911612956050955,-0.4198949788980892,-0.2779588622006369,0.7157252436369427,-0.7286892878343949,-0.14558848631847135,-0.08529055339463376,0.5607544165923567,-0.6974019471974523,-0.25864045189171975,-0.5939365909458599,-0.39289254783439487,0.7239794160191083,1.1179897740254776,0.13644666509659237,-0.4512836405095541,0.3266165782535032,-1.3392269054140127,0.9379052877388536,0.5413008650636943,0.007596843649808918,0.009259799560509555,0.3130073837229299,-0.45988195794267517,0.0978883823356688,-0.7480580253503185,-0.515485025111465,0.8469221329299362,-0.2905552152203822,-1.1315592535987262,-0.4177497355254777,0.25366763635668793,0.19420444962197453,-0.18424379036401273,0.2953962841942675,0.13130862842611465,-0.2964389670063694,-0.6774499294585987,0.32100848289808914,-0.6459755068471338,0.9999995069490449
76,41.823913043478264,8.422463768115943,346865.70942028984,0.26088489130434783,0.6684782608695652,0.4183772,11,1,-0.35760326491449274,0.772923792673913,-0.5015023945201087,0.3296388503227174,-1.167920255268116,0.4598754995717391,-0.3504170334981884,0.44073111038768115,-0.17147446442965653,0.1507032913183913,-0.799049345536232,-0.390410590067029,-0.2959112536923913,0.7312396469710145,-0.7499596053731884,-0.14094483247922246,-0.04846323726488515,0.5641263920869566,-0.6753053874789855,-0.23752562779021738,-0.6023293635420289,-0.377460324617029,0.7847978600833333,1.173445769307971,0.09504584037455653,-0.4440725885833333,0.3559139020316667,-1.3243147582608694,0.9508941907826087,0.5802028294239131,-0.02134833984563297,-0.013033895386144223,0.3269284348047826,-0.45639057337898553,0.10187231112074276,-0.7574790872789856,-0.5319987750869565,0.8110056368731884,-0.3403337021427536,-1.1703924659347826,-0.4081104913460145,0.256079815157971,0.16608611208188406,-0.1992023405928623,0.3053381327101449,0.20243793658259418,-0.305710500982971,-0.672131603076087,0.35481726365724636,-0.650654708173913,0.9999997840750299
77,57.65918895599655,10.142364106988783,425623.1837791199,0.21851863675582398,0.34167385677308026,0.42206222,5,0,-0.3315898973097498,0.7219349701121657,-0.45154701619974114,0.3591096669594478,-1.1679539963330456,0.4727872688136324,-0.3030954760766178,0.4022467484377049,-0.11483105536809922,0.21712278758050044,-0.753282234452114,-0.44672340256169113,-0.28966027472044864,0.7314400927610009,-0.729871806281277,-0.17645354584038828,-0.06507458896016394,0.5855858138912856,-0.6772761503549611,-0.24188712851375324,-0.6011684844521139,-0.40957356485418467,0.7146506368472821,1.1158433830025885,0.17373340843836066,-0.47122923844693704,0.30675007795734255,-1.3390631221138913,0.9235507817428819,0.5466162220362382,0.0008555230782847285,-0.03476514741784297,0.3158977020811044,-0.4588524318429681,0.05228250738339517,-0.7830553187057808,-0.5361101902088007,0.8674086843943054,-0.2588733063585591,-1.1325098257592752,-0.45769882807161344,0.26286656922528046,0.1829782149312338,-0.1938504717355479,0.3165498250319241,0.0903284586091976,-0.36082842883321825,-0.7019234057330457,0.3286171702502157,-0.6220427803882658,0.9999997934348341
790,59.24128827877508,11.84794086589229,83635.1626187962,0.19314609292502638,0.5269271383315733,0.44140932,11,1,-0.3620688810612461,0.7825946815945091,-0.49060693924973603,0.3167899260530095,-1.1721525308870118,0.45729339663357976,-0.3568438235348469,0.4328715869165787,-0.15243490372935584,0.15014833503695882,-0.8006606856335797,-0.3777289050610877,-0.28771689330359024,0.7389842391710666,-0.7349404443189017,-0.13587667698744138,-0.04027795793066262,0.5622293313410771,-0.6965354183664203,-0.2519678789725977,-0.5931426689176346,-0.38140402329545936,0.7816457880992609,1.1610137591763463,0.10269669116977824,-0.44297295316789864,0.38370869354540654,-1.3415145382154172,0.957099583812038,0.5449603037117212,-0.01704616252348205,0.008333039536436113,0.32987761101108765,-0.46015364970908135,0.10691349274879619,-0.7532575113674762,-0.5093858443083421,0.8132152786166843,-0.3453677827833685,-1.1715514364519535,-0.38243957795776135,0.26130288821077086,0.1807471847616156,-0.21369225060623018,0.30954255024287225,0.19328498164411825,-0.31060948591341075,-0.6603041995036959,0.32724014763305176,-0.6585874476399155,0.9999999982768545
8,37.634408602150536,7.838709677419355,64843.9623655914,0.10556451612903227,0.553763440860215,0.4634719,11,1,-0.3537921094086022,0.7906627744086022,-0.49487772811827957,0.31909613733317205,-1.168181947795699,0.44760380161290325,-0.35483623138709675,0.44862661102150536,-0.1647432837016129,0.15421883483258064,-0.8110379445698924,-0.3860664818494624,-0.2850897862258065,0.7304651563440859,-0.7593180616666667,-0.13400688112096776,-0.037894820263978495,0.5832629529032258,-0.7102265881720431,-0.25812768550537635,-0.5895872161290323,-0.3849792238629033,0.7872684712381721,1.163843336075269,0.09984489902741935,-0.4405919504301075,0.37252402726344086,-1.3443679037634408,0.9566454291397849,0.5679293662365591,-0.0028035147862903224,0.005855590356612903,0.3300808924408602,-0.463380635016129,0.10922493797258065,-0.763504300860215,-0.5182720071129032,0.8423873468817205,-0.3380389009032258,-1.165338734623656,-0.408993564032258,0.2572928887419355,0.2003169667580645,-0.20091013924193546,0.3117802419516129,0.2087057272903226,-0.31142946833333335,-0.6677218988709678,0.3181924403655914,-0.6659616138709678,0.9999999824354697
80,30.798219584569733,6.270029673590504,202565.48664688427,0.11518976261127596,0.5563798219584569,0.424993,6,1,-0.3883670138130564,0.7921330208456974,-0.49076775076261125,0.3168153766311573,-1.153544521958457,0.442195857078635,-0.3334126725875371,0.45442401394213655,-0.16160183574086054,0.1465076776434718,-0.7808278812611276,-0.37617345612952524,-0.310235998431454,0.7494868967655787,-0.7547936974925815,-0.14259368920712168,-0.012942213607418398,0.6007441955341246,-0.686998163041543,-0.2418846117480712,-0.5975305274836795,-0.4031677794073294,0.7813424730415429,1.1629539055637983,0.09732134436335312,-0.46885123943620177,0.3769904517373887,-1.3253656091097923,0.9542846583382789,0.5883226364391692,0.00371429918598813,-0.02495356167605341,0.33182011071884276,-0.45439586586795255,0.09636438856572699,-0.7716324382789318,-0.532918060430267,0.8306603371364986,-0.3433537370237389,-1.1609116386498517,-0.419260402347181,0.2717015756267062,0.19284018074569734,-0.19656576970044512,0.30780610898813054,0.2186839237332344,-0.33815208944658753,-0.6832490874183976,0.3226939692106825,-0.6457937042136498,0.9999998049467549
800,100.0,19.166666666666668,17616.666666666668,0.11341666666666665,0.6666666666666666,0.4055424,14,1,-0.3392307833333333,0.71476222,-0.49233810499999997,0.36198632333333336,-1.2460511166666668,0.49578246666666664,-0.39600038833333334,0.3955751416666667,-0.15331868633333331,0.1188731045,-0.81237636,-0.44183953,-0.26322704999999996,0.7717894216666666,-0.6752529333333334,-0.08110859366666667,-0.038682080833333334,0.5312356483333334,-0.7516805400000001,-0.25465305,-0.62726872,-0.39783203833333336,0.774055845,1.0843922833333333,0.11166876999999999,-0.42993163166666665,0.38864747833333335,-1.3351444833333332,0.9630024233333333,0.47718343,0.0015394403333333327,0.04450942516666667,0.347909555,-0.4888690633333333,0.140378754,-0.7199341466666667,-0.4984262466666667,0.7951698966666667,-0.33862659833333336,-1.1726527833333333,-0.35955581166666667,0.22580669166666667,0.1523311945,-0.2074386633333333,0.25202207833333334,0.16731755066666665,-0.2547366366666667,-0.6835449133333333,0.338185175,-0.654581415,0.9999874790197069
802,53.78781088953619,10.605198297109567,145393.4263948017,0.12542484875644186,0.45664351333183956,0.43652388,11,1,-0.3439975185715886,0.7474678335872732,-0.4777541796605198,0.3344147242916872,-1.1870188838281426,0.4679010205856823,-0.3587463607766973,0.4218944812330271,-0.14801639313935178,0.1515577427898462,-0.8003542854351333,-0.4073255276645754,-0.2791083248897603,0.7274658100941072,-0.737148431288371,-0.13395210475172306,-0.06028702078062985,0.5613087056397043,-0.7113113191593099,-0.255750331500112,-0.5950958650997087,-0.38890304781581897,0.7526628753215325,1.1396447190029129,0.12636650065412547,-0.4508511820233027,0.3644106531409814,-1.3483450784046607,0.9646887007909478,0.537644921395922,0.000656908149361192,0.015918387088392112,0.3240309135687721,-0.46479979453170517,0.11477412971102845,-0.7468253891619987,-0.5056657672944208,0.8469752425787587,-0.32887183476109566,-1.153793168614385,-0.4056027588386735,0.25091032953535736,0.1911561271924804,-0.20134178707864664,0.30077518236885503,0.16809346713779968,-0.2991996857037867,-0.671195341604302,0.32193835096549406,-0.6548670418328478,0.9999999189378577
803,24.466867469879517,5.219879518072289,28439.61746987952,0.11431054216867469,0.45180722891566266,0.4432277,0,1,-0.43351852850903616,0.8738498938554218,-0.5013094564216868,0.33114940680210847,-1.1192406029518072,0.46012314047590364,-0.29686369989759037,0.48729825078313255,-0.1482544616930723,0.17743396751174698,-0.7633633027710843,-0.35622292701656627,-0.3244168851355422,0.7557871385542169,-0.7743644996987952,-0.19320069412189156,0.02007578846060241,0.642951473313253,-0.6501767155481928,-0.23894595226566265,-0.5949023354849398,-0.3896179298674699,0.8346524053012048,1.2247040167168675,0.08727383857286747,-0.48022818749999996,0.3843064659728916,-1.3599495596084337,0.9249922410240964,0.6548868322891566,-0.009573015693042168,-0.02432087843825301,0.3542318505340361,-0.4629115367743976,0.056566810169457825,-0.8109876056927711,-0.5365234389156627,0.7993357735680722,-0.3307462852650602,-1.1980374887349396,-0.4106032874608434,0.3078668522048193,0.19293283766777108,-0.23511407505150603,0.31885318532831325,0.23751377187771086,-0.41260683942771087,-0.6933382756927711,0.327627346186747,-0.6470283434638554,0.9999999898664936
806,37.23831644144144,6.81151463963964,47055.56517454955,0.11407490146396397,0.5850225225225225,0.46441016,11,1,-0.3562283316477731,0.7482370967191723,-0.41159143910957907,0.39950091189825454,-1.1438382848909066,0.4674517019032939,-0.28081061071177926,0.43266374460177365,-0.08127624942328054,0.20896186956461218,-0.7366814937494369,-0.4728215490402309,-0.2701520847786881,0.72370887564154,-0.7351144817187499,-0.25053582683436826,-0.10472279804431166,0.5791125733830236,-0.6462707114570242,-0.23443357797977196,-0.6278618324896635,-0.4281043059617539,0.7356853035561656,1.1627364574338401,0.17650695855919932,-0.4410924531967905,0.26240322296204815,-1.346336035130138,0.8800482286866553,0.6025369737668919,-0.0016063603707291664,-0.030019414129804054,0.27108243916029773,-0.4537619222150901,0.014076265312096001,-0.7989962937393018,-0.553614726754223,0.8725549988971002,-0.19084759826991834,-1.1556713525647522,-0.47820438833828827,0.3061846937590231,0.2071711979019482,-0.18239509561144934,0.3351130404382461,0.07526931651216497,-0.37697076627409914,-0.7299903721128942,0.34249313200731984,-0.6299626922183277,0.9999999990397387
808,18.704128440366972,3.771406727828746,161208.52140672784,0.08963524464831804,0.7155963302752294,0.40602052,0,1,-0.4602625976376146,0.8572902835932721,-0.5122918284686544,0.26850398610519877,-1.0428605281804282,0.4033583996437309,-0.2825819845997707,0.5244624833103976,-0.22571226425810398,0.12470003339980124,-0.7622789578058103,-0.3230465957828746,-0.3243191171651376,0.7620676370030581,-0.7545518344189602,-0.18475294983859328,-0.007834343244839448,0.6216369585703363,-0.5623232818470948,-0.19401425949311926,-0.6378342542584098,-0.4265265068119266,0.894016856674312,1.2575337657033638,0.034489203035957185,-0.4849537169480122,0.3392548047825688,-1.2646519473623854,0.9212769038914373,0.7025407231651376,-0.0037142090972859336,-0.12787413930680427,0.3204476782264526,-0.40628373918425076,0.033287527023157494,-0.7954960199541284,-0.6341225347247706,0.7888288503204892,-0.36258871193425074,-1.2038480300076453,-0.43352558184250767,0.3241081706926605,0.16156314458587157,-0.21683659034457184,0.2855821985146024,0.3017134120804282,-0.3748753162232416,-0.680408382117737,0.43538269309250766,-0.6528058803547401,0.9999997814840006
811,54.84348496530455,10.955281418658442,44419.1434078643,0.24544664610639935,0.6700077101002313,0.41715586,14,1,-0.34783455226831145,0.7710251347108712,-0.4666042634340786,0.3147714608087124,-1.169275911380108,0.4540643150478026,-0.3685535742770239,0.42644649751426367,-0.14998339182143408,0.1340624806707556,-0.7934778449807248,-0.37368052038087896,-0.27594596793446413,0.7434473471919816,-0.7313779248111025,-0.131746233761835,-0.03844130205770008,0.5490689713492676,-0.6846421156299153,-0.25021712437316884,-0.5764514440663069,-0.37774153574556674,0.7523007352351581,1.138146814703161,0.09740086652949885,-0.4442216917579029,0.36563050198982266,-1.3382617722359291,0.9428658211719353,0.5488821539090208,-0.013564404675647648,0.006497050762112567,0.3157543869915189,-0.44595646343330764,0.11896162712424055,-0.7417749662451811,-0.4974609774479568,0.8049433661787202,-0.3298258517164996,-1.1706456475790286,-0.38039255768774094,0.2712258471471087,0.18509304805751733,-0.21299926411942946,0.30657922177563607,0.19359599889514265,-0.28850346154356205,-0.6552639540809561,0.32793162577116425,-0.6449699790902083,0.9999998837002978
812,45.72163901117508,8.842194378598036,149669.0220115137,0.20455746698272945,0.5604470030477481,0.41264912,11,1,-0.33257411304876394,0.7434287817168981,-0.45857287260954965,0.3863746916110735,-1.208061498432103,0.4924704330954961,-0.3406636221871995,0.4148739353257704,-0.10765251941186083,0.19267731824569928,-0.7765269710193023,-0.45120424963460887,-0.2838232405621402,0.7124197138807992,-0.7261371118591263,-0.16068859754216727,-0.06226158118488994,0.5829866373924822,-0.7176376892123265,-0.2574020962969184,-0.5952571719004403,-0.38874576605621397,0.7225325078073147,1.1404448612055536,0.1586443125617914,-0.4708486103521842,0.3371148680311175,-1.3651439083440569,0.9527295483609889,0.5452340612021673,0.002189710787442601,0.035115665898004064,0.3511262444017948,-0.492856385060447,0.06748213956959906,-0.7748169898002032,-0.49365472852082626,0.8471585228222146,-0.28709037206412225,-1.1692457455309855,-0.4361361232319675,0.25837707953528616,0.1844482294519878,-0.19651209106403655,0.30196513563697935,0.11548056045058043,-0.33267183980968507,-0.7046501654337962,0.31378731781137825,-0.628381517294277,0.999999890287068
814,62.94365482233503,12.61015228426396,78006.73604060913,0.21689954314720813,0.5385786802030457,0.40012735,6,1,-0.33221873570050764,0.7262640839796954,-0.4583010723390863,0.33960155099873096,-1.1962608951624365,0.4637793916619289,-0.3815222489360406,0.39171282523654827,-0.1417457701454873,0.13457617288867513,-0.8144946786903553,-0.4110961633294416,-0.27726634524060917,0.7300521298543147,-0.722330307715736,-0.11139036893753808,-0.07715871525919898,0.5464447045126903,-0.7327405151624365,-0.27069366971370556,-0.5795399468564467,-0.3857270294360406,0.7166357497969543,1.1130962850964468,0.12785851956020305,-0.45054392860913706,0.3713594227675127,-1.3520691041573605,0.9665148803705583,0.5140858150812183,0.011766354787618274,0.0314673423126599,0.33963841067563455,-0.46683658448223353,0.1270504800270863,-0.728431620048731,-0.4898728682791878,0.8506567670507614,-0.3325793630667513,-1.135733569182741,-0.39836801711167513,0.24722678434010154,0.19319184468020303,-0.2013116601073604,0.29433703183248733,0.15395214876522845,-0.26720150012218274,-0.6722499130545686,0.30675332627411167,-0.6443862069086295,0.9999999988887219
815,49.10328638497653,9.715962441314554,132797.19953051643,0.04273122065727699,0.5164319248826291,0.4213276,13,1,-0.3639224089201878,0.7662787273474178,-0.4683504905948357,0.33715084966877934,-1.1669124228356809,0.45027279476596244,-0.3559870030892019,0.4133641954929578,-0.14925277232596246,0.14432187198286384,-0.7914060215962441,-0.39115806738568076,-0.2864128121032864,0.7366861006713615,-0.7206914712441314,-0.127801550407277,-0.05407644332488262,0.5701999260798122,-0.6926023481924882,-0.2521420819131455,-0.5891092998943661,-0.397551563685446,0.7635135209154931,1.146341552511737,0.1085312807997183,-0.4671301971830986,0.37014994250704225,-1.3326222997652581,0.9509280077652581,0.5472163138028169,0.008532998354342724,0.005521009956901407,0.3389454184248827,-0.4528811159413145,0.10097385473450704,-0.7507117075821595,-0.523294360516432,0.8267582696032864,-0.33849861035211265,-1.154567055375587,-0.402284155657277,0.2695713549971831,0.1869451572467371,-0.2050451901596244,0.2958956521032864,0.1818880290100939,-0.29397585791079817,-0.6770568497652583,0.3311738626056338,-0.6471978173004694,0.9999999189374587
817,32.22693726937269,4.519833948339484,132262.75461254612,0.05011540590405904,0.4893911439114391,0.3820111,0,0,-0.35895364230053967,0.7228950460442803,-0.3301387202677583,0.4162767610723247,-1.0536547919372694,0.4769871480885609,-0.21865752001133973,0.4247777208666974,0.001280380583233394,0.23492181131196957,-0.659272484704797,-0.5296622583299354,-0.2844744551612085,0.7221214625767067,-0.6731251215498154,-0.3461468341722786,-0.15590295028744003,0.5906000998431734,-0.5797220701107011,-0.21123847878643912,-0.6661442963865313,-0.4808580278887638,0.6800073870069189,1.14785221001845,0.24354456641201427,-0.47233742700184506,0.18616999629003506,-1.3427344394049816,0.815104746494465,0.6238594340129151,0.009666166822553045,-0.100552709394631,0.24865762659334412,-0.4042252954880074,-0.08499368150987086,-0.845336520701107,-0.5932126901628229,0.9138691015058118,-0.07651698234810886,-1.1512687461946496,-0.5589542088550277,0.384206989923893,0.19818095412993542,-0.20290151424026753,0.3636848207878229,-0.031635759497094094,-0.44143865130442805,-0.7792472920479705,0.3629988782541513,-0.5846570897509225,0.9999998576620058
819,46.583333333333336,9.13888888888889,50619.5,0.1327361111111111,0.5,0.40441373,14,1,-0.3582770961111111,0.7400272966666667,-0.4912713630555555,0.29610860541666667,-1.2095126702777776,0.4332377311111111,-0.3701998266666667,0.42267849055555556,-0.1351695513888889,0.1617640499722222,-0.7541233127777778,-0.322220465,-0.28985308944444443,0.6872824925000001,-0.7439220338888889,-0.0638162709638889,0.03411035571583334,0.5463759234722222,-0.6925797694444444,-0.23804548277777776,-0.5130867861111111,-0.34565384222222223,0.712548715,1.0511800583333333,0.11399363569444446,-0.4617063527777778,0.38373407083333333,-1.277036873611111,0.9320089485,0.532259511111111,-0.022690635824999996,0.024305130295555557,0.30622674,-0.4601544018055555,0.16260379630555555,-0.707495918611111,-0.4638972491666667,0.7920429874999999,-0.32162208527777775,-1.0577937611111112,-0.34706217055555555,0.19716634305555555,0.16668125655555555,-0.14561677416666666,0.3056002683333333,0.22622796438888887,-0.27443947166666666,-0.6247987958333333,0.2834703036111111,-0.616213715,0.9999999869306048
82,33.12643678160919,6.160919540229885,63445.88505747126,0.08024367816091953,0.6666666666666666,0.43888167,12,1,-0.3549698712413793,0.7764800385057471,-0.47826086285057473,0.32828403618390806,-1.0993019787356322,0.4355938664942528,-0.2991783413333333,0.46689735885057476,-0.14450151569724137,0.19181266683908046,-0.7689840281609196,-0.39811898651724137,-0.28895046177011496,0.7176767312643678,-0.7686386027586207,-0.1976705826091954,-0.06525448599770114,0.6082286066666667,-0.6259676040229885,-0.22297170388505747,-0.6228038163218391,-0.38055039954022984,0.7768738557471265,1.1778548383908045,0.10384587212528737,-0.44709842494252877,0.2714762091264368,-1.3151324091954024,0.9146280154022989,0.6649335867816092,-0.013072043246091954,-0.07335403140114943,0.2766199152643678,-0.4407422798850575,0.049892631373563215,-0.8024420920689656,-0.5564552242528736,0.8325158968965517,-0.25010682398390804,-1.1609015165517242,-0.4752275736436781,0.284654096091954,0.1780558782183908,-0.17511834993103448,0.3052993199310345,0.18068525889655174,-0.35507782459770115,-0.675162629770115,0.3648445304597701,-0.6431924687356322,0.9999999691975882
820,40.994082840236686,7.591715976331361,187828.92307692306,0.14599763313609468,0.5029585798816568,0.45189536,11,1,-0.3493610659763314,0.7699561243195266,-0.46629922907692306,0.34281991862721894,-1.1569892179881656,0.4601386773076923,-0.29840999150295855,0.4389306168639054,-0.14527574100015975,0.200669267152071,-0.7792657260946746,-0.43518664237278104,-0.28162092621301776,0.7303732659763313,-0.7609864138461537,-0.20596196834970415,-0.07498425956532544,0.5760663494674556,-0.6666912673964497,-0.24511262476923076,-0.6128651346745563,-0.4165887649704142,0.7714545835502958,1.1827422834319528,0.14059431885207102,-0.43694645988165687,0.30565999331952665,-1.3518492562130178,0.9224681921893492,0.5894526335502959,-0.003136082602899408,-0.019663839587100593,0.3017348924201183,-0.47757880852071005,0.03867504347928994,-0.7684206046745562,-0.5421435282840237,0.8671425415976332,-0.2678476495526627,-1.1680613505325443,-0.4291595581065089,0.2684403635502959,0.19986994056804736,-0.20532744030177513,0.30749601639053253,0.13849730057988166,-0.3692048962130178,-0.699542355147929,0.3663062912899408,-0.6420770384023669,0.9999998444634135
825,78.55555555555556,11.703703703703704,20594.04938271605,0.23744814814814816,0.5925925925925926,0.40293074,1,0,-0.2807301642716049,0.6065038340740742,-0.31493828886419756,0.45197593837037037,-1.1500418214814814,0.5078714608641975,-0.25298734018518515,0.3552871883950617,0.009804415241975308,0.2380019828834568,-0.697305377654321,-0.6070599719753086,-0.24555832044444445,0.6961370203703704,-0.6694411292592592,-0.3183949121728395,-0.2295253899049383,0.5391334464197531,-0.6219781520987655,-0.22823956543209878,-0.669134428765432,-0.45863927975308644,0.6098465279012345,1.08915273345679,0.2879414199382716,-0.44010450135802465,0.138260077145679,-1.365225187654321,0.8345633749382717,0.5501085475308641,0.0006754610996296294,-0.04434391512469136,0.23014839218765434,-0.44016971,-0.047167076049382715,-0.802220595308642,-0.5726025819753086,0.9323347472839506,-0.04895586834567901,-1.1193875356790122,-0.5330337469135803,0.32923250419753086,0.2021227935185185,-0.1848050460617284,0.31737713925925926,-0.13490517957654322,-0.37259797950617285,-0.7651565045679013,0.35674815691358025,-0.586990680617284,0.9999952521209714
827,71.95833333333333,11.604166666666666,77220.08333333333,0.1309875,0.6041666666666666,0.42228356,14,0,-0.28380862458333334,0.6435827927083333,-0.3820519485416667,0.42077599604166666,-1.1887581779166667,0.5024314883333333,-0.28538785820833334,0.3773528214583333,-0.05881660761666666,0.21817993257083335,-0.758120785,-0.561166053125,-0.24996491750000002,0.7097325093750001,-0.7340355912500001,-0.2625740160416667,-0.1836611891875,0.5413864870833334,-0.6430949766666667,-0.238871841125,-0.6471294310416666,-0.4137181272916666,0.6551404975,1.1104521922916668,0.23297344675,-0.40829113729166666,0.18424931179166668,-1.3671724395833333,0.8571400929166666,0.5739017614583334,-0.027144005372916665,-0.03353478016875,0.25243090183333333,-0.4639126952083334,0.0030856595833333353,-0.77597013,-0.561060399375,0.8980165395833333,-0.12452496406250001,-1.1295279833333334,-0.48467924270833335,0.29191540633333335,0.20534148875,-0.19458119202083332,0.30578983291666667,-0.052670481552083336,-0.35800162625000004,-0.731434256875,0.3533054225,-0.6141060064583334,0.9999999862601423
83,29.889460154241647,6.120822622107969,45483.3470437018,0.0013956298200514176,0.7069408740359897,0.51742584,14,1,-0.376916030940874,0.7776314290488431,-0.49741022591259637,0.304606289470437,-1.2120602945501284,0.4520941611311054,-0.3726454249562982,0.4452275394601542,-0.16573791865655527,0.14127570915835475,-0.8036937267095116,-0.3706000942982005,-0.28795037911053983,0.7407475453470438,-0.7295746931362468,-0.11278455595398457,1.8340265028275897e-05,0.57176162437018,-0.698453424832905,-0.2428867745192802,-0.6109888178663239,-0.40073643133676096,0.8122597339845757,1.1443473484318765,0.08710984155251927,-0.45155630763496146,0.4130545887969152,-1.3037434318766068,0.9341837915167096,0.529337246066838,-0.009194806294344474,-0.009448675839640104,0.34275517550128537,-0.46689055812339336,0.11210822003804628,-0.7428352187660668,-0.5233255690488432,0.8186222436760926,-0.370963571562982,-1.1595432603084834,-0.3736585639588689,0.2577472192125964,0.18748490964601544,-0.21350236197429306,0.3070697271645244,0.22089181350591258,-0.3148142161696658,-0.6422205911568124,0.3389332825809769,-0.669977952596401,0.9999999932083616
831,46.21826280623608,9.33184855233853,140438.0679287305,0.04525579064587973,0.4064587973273942,0.40984988,8,1,-0.3440717478518931,0.7478016355233853,-0.4852527386781737,0.3101369596083519,-1.174864594712695,0.45225792014209354,-0.35479151389324054,0.4234031279120267,-0.13931097869082407,0.14996054046514476,-0.7917065078262806,-0.382820944766147,-0.3065045487750557,0.7246316843095769,-0.7391760020378619,-0.11696432089721603,-0.03994350371305123,0.5747753585746103,-0.7051608326993318,-0.24597064126948773,-0.5850014248106905,-0.3693644281782851,0.7494188201080177,1.1277021551559019,0.1015879805388363,-0.45661356184855234,0.36413275999331846,-1.3356241792427617,0.9614778665924276,0.5456301134521159,-0.012726531281833407,0.010197536296436525,0.3334280793477728,-0.4613444371670379,0.10968516792815144,-0.7465099370200445,-0.4906503353741648,0.8134852362728284,-0.33984389301169265,-1.1398375721113585,-0.3945898419832962,0.25229813293986636,0.17849751043129175,-0.19850141913930958,0.2988511392082405,0.1959909949267706,-0.3073175446358574,-0.6578679358741648,0.3227731330077951,-0.6351314489354121,0.9999999014728403
836,50.159624413145536,8.605633802816902,32347.30516431925,0.19630328638497654,0.6901408450704225,0.43465668,6,1,-0.3351964044600939,0.7100064339436619,-0.4056711643755868,0.38055544759154925,-1.1676970794835682,0.4896182282629108,-0.3131035706338028,0.4006443730985915,-0.08158774845211268,0.20295334373192486,-0.7577277685446009,-0.4714820136760563,-0.2581716654741784,0.7338559185915493,-0.7066548678403757,-0.22146731233112676,-0.11684134372887324,0.5522912276056338,-0.6671152320187794,-0.24761263072065726,-0.6218183138497653,-0.4220812578403756,0.704016916431925,1.1252834900469484,0.19183117776619718,-0.44187805178403755,0.2835827316431925,-1.3584624338028168,0.8985312149765258,0.5466808257276996,-0.0004991992613615022,-0.024811509510140845,0.28563296098591545,-0.4604079195305164,0.042926966278122064,-0.7751358378403757,-0.529923515258216,0.8778654424413146,-0.2065963736507042,-1.1563892810328638,-0.45299219009389674,0.2926520126338028,0.19503215999361503,-0.2055002841455399,0.31776622112676056,0.04635398296338028,-0.3483279116901409,-0.7048645679342723,0.33415268093896716,-0.6308198003755868,0.9999996816210086
837,48.774193548387096,10.387096774193548,38732.645161290326,0.146741935483871,0.4838709677419355,0.38773665,5,1,-0.3399092212903226,0.7506007948387097,-0.48080760483870966,0.36063383548387096,-1.2080772561290323,0.4741097429032258,-0.38331701838709675,0.4092251364516129,-0.17672889045161289,0.12677795296451613,-0.8217492816129032,-0.40396842580645165,-0.24753914032258065,0.7388954748387097,-0.7334851138709678,-0.0912420107548387,-0.05783781400645162,0.5580254438709678,-0.7452316358064516,-0.2762741751612903,-0.5686544612903226,-0.3630363935483871,0.7487191580645162,1.1223939483870968,0.12735292558064518,-0.4536997164516129,0.3795865664516129,-1.3654393161290324,0.9731374416129032,0.5301172029032258,0.014708904935483873,0.05327272007096774,0.3531054564516129,-0.4694683222580645,0.1381353266451613,-0.7206553332258064,-0.4946130341935484,0.825833851935484,-0.3566424870967742,-1.1564699483870968,-0.3925666696774194,0.23822036177419356,0.2010570264516129,-0.19771153306451614,0.2657207738709677,0.17373115503225808,-0.26028811870967744,-0.6749445019354839,0.29267724451612903,-0.6716037254838709,0.9999998686551191
838,20.140350877192983,3.543859649122807,18680.105263157893,0.03816140350877193,0.6140350877192983,0.43782747,0,1,-0.4125171142105263,0.8361689263157895,-0.4428414773859649,0.4288843594736842,-1.0793289796491228,0.4908584096491228,-0.24773433175438597,0.46041666508771933,-0.06925947328070176,0.19553487672982456,-0.6901136294736842,-0.44109018157894736,-0.32470893333333334,0.7479060356140351,-0.7344703382456141,-0.29075214078947365,-0.0617632639385965,0.6176543589473684,-0.5854950766666667,-0.20555183703508773,-0.6495780203508772,-0.4119688449122807,0.7742715121052632,1.23087345,0.1631773411140351,-0.4776242192982456,0.3020237146315789,-1.3514910824561404,0.8625315712280702,0.6889343235087719,-0.029548987334561405,-0.05081492662280702,0.31228322561403504,-0.4141433777192982,-0.03798373721052632,-0.829955583508772,-0.5826180396491228,0.7878784631578948,-0.22709744210526317,-1.2100805445614036,-0.5141850522807018,0.3621197396491228,0.1758162775614035,-0.20216909222807017,0.3640385528070175,0.11014741940350878,-0.44564077640350874,-0.7765524775438596,0.3469832675438596,-0.6329979817543859,0.9999999350588321
84,43.592592592592595,8.481481481481481,306786.48148148146,0.16023703703703707,0.4074074074074074,0.47089285,6,1,-0.36231371777777777,0.7382664092592592,-0.44586461703703706,0.34162426962962966,-1.1058968037037038,0.4423268214814815,-0.3366038737037037,0.39438086666666666,-0.12966289497037037,0.09492768400740742,-0.762383637037037,-0.4104096585185185,-0.3083899077777778,0.7549386162962962,-0.7111068759259259,-0.15870951648148146,-0.08798627202222223,0.5509031862962963,-0.6806845937037037,-0.2503304482962963,-0.5825350496296297,-0.3835918103703704,0.7001114348148149,1.1419081185185185,0.12605546518518518,-0.46972014925925926,0.3345204803703704,-1.3531690407407408,0.9572964033333333,0.5452676092592592,-0.0030342186333333345,-0.007872455485185186,0.31724434096296295,-0.40628230925925923,0.09655937492592592,-0.7642766814814814,-0.521433867037037,0.8369037896296296,-0.32329248037037034,-1.1203731148148148,-0.4157788214814815,0.29405654,0.1869592337037037,-0.22025487222222223,0.3293137062962963,0.1365102209888889,-0.29802532629629624,-0.7058208792592593,0.32303997814814817,-0.6071425033333333,0.999999798167855
841,25.92058212058212,3.962993762993763,128866.98752598753,0.08921031185031185,0.8141372141372142,0.3600342,0,1,-0.38364082735660293,0.7429640633016632,-0.36625929174505195,0.43210491028648645,-1.094420823925156,0.46989437794553013,-0.20946962502022454,0.41442036671434507,-0.0203572611382079,0.22821054063713514,-0.6756868978752598,-0.5067382714268607,-0.29435880750507276,0.756223287391684,-0.7258610113929314,-0.33188070851363827,-0.10586341178627028,0.5884277869841996,-0.5757125438045738,-0.2155841782555925,-0.6451428514586278,-0.4450864269205821,0.6999141752723492,1.1541844534565489,0.21819845882941538,-0.4384798410677755,0.2089858910799709,-1.3477189797297298,0.8048303491808732,0.6578567691850312,-0.0163545437272158,-0.07892442403162162,0.24774116483122663,-0.42538988671991684,-0.06328700438697797,-0.8233689961787942,-0.5996004705588357,0.8420608176340956,-0.10307065934785863,-1.1361577920665282,-0.5061971175592516,0.34887576538440745,0.20065863390133057,-0.18570796255513514,0.36172923508910604,-0.015522423263998332,-0.4604117725862785,-0.7833202238170478,0.34180922365430355,-0.596670374869023,0.9999998341900274
847,59.2972972972973,10.68918918918919,67406.58108108108,0.172622972972973,0.4864864864864865,0.39839956,11,1,-0.3255780816216216,0.7183360371621621,-0.4281943981081081,0.3573752772972973,-1.1255287945945944,0.46130569527027027,-0.31864680952432434,0.4039211408108108,-0.09609491951486486,0.191992889,-0.765320857027027,-0.45668972256756757,-0.26500972054054056,0.7070296986486486,-0.7043244087837838,-0.22262438135135137,-0.14038262613513514,0.5523000464864865,-0.6327020615810811,-0.241383192472973,-0.6421677056756757,-0.42689174405405406,0.715170732972973,1.1441696908108108,0.17073506510810812,-0.4374341186486486,0.2695260340432432,-1.3216848391891893,0.886994237972973,0.5780518005405405,-0.014945143149189192,-0.04345191744635135,0.27584069470405403,-0.42809000540540537,0.039239532927027025,-0.7776515825675676,-0.5695257391891891,0.8592383509459459,-0.21485910313513515,-1.1647049441891892,-0.4659012324324324,0.29977993554054055,0.1914318514189189,-0.191924974,0.30197755202702703,0.05637582071216216,-0.31561868445945945,-0.6963742566216216,0.34993240445945945,-0.6450370304054054,0.9999999933535996
848,68.9322033898305,13.665254237288135,67209.36440677966,0.18764788135593222,0.5211864406779662,0.38047323,1,1,-0.3242895069915254,0.7368123980084745,-0.4753418526970339,0.31022571983050845,-1.1493668751694914,0.4716321800423729,-0.3621589508063559,0.38902373845338983,-0.13005897034067795,0.15474080699449153,-0.7923956106864407,-0.37456732329237286,-0.2996359329809322,0.7192537315677966,-0.721926940779661,-0.12382364340444915,-0.07710785018038135,0.5340906739830508,-0.6759394258135593,-0.23934955429661015,-0.5730460606355933,-0.3490080230016949,0.7291179209745763,1.124314260338983,0.11836052023177966,-0.4394256896779661,0.36627007790254235,-1.3410697120762711,0.9500799603813559,0.5326716102542373,-0.03571552133114407,0.007919894331313562,0.32199785124449154,-0.4321789640635593,0.11428443549576273,-0.7295431636440678,-0.4960564125042373,0.7906989026694915,-0.3317137743644068,-1.1418057426271186,-0.39321499069915256,0.2574798147881356,0.15856946033050848,-0.2083556148220339,0.3192441019322034,0.15835578023940677,-0.27584469678813556,-0.642487444618644,0.33083087745338985,-0.6415837281440677,0.9999999642556614
85,123.8623978201635,20.034059945504087,162058.92779291552,0.20302493188010898,0.46866485013623976,0.38632497,14,0,-0.2756145383606403,0.6272935340354223,-0.3871028752343324,0.41530468493188016,-1.2421134288964577,0.489246507342643,-0.31349116466185284,0.3636955092370572,-0.07097684082855586,0.21055300280517714,-0.7663770596321526,-0.5467313065258856,-0.2425881579972752,0.7003143020844688,-0.7264527855449591,-0.228219456963079,-0.15703480076893733,0.5269486255994551,-0.6608616174686648,-0.2489570972493188,-0.6347687327111716,-0.4163679269482289,0.663057843147139,1.0907074427520436,0.21718211324727518,-0.4160539297547684,0.2100477474654632,-1.3458189230245232,0.8524420545367847,0.5230447725749319,-0.01652057466133515,-0.008515919069087195,0.27019925815395096,-0.4779119183923705,0.025576255184359672,-0.7567809542915531,-0.5457958775613079,0.8933233932833787,-0.1655690316055858,-1.1106222245504087,-0.44841329165531335,0.26762371502588556,0.21206137440735695,-0.18858535856416894,0.30518775272343324,-0.03293358494904632,-0.34090981102724793,-0.7138630446594005,0.3551037826158038,-0.6150082921389646,0.9999999995185377
850,40.83443708609271,8.573951434878587,34085.71081677704,0.2166942604856512,0.6490066225165563,0.40598232,1,1,-0.36985093554083887,0.7393171953642383,-0.4855068764679912,0.33254157860044153,-1.178830361192053,0.4599809197350993,-0.34465336270860925,0.43922194200883,-0.18160769370198673,0.13345514995726268,-0.8022044400662252,-0.37378575253863133,-0.2707344974392936,0.7238572033554085,-0.7436469086975718,-0.11864834054538632,-0.06687244568763796,0.5642840648565122,-0.721572109183223,-0.2582159798524283,-0.5748915440838852,-0.34732739517660044,0.7691321714348787,1.1552963260706401,0.12697519650154526,-0.46314025258278146,0.3710086578609272,-1.3431835241721855,0.9730935032008831,0.5622585751655629,0.009271772083730685,0.015248561932869756,0.3536308238918322,-0.4757448865231788,0.09655098579011037,-0.7212428516335541,-0.4981850086313466,0.809424675584989,-0.38156678163245034,-1.1612575833112584,-0.40408367295805736,0.24326955182560706,0.19595554706048565,-0.17871944021942604,0.2642751883174393,0.18729936695982338,-0.29901393744812366,-0.658999529227373,0.3078772482472406,-0.6550011125827815,0.9999998980810684
851,17.483072916666668,3.8059895833333335,289409.6158854167,0.055622265625,0.5859375,0.45600438,4,1,-0.4361187329869792,0.9016893083125,-0.510156621875,0.3021851904157552,-1.1123139403385418,0.4111900822513021,-0.2971074571614583,0.5291137181901041,-0.20338015394627604,0.20197963417239584,-0.7824546925182291,-0.3271373398398438,-0.302966378703125,0.7494717703776042,-0.7877656574609375,-0.18935408065390624,0.014231695642109375,0.6312065493359375,-0.6029880778528646,-0.22238673389453126,-0.6129477971614583,-0.4338295751835937,0.9107983412239583,1.2745869768489584,0.0375156831332513,-0.47045336807291666,0.3574573487192709,-1.2949009805989584,0.92994726171875,0.6864983835416667,0.0037508740174088547,-0.07178885144402083,0.3293268715419271,-0.46697486007682293,0.03929570131744792,-0.8203225447916666,-0.5919058245442709,0.7945132020372396,-0.33815092406992187,-1.2500617575651043,-0.4277190804882813,0.299729297703125,0.17474788645260417,-0.19815811105820313,0.3059148315747396,0.3129906116044271,-0.3914729298307292,-0.68807591828125,0.4075458869466146,-0.6710534110677083,0.999999742177439
852,36.08986869051922,7.404047705095771,474510.88700156607,0.07325899289242259,0.48584507890615586,0.4372416,6,1,-0.3765370994311529,0.7727996993338152,-0.4755497371241537,0.33340767815832306,-1.1832421459485605,0.4563432868542345,-0.3433326671177215,0.44231571567582223,-0.1516291869151994,0.15304572781916276,-0.7896391163763402,-0.3858570197449343,-0.2894179566844236,0.7396578491303409,-0.748878892853873,-0.13606101106148139,-0.030372506182499457,0.5831257203674256,-0.7001039735665582,-0.25214391931032043,-0.586595109883508,-0.38962594588486205,0.7753145406344657,1.153434126220937,0.11502706064227129,-0.46360056041380554,0.37230981366981086,-1.3444144715299362,0.9550164677623179,0.5516324812818938,0.0016236855214731962,0.005783874343914227,0.33454192454316345,-0.46634480718094207,0.10153211896959162,-0.7708185291450669,-0.5142736517816288,0.8361666293338875,-0.33528176190321285,-1.1512938704536801,-0.40320450813805564,0.2626322612214432,0.19899543104265305,-0.200805578609017,0.3123024023562703,0.1954996259818176,-0.33223758173995904,-0.6774354366352608,0.3192882927148825,-0.650455261552825,0.9999997531646708
853,97.46376811594203,19.130434782608695,135393.64492753622,0.24353913043478262,0.6376811594202898,0.43030262,4,1,-0.38953605217391307,0.8376358316666667,-0.48801740210144934,0.27331500224637684,-1.1144571931884057,0.4334446299130435,-0.33921153363768114,0.43508142608695655,-0.1416845971326087,0.17720263833623187,-0.8064754128985507,-0.337669059242029,-0.2904413215507246,0.7403452699999999,-0.745858703768116,-0.16741644004927536,-0.007468884620289856,0.6198521149275362,-0.6545873161594203,-0.27319782152173916,-0.593729249057971,-0.3891074683333333,0.8219287657246376,1.174414738405797,0.09183015475673913,-0.466980553768116,0.39298994449275365,-1.365200186231884,0.9017804474637681,0.5832826770289855,-0.005183596043913045,-0.017755757413043482,0.3489042796376811,-0.44401003949275364,0.08778305604347826,-0.7848404019565217,-0.5358919237681159,0.8230434263768116,-0.3320589911594203,-1.151503166231884,-0.356281894057971,0.29545506763768115,0.21526580686231883,-0.2748907972594203,0.2962684380434783,0.18386555106521738,-0.3771419908695652,-0.6252012035507246,0.3177207531884058,-0.6899624636956522,0.9999999986552166
855,217.0550847457627,41.50847457627118,29763.01694915254,0.417810593220339,0.3601694915254237,0.3176904,11,1,-0.30073287478813554,0.7101161255508475,-0.4613178417161017,0.3202762865254237,-1.211987980720339,0.465948963940678,-0.3985793345338983,0.38952175394067795,-0.14523402764406781,0.1451911965762712,-0.8242086623305085,-0.40691324245762717,-0.2556888277966102,0.7112337786440678,-0.7177345236016949,-0.10432935147669492,-0.08677575146771185,0.521639636779661,-0.7336120269491526,-0.2710554927118644,-0.5754659610169492,-0.3735366151694915,0.7149762940254237,1.104441921737288,0.1290586726822034,-0.4332581166525424,0.3613404413122881,-1.3512429915254238,0.9696070350847458,0.4823896850423729,-0.0038936900250423727,0.04795004463207627,0.32260429224576276,-0.4704003036864407,0.14018530577118643,-0.7204903437288136,-0.47472393271186436,0.846747107457627,-0.32449806158898303,-1.1417763478813558,-0.3800969105084746,0.229973950029661,0.18939673790254236,-0.1985181327118644,0.2907288736016949,0.14588178916737288,-0.24316262220338983,-0.6404028863135593,0.3173556736440678,-0.6573911777118644,0.9999779119961761
858,107.32,17.224,70213.12,0.3313064,0.632,0.3439399,14,0,-0.2868733168,0.66432294936,-0.38018154944000004,0.41267467704,-1.1863719592,0.501390328,-0.31762947497599997,0.3609723,-0.0524389943924,0.20725809736,-0.7445148716,-0.5338828148,-0.2331006976,0.71480034208,-0.66884866384,-0.2289557966,-0.163408244768,0.5177912926399999,-0.66417093616,-0.246650671168,-0.6350217889599999,-0.43550706567999997,0.65419267248,1.0868617971199999,0.237017393048,-0.42630558384,0.24163198800000002,-1.3541966207999998,0.8780932956799999,0.50044791128,-0.01339168058416,-0.0060347457848,0.26880819944,-0.44740197568,0.0236537077888,-0.76559985456,-0.5455587710400001,0.89139328448,-0.1529986651256,-1.1440777752,-0.46511554888,0.29063507528000004,0.18697948883999999,-0.197576215872,0.31055793936,-0.04389739566,-0.31668756983999996,-0.72403406336,0.32914333064,-0.6282169789600001,0.9999997039614834
865,26.416666666666668,5.083333333333333,146187.66666666666,0.15930833333333336,0.6666666666666666,0.3771101,12,1,-0.4522430116666667,0.8375388058333333,-0.4671172733333333,0.3502098775,-1.1358881833333334,0.45086524333333333,-0.32084846083333335,0.49826020833333334,-0.176378114,0.12886400416666668,-0.7478317433333332,-0.3884349375,-0.29063178949999996,0.7452901725,-0.7019196841666666,-0.1053877305,0.0018666409999999998,0.610129595,-0.6205903875,-0.18851629658333333,-0.6194244208333334,-0.42854552333333334,0.873220685,1.19593895,0.08513701883333334,-0.52641439,0.3733183408333334,-1.286604925,0.97047155,0.5833556525,-0.0012234476666666664,-0.03782903475,0.37009447666666667,-0.4246752875,0.039113820083333334,-0.8249996466666666,-0.5938862724999999,0.8084087341666667,-0.3432854125,-1.1859278,-0.45640206916666665,0.3191281366666667,0.13948247425000002,-0.21706577000000002,0.29901808,0.2616762009166667,-0.32930991000000004,-0.7025433683333334,0.4044553083333333,-0.6663576725,0.9999998227790442
866,93.57692307692308,17.884615384615383,9221.961538461539,0.19344615384615385,0.5,0.38004616,13,1,-0.34671430423076927,0.7767089784615385,-0.45949359461538464,0.33029687284615383,-1.199268743076923,0.4450328646153846,-0.3832740857692307,0.4214981161538462,-0.12479605184615385,0.14156944503846153,-0.7934732507692307,-0.37787156307692304,-0.27867478576923077,0.7363664169230769,-0.732204055,-0.11119853299999999,-0.0010416022692307707,0.5769273823076924,-0.6976733303846154,-0.2607203447692308,-0.5694082561538462,-0.38318218615384614,0.759577186923077,1.1049003846153846,0.0989405739076923,-0.4592140042307692,0.38077120153846156,-1.3197735884615385,0.9050247326923077,0.5500228596153847,0.008754356553846153,-0.0003209496269230774,0.34050368923076924,-0.4562610707692307,0.11884324495000001,-0.7508519130769231,-0.5004028103846154,0.8276494411538462,-0.3275288,-1.1361284461538461,-0.3844276659230769,0.26961600076923076,0.19922186846153847,-0.21742142153846153,0.3243579409615384,0.19857213957692307,-0.31073112153846155,-0.6590119703846155,0.31080973823076924,-0.63499021,0.9999543077355757
867,31.105805565097903,5.91274476125043,248460.28581243558,0.12075048093438681,0.5781518378564068,0.4399557,13,1,-0.36261658094518034,0.7639598031305392,-0.4534502515124236,0.34918133715849364,-1.1577449481046034,0.45710140665166604,-0.3205713914861216,0.44066162171332873,-0.11860061708711273,0.18213172370733596,-0.7628735143404328,-0.414992983606527,-0.2910324104007214,0.7346470663981449,-0.7433926950412229,-0.19075281502216418,-0.04660661214470922,0.5941977771418756,-0.6793065471715906,-0.24905629220239608,-0.6061033304886637,-0.41324583446616286,0.7490494506224665,1.151548215783236,0.13433996342581794,-0.4645529329280316,0.3298540321696067,-1.3372778840415664,0.9149542209455858,0.5861515718574373,0.008991817868150464,-0.027167919450230164,0.3080990975536163,-0.4578928546650567,0.07358859927345637,-0.7845430153315013,-0.5250429341697012,0.8552204723706973,-0.27869788020099795,-1.1609965695620061,-0.43799115474939887,0.2845895701629165,0.20670202207121435,-0.19778706395030915,0.32245090518631053,0.15239304148336005,-0.35599037208124357,-0.6966873366111302,0.32569535497806595,-0.6286135242766403,0.9999997871703977
87,43.526315789473685,9.0,42890.649122807015,0.10261228070175438,0.43859649122807015,0.44039518,13,1,-0.36315533122807014,0.7434775100000001,-0.4719733824561404,0.31297275657894735,-1.1789618824561403,0.4483555685964912,-0.36407863159649123,0.4135855581403509,-0.15531459480701754,0.12436668114035088,-0.7968446619298246,-0.37593391894736844,-0.28913272631578946,0.7285451699298245,-0.7574936992982456,-0.11503004428070175,-0.053333476785964916,0.5447063984210526,-0.7131981145614035,-0.2610535223508772,-0.5658917949298246,-0.3778237768421053,0.7239377364912281,1.1213738294736841,0.12362813507017544,-0.4495085143859649,0.37754687763157896,-1.3520333140350875,0.9798573078947368,0.5389440833333333,0.0031264217789473687,0.03468242524561404,0.31962563233333335,-0.4653327607017544,0.14197968180701756,-0.7350217333333333,-0.4854707759649122,0.8364065694736842,-0.3338378410526316,-1.1257362551929824,-0.3943824197192982,0.23496319992982456,0.19923900782456141,-0.17566065119298246,0.2889698780350877,0.19113342480701756,-0.2806043750877193,-0.6634240750877193,0.2907450844912281,-0.6519865942105263,0.9999999656667576
875,32.1978947368421,6.010526315789473,16779.566315789474,0.11960694736842105,0.6021052631578947,0.46856433,8,1,-0.37775257398315787,0.7683013015789474,-0.4465534674294737,0.37034370863663163,-1.1626192543578946,0.46180074914526315,-0.31537699793642104,0.43181792230800004,-0.11848195883233685,0.1708379710328421,-0.7453293751578947,-0.4256726390109474,-0.27644265803789475,0.7335096416842105,-0.7195992753473685,-0.1887572309785263,-0.04415249084291158,0.5628117303578948,-0.6665136027705263,-0.23816468946336844,-0.6144517939578947,-0.41619688859578946,0.7666550729263157,1.1417341324421053,0.14542243315614736,-0.4564384117684211,0.3358475985034316,-1.3245403912842106,0.8984631282315789,0.5687365860842106,0.008849998421284212,-0.011673283059389474,0.30747962032336845,-0.4558430440778947,0.05449095273368421,-0.7652787097578947,-0.5295126047347368,0.845178302168421,-0.2654422044831579,-1.1349044304,-0.4302130470378947,0.27414791890757895,0.1773029994466737,-0.19065909440210527,0.3190208003263158,0.14540669042408422,-0.3550203516831579,-0.7063885312568421,0.3370247673389474,-0.6413706153052632,0.9999992933964988
877,53.63953488372093,10.581395348837209,82000.1046511628,0.2008593023255814,0.4941860465116279,0.40550262,14,1,-0.34883798412790695,0.752682673372093,-0.4673411946511628,0.3526192172848837,-1.1833736390116278,0.4766716022093024,-0.3516686476162791,0.4142174051162791,-0.13813711769244186,0.16183641606686044,-0.7938700693604651,-0.4207742273837209,-0.27120381656976744,0.7375935005813954,-0.7265538144767443,-0.15516777368139537,-0.06614460558223838,0.564704494883721,-0.6981012840697675,-0.2573816037965116,-0.6029353115697674,-0.39832800034883725,0.7538762390697674,1.1429690534302326,0.13618009953488372,-0.4490827284883721,0.35115749536744184,-1.3577226116279069,0.9448586751162792,0.5437625658139535,0.002239618488860465,0.012076045547441861,0.3218591082209302,-0.4650192094186047,0.10325717316569767,-0.7563127024999999,-0.5206138010465117,0.8471510164534883,-0.302519202372093,-1.1602545331395349,-0.4066412668604651,0.26207108366860465,0.1910651599418605,-0.21058723168023255,0.2977490597383721,0.1421910936139535,-0.3121817087209302,-0.6828243596511628,0.3245523976162791,-0.6577168300581395,0.999999993628521
878,26.666666666666668,5.354838709677419,42323.3870967742,0.1547978494623656,0.7150537634408602,0.44097838,14,1,-0.3757998810752688,0.8111601586021505,-0.465380772967742,0.3401603404946237,-1.1401116155913977,0.4551433604193548,-0.32771345751612907,0.444639668172043,-0.13758045212182796,0.16782550663817206,-0.7802137515591397,-0.3811610780376344,-0.30126731740860213,0.7503611347311827,-0.7653149351612903,-0.17970976592580648,-0.03643594565231183,0.5732292569354839,-0.642008802983871,-0.22552108541736557,-0.5957206952150538,-0.38461785817204297,0.7879500888709677,1.1804556806989246,0.10317986932387097,-0.42896844860215055,0.3594043248924731,-1.3313934175268818,0.9067772428763441,0.6284673322043011,-0.024446903343010754,-0.034026301524193545,0.312929793172043,-0.44300723790322577,0.06575321353166667,-0.7619235387634409,-0.5504797352956989,0.7955767511290324,-0.294840608844086,-1.1771696706989248,-0.4369321633333333,0.28819594409892474,0.17395281134677418,-0.19252658030645162,0.34222594431682796,0.1884522165752688,-0.3422560498924731,-0.6821565855913979,0.3386213746623656,-0.667318310376344,0.9999999895452343
879,60.067796610169495,12.779661016949152,4183.457627118644,0.20905423728813557,0.3728813559322034,0.46743977,14,1,-0.3175056359322034,0.7541807471186441,-0.5033589681355932,0.3337244247457627,-1.2086083688135594,0.45837216728813557,-0.4009407659322034,0.40570284847457627,-0.17632939201694917,0.13471963750847457,-0.831333974237288,-0.3735606936440678,-0.25572730711864405,0.7318337849152542,-0.7418227103389831,-0.09738426086271186,-0.04879370866779661,0.5434577142372882,-0.7422076645762712,-0.28339712423728813,-0.5712325355932204,-0.3568467920338983,0.7329431633898306,1.1293740422033898,0.10196801430508474,-0.4388351389830509,0.3785106144067797,-1.3512654118644067,0.9761915940677967,0.5303291730508475,0.002143677381355933,0.05332593372033898,0.3249958942372881,-0.4769465652542373,0.15712388313559322,-0.7104749872881356,-0.4678759513559322,0.8179191623728813,-0.36018078898305084,-1.1549022491525422,-0.36038934898305086,0.2160737178983051,0.19382255340677967,-0.19361791830508474,0.27990566186440674,0.19672694801694915,-0.26054487305084745,-0.6564098366101695,0.3109136284745763,-0.6585671896610169,0.9999029654766314
88,38.0,7.5,138670.5,0.0,0.0,0.44776574,5,1,-0.333076145,0.723476075,-0.38927318499999997,0.33267047,-1.1841618999999999,0.45282321999999997,-0.37620549999999997,0.37147689,-0.10227211,0.142828443,-0.83191078,-0.400201075,-0.29334923,0.763457835,-0.769209075,-0.156393497,-0.101025417,0.51601173,-0.7286494050000001,-0.248263465,-0.5777992,-0.34831969500000004,0.79627242,1.1456034499999999,0.09432737,-0.41413660500000005,0.40693762,-1.39461625,0.9465615000000001,0.5527661450000001,0.041397643,0.006370178000000004,0.32528577000000003,-0.48266037500000003,0.107587077,-0.68540485,-0.453332235,0.8258188,-0.34632414,-1.12879265,-0.41998939,0.264097315,0.1743894,-0.21008133,0.35251322500000004,0.173813335,-0.292130565,-0.6126872800000001,0.35225674500000004,-0.7021522149999999,0.9999998749008023
880,243.39086294416245,48.2741116751269,244533.03553299492,0.5732005076142133,0.5380710659898477,0.31933364,1,1,-0.31051936796954316,0.7155887481725888,-0.4756824886802031,0.3457214247715736,-1.2339893345177666,0.47694474319796953,-0.41199378045685275,0.3864749483248731,-0.15862469379441624,0.12602384069035533,-0.8358475747715737,-0.4143214434517767,-0.24926860345177665,0.7172870260913705,-0.7219415940609137,-0.09116700268172588,-0.07971458156649747,0.5213066055837563,-0.7455451705583757,-0.2795650666497462,-0.5779650162944162,-0.36720077837563453,0.7195957291370558,1.1014262037563451,0.12876069981725888,-0.4307935336040609,0.3745623505583756,-1.3549404208121827,0.9672035645685279,0.48847053659898476,0.0004647975976649745,0.0582922290675127,0.33502100685279185,-0.4763763561928934,0.15723048758375635,-0.7083116795431472,-0.477371050964467,0.8513253545685279,-0.33983422518781725,-1.1307618575126903,-0.3718788630964467,0.22197431741116752,0.18906535447715736,-0.20233573607614214,0.28176051482233505,0.1507927341035533,-0.2385930993401015,-0.6535882298477157,0.3017709914213198,-0.6653038123350253,0.9999999714098143
886,82.6875,16.270833333333332,20845.604166666668,0.15816458333333333,0.3541666666666667,0.37039635,6,1,-0.3355833710416667,0.7267472764583333,-0.46586262083333335,0.31533959889583335,-1.1892143916666666,0.44857188708333334,-0.385997313125,0.39067449187500003,-0.146976163336875,0.12006447914583333,-0.8163384152083334,-0.39471838520833336,-0.2757566645833333,0.7264845675,-0.7092106302083333,-0.11862500154166666,-0.09077858188333333,0.5237115935416666,-0.7133670229166666,-0.25978056583333337,-0.6005484522916666,-0.38791426166666665,0.7418642320833334,1.1319054041666667,0.12132374147083334,-0.436274251875,0.3858955720833333,-1.3334089875000001,0.9684188895833333,0.49708796083333334,-0.0026843147035416665,0.022835222668125,0.327650065,-0.4571809629166667,0.114105847875,-0.7167396570833334,-0.5093323075,0.8355075214583333,-0.3534197052083334,-1.1433467958333334,-0.3873745385416667,0.24823150333333333,0.18265203962499998,-0.19598053062499998,0.29463369729166666,0.1505496403125,-0.2612026783333333,-0.6485864897916667,0.319838665625,-0.6734533997916667,0.999994663174879
887,58.3482428115016,11.822683706070288,64864.66773162939,0.21412316293929712,0.536741214057508,0.42403492,13,1,-0.3386748449488818,0.7329729241214057,-0.4741550844121406,0.3332975350691693,-1.2052238528115016,0.46010649566453676,-0.36943811801916937,0.40591229405750795,-0.1479268212640575,0.14284306075383385,-0.810150221884984,-0.4007149286421725,-0.2802877558833866,0.7313887005271565,-0.7408247820127796,-0.11304695038769969,-0.055704504441246014,0.5492865490255591,-0.7279972691214057,-0.26525350484664534,-0.5740888122603833,-0.37284873997284346,0.7390612753514377,1.1175437042332268,0.11807581797785942,-0.4369700644408946,0.36584731898530354,-1.3538260196485623,0.9656308476677316,0.520555567683706,0.00043589637360383403,0.038408841549105434,0.32959752118530355,-0.4749692019648562,0.13372366027539936,-0.7341646876837061,-0.4889940747523962,0.832637268697444,-0.3313344635814697,-1.1304736904632589,-0.38314009532428117,0.2323622066123003,0.19008937241214058,-0.19006135082971246,0.2973564473774761,0.17252152190223644,-0.28412600673833865,-0.6671899744408946,0.3051083091054313,-0.6490266296805112,0.9999999900982872
890,29.96153846153846,5.365384615384615,280927.1153846154,-0.017613461538461536,0.6153846153846154,0.24642682,0,4,-0.5162576371153846,0.8707004373076923,-0.4166696948076923,0.34112080444230775,-1.0052399367307692,0.38277152661538466,-0.22246836160096156,0.4971002190384616,-0.19537373673076924,0.09914545823846153,-0.6802642417307693,-0.3761163569230769,-0.3173440860192308,0.9083185548076924,-0.7368010225,-0.21806645228846153,0.09149988687307692,0.6439441569230768,-0.6228645757692307,-0.2299386368076923,-0.6156586271153847,-0.5083048232692308,0.8449678103846154,1.1895537455769232,0.09185433817692308,-0.5656683363461539,0.35429965182692313,-1.3096478615384617,0.9143063576923076,0.6736829953846153,0.11978805360634616,-0.1541721438653846,0.31457331749230766,-0.39293204153846156,0.015148111615384615,-0.860135044423077,-0.6067699019230769,0.8599131638461539,-0.31270018173076924,-1.1515194192307692,-0.46153916076923074,0.33696830365384617,0.19658687948076922,-0.24716432692307694,0.3526365769230769,0.2691221030192308,-0.4789994426923077,-0.8021321517307692,0.4306472635576923,-0.5730464325,0.9999997744951972
892,63.342135922330094,12.34990291262136,280687.8963106796,0.2754507572815534,0.5972815533980582,0.42453575,14,1,-0.3588166223669903,0.776139725847767,-0.47224317402823296,0.3097747527485437,-1.1480527433052428,0.4462474002986408,-0.3528324788979052,0.4318389625475728,-0.15558613726758058,0.1591099015869996,-0.8017012558664077,-0.3713431166053204,-0.276769353160699,0.7334442444683495,-0.7447940756854369,-0.15862884302040775,-0.05648318924924271,0.5646547630563107,-0.6673768640981359,-0.2551607565085825,-0.5912965928302912,-0.3894845123923495,0.7686116892636894,1.163499997654369,0.10290811854151845,-0.44559862010485435,0.35233877342636893,-1.336544057592233,0.9332965034407767,0.5760875260116505,-0.006152797051064077,-0.016778604875297358,0.3105824659716893,-0.4498075118018252,0.10545318416293205,-0.7592484757386408,-0.5241452336530097,0.8282729333286213,-0.316388112228,-1.1668133400621359,-0.39695205601747574,0.27104723378374757,0.19379617545384467,-0.21102253089825243,0.3033136684496311,0.18195906275219417,-0.30934608315005824,-0.6529119266947573,0.3383068224267961,-0.658309562326602,0.9999998485910165
893,56.612099644128115,12.11032028469751,1154685.921708185,0.1362580071174377,0.7402135231316725,0.4522918,0,1,-0.32834172864768685,0.7725072083985765,-0.543257482455516,0.31874263544483983,-1.2207969104270464,0.4886027749181495,-0.4029319215516014,0.43946892590747333,-0.21282126431459075,0.16950859859074732,-0.8600628746975089,-0.345941627252669,-0.2607307366619217,0.7459380230604982,-0.779300083024911,-0.0924494341346975,-0.02206704777014235,0.5570157393950177,-0.7377200444839858,-0.2757828369537367,-0.5716403653024912,-0.33238458995373665,0.7633792586120995,1.1433209037010676,0.09711253639822065,-0.4117183347686833,0.40232447918149467,-1.3466314298932385,0.9688086133807828,0.5665028199288256,-0.025709936180391458,0.009230645542758008,0.33728221302491107,-0.4944882980427046,0.1709166233405694,-0.7281870781138791,-0.48530352274021354,0.8020543674021353,-0.36836672524911035,-1.1898179683274022,-0.3834062976690391,0.20116736116014233,0.18250855148754447,-0.1836714600149466,0.2914178759074733,0.22345226137900354,-0.2774993720782918,-0.6338750322775801,0.29982149492526694,-0.683062724911032,0.9999997332629899
894,53.26347305389221,10.77245508982036,51600.95209580838,0.2135865269461078,0.4820359281437126,0.43134043,11,1,-0.32982200505988024,0.7466804884131737,-0.4806984090299401,0.32020764041916167,-1.183684122005988,0.448410917997006,-0.3802804989520958,0.4109594012275449,-0.15167569594383234,0.14241503821526946,-0.8126524484431138,-0.3860287643712575,-0.27821643682634734,0.7219248943113772,-0.7325514140419161,-0.11549026284071856,-0.058192297418383235,0.5523349801796407,-0.714607544011976,-0.266126958005988,-0.5812340775449102,-0.38032572751497007,0.7518175203592814,1.1292362615568863,0.10506746319389222,-0.4455990958802395,0.370884449005988,-1.3379233488023952,0.9614137782934131,0.5280352744610779,0.004584000308126646,0.020794873043832336,0.32673350711317367,-0.4574264812275449,0.13594305302005988,-0.7404024600479042,-0.4997312910538922,0.8348547913772456,-0.3455642149550898,-1.1479514240419162,-0.38861488058383237,0.24422928164371258,0.18960140202634732,-0.19810796589760477,0.30168541188622755,0.18518892551197605,-0.2728084961197605,-0.6570927756886228,0.3165115311077844,-0.6548102285928143,0.9999999618211158
896,40.89054726368159,8.36318407960199,62884.611940298506,0.10126716417910449,0.5671641791044776,0.4299853,14,1,-0.350437920199005,0.7471167939800994,-0.4909508004975125,0.3315092513980099,-1.215554385721393,0.4560932451542289,-0.36775710523034827,0.42415358288557214,-0.1563084153681592,0.14872651833830847,-0.8047207954228855,-0.3957590375820895,-0.2876042091741294,0.733062385522388,-0.7341736588557214,-0.09376584993930348,-0.024440023684517413,0.5671832048756219,-0.741256666119403,-0.25480039576616914,-0.5839601582288557,-0.3742835272985075,0.7532984719402985,1.120755852437811,0.10529141112238806,-0.45493219452736317,0.3857853878507463,-1.3244757517412937,0.9773671619900498,0.523976888756219,0.0011032707917910448,0.015237648985572139,0.3410971275621891,-0.48436459621890543,0.11981400381343284,-0.731384351442786,-0.4810924544278607,0.8339581593283583,-0.3547761604726368,-1.131714547761194,-0.3884892172139303,0.22944317691044774,0.17356008986567162,-0.19151500244776118,0.30344915798507466,0.20143022582089554,-0.29638002263681595,-0.663308330199005,0.31896647376616916,-0.6361309516915423,0.9999999931193468
9,24.05990783410138,4.893241167434716,203400.4592933948,0.1352152841781874,0.6751152073732719,0.4667081,4,1,-0.4087953701459293,0.8421038446006145,-0.48118097602227344,0.2825493910137481,-1.0930860064669738,0.41619178731674344,-0.31547460661198157,0.4567896274316436,-0.14160230708655913,0.16861478698079876,-0.7765146278924732,-0.3361889835115207,-0.31665728334485405,0.7479195559416283,-0.7483334581797235,-0.17528188459001537,-0.008602012821582182,0.6122446412211981,-0.6260519913533026,-0.23520512494265747,-0.6038004520860215,-0.40062678743778807,0.8359182913003073,1.196057560092166,0.0684942426765361,-0.4679365048834869,0.37812224420990787,-1.320085225591398,0.9074774664592934,0.6224159398172043,-0.009886559296493087,-0.05689541543960062,0.328330582990937,-0.4297906439608295,0.060592418958970815,-0.7864865578970814,-0.5536399362803379,0.7974163434768049,-0.33262628139285716,-1.165625243840246,-0.3951810522695853,0.3095062198652074,0.1843524587359447,-0.23792837242104453,0.3197740407895545,0.2259980005060215,-0.37284492332565283,-0.6501172249134409,0.35564819221735794,-0.6632468063824885,0.9999997828720176
92,52.01834189288335,9.297138664710198,113549.15627292737,0.11340425531914892,0.5803374908290535,0.42599842,14,1,-0.3174065931056493,0.7021608553411592,-0.41833218545928097,0.3810632671276596,-1.1799507434192955,0.47956664106118857,-0.3272200539008804,0.404037355705796,-0.09650637497014673,0.18275451678884005,-0.7667872663096111,-0.4703377458789435,-0.25484582340645634,0.7128634081511372,-0.7140049917168012,-0.1925839673970213,-0.11595968508727073,0.5505650634922964,-0.682377336563463,-0.24950182946294938,-0.6092269322142333,-0.40410761407336754,0.6994333997256053,1.1193714341452676,0.17900657531628758,-0.44229106796038153,0.27970299117923697,-1.3498640708510639,0.9134363026045488,0.550170283352898,0.0005561881906955246,0.0014232014191988256,0.2918386878414307,-0.4606140652543654,0.05852978088840793,-0.7604071168525313,-0.5222313556076302,0.864095429669846,-0.2285235889778503,-1.1522754316727808,-0.4479635713497432,0.27618124302641234,0.19782699707146004,-0.1857446477172414,0.30108569203521646,0.06775187201087307,-0.3136162821687454,-0.7020554055759354,0.328063172377843,-0.6286288686258253,0.9999999507210756
929,118.78399882127597,23.271106527184322,163678.15603359364,0.3596312951230293,0.5899513776337115,0.37689295,1,1,-0.3176791004616178,0.7270558095933402,-0.46672872320851627,0.3321466677969648,-1.19412722390305,0.4674799049697952,-0.39269549711636953,0.38895480106320907,-0.1478415491026875,0.1300401935308472,-0.820488470022101,-0.40828769406453513,-0.2630867927035509,0.7230250908457345,-0.713936245376455,-0.10787046995728009,-0.0850111863657003,0.5280114461426256,-0.7246669035523795,-0.26902306475128923,-0.5791497352438485,-0.3738153883435686,0.7235849988448504,1.1152464868336527,0.12507670537740093,-0.4362302468881686,0.3671970363884043,-1.3553643605436865,0.9685492475364668,0.5007352762074554,-0.00424679325925214,0.04546132999180345,0.3326876716723,-0.4598125039462502,0.13501703041205834,-0.7244778532363342,-0.4908312049359069,0.8353236910313835,-0.33163631691377043,-1.146194990061883,-0.38460937834153525,0.24190325039589508,0.18419207747325772,-0.20532238462190658,0.2883690639304553,0.14699482699741565,-0.2462508778927361,-0.6566769315067039,0.3125210250540739,-0.6599386222189481,0.9999999987682608
931,42.71404728789986,8.580528511821974,71159.25146036161,0.1334121557719054,0.545201668984701,0.45293105,1,1,-0.36517278349346316,0.7853649358247566,-0.47140515580484005,0.32117802074464535,-1.1635198146954104,0.44916420111321276,-0.34892047133165677,0.439536188216968,-0.13871988016497913,0.1677988731994882,-0.7948448034956884,-0.38109881623874825,-0.28869088041696805,0.7399627994047288,-0.7489397891682893,-0.15405230505571432,-0.026548671365873435,0.5963084619054242,-0.6987214582242003,-0.2610700692998331,-0.5947993045513214,-0.40260419720856744,0.7767209451026426,1.1497521822586927,0.10859509433402503,-0.46082833549930463,0.37511846431410295,-1.3440144203143256,0.9341176144673158,0.5754627382475661,0.016881987053016134,-0.012358322609827678,0.32591126911739915,-0.4610510917184979,0.10673380082725452,-0.7660914527872044,-0.514951618910153,0.8481955445549374,-0.3214749985980668,-1.1580315009588318,-0.40998976347538246,0.27120864578361614,0.20677648870873433,-0.21037445571121,0.31458037912267034,0.19366664083976357,-0.33707093323616133,-0.6682410370172462,0.3153037872961057,-0.6579251771858137,0.9999999859902591
932,68.88718929254303,12.990439770554493,385047.2657743786,0.33936156787762906,0.7151051625239006,0.39920962,14,1,-0.3248443415296367,0.7236873011472275,-0.46342098771892926,0.301780835902218,-1.1842769570936902,0.4741365143212237,-0.38815389524856597,0.4084902265583174,-0.1635456439793499,0.1354354665003824,-0.8201896136137667,-0.3835620045793499,-0.2573737421606119,0.7386538967304015,-0.731917781625239,-0.12031456060554493,-0.06505098907602294,0.5286233986233269,-0.7058259875334608,-0.27059679433460804,-0.5698794645315487,-0.38364147343212235,0.7084830573804971,1.1017221633843213,0.12494540944684512,-0.4319812753919694,0.3605274450554493,-1.3464423057361377,0.9417640028107074,0.519976432581262,-0.0030816155755449327,0.00025719671541109013,0.3102527566615679,-0.4495371086998088,0.15214575015984702,-0.7187122863479923,-0.48738547416826,0.8569509858508605,-0.32168330943881457,-1.146776361797323,-0.3810979586042065,0.2509864187342256,0.2048982107877629,-0.2212316361715105,0.302180751791587,0.16278737489177822,-0.2670410844091778,-0.6445693283173997,0.3176543112619503,-0.6406163862332697,0.999999821028015
933,35.93337334933974,7.1984793917567025,577695.3885554222,0.13843229291716685,0.5538215286114446,0.44977713,14,1,-0.38291212491040416,0.7945219033573429,-0.472963449215086,0.30970027597791117,-1.1471794332244898,0.45276628030012,-0.3390093967027411,0.4390770269493798,-0.13948745023655687,0.16014964674564425,-0.7834243005610244,-0.3672442129013005,-0.29279213955422173,0.7361103068121249,-0.7413341690446178,-0.1575139031694996,-0.030909052493547615,0.5804418893377351,-0.6753182646308523,-0.2535820534517207,-0.5890213934559824,-0.39893089208689475,0.7770003215932373,1.1602024413585434,0.11313825724479992,-0.46371547768707483,0.38129295755330134,-1.345924316594638,0.9375214277370948,0.5678065627036815,-0.0006719266403965586,-0.006088467443615046,0.32973649715284115,-0.4524054596164466,0.09320829779009604,-0.7613241352294917,-0.5128287470514206,0.8327769902310124,-0.3283847533885894,-1.1591504721358543,-0.3964040798914366,0.27977840543363347,0.1980756234136755,-0.22190330023236096,0.311265830572569,0.18995167078337874,-0.34146215414461784,-0.6638746843086835,0.32089314569495797,-0.6565924413865546,0.9999997430432338
935,47.758865248226954,8.794326241134751,34488.397163120564,0.27919645390070924,0.524822695035461,0.40364242,13,1,-0.3389880089361702,0.7448460578723405,-0.4238943008368794,0.3781488016404255,-1.161278895744681,0.4583314865113476,-0.3181471235106383,0.404033235035461,-0.09273881130496454,0.18919930201702126,-0.7558494282269504,-0.44116425134893616,-0.27369035028368793,0.7078499136879433,-0.7279395209929077,-0.19778290183687944,-0.09044122093617021,0.5672247373758865,-0.6551364219148936,-0.25417114343262415,-0.5914241972340426,-0.3941162141134752,0.7035438788439716,1.1347240110992907,0.16877283143049646,-0.451482088893617,0.2851564090680851,-1.3502546421276596,0.8870371937588653,0.5711457841843971,-0.014699537344375886,0.011181372241843972,0.317251058487234,-0.4558121697872341,0.03295570384397163,-0.7798760012765957,-0.5312752677304965,0.8378812960609929,-0.22666156644680852,-1.1360910853191488,-0.4383232294822695,0.2857252694680851,0.20055941375957445,-0.18980083446808513,0.30563128174468085,0.0791982160212766,-0.3462874098510638,-0.7088168045815603,0.31503105510638296,-0.6304229991489362,0.9999997999119705
938,53.9935691318328,10.578778135048232,34945.501607717044,0.11359967845659165,0.4340836012861736,0.41652113,13,1,-0.3566149264501608,0.7463611885209004,-0.46511417533954985,0.32308085262797426,-1.1674229555273312,0.4663656020996785,-0.356920886170418,0.41715817652733117,-0.13937219412250804,0.1509489212733119,-0.7909184920900322,-0.38986995789067524,-0.29685531913183283,0.7390892399678457,-0.7188579288745981,-0.12464827262488747,-0.05927580893948553,0.5670038067202573,-0.7060290213826366,-0.2448604690932476,-0.5917361819935691,-0.3917178017041801,0.7549157178456591,1.1340543445980709,0.11794450251028939,-0.46309397205787783,0.3783005213118971,-1.3418508099678457,0.9635174941800644,0.5253747774276527,0.00037843716286173654,0.0018177237364308686,0.33547787842122184,-0.4521492690257235,0.10711385189279743,-0.7551296537942122,-0.5064301110096463,0.8332644605614148,-0.33592013427974277,-1.1528090173954983,-0.41378371659163987,0.2682597636077171,0.18388077375562703,-0.204657132340836,0.31108002214147906,0.18194395579742767,-0.2972195198553055,-0.6661075788424436,0.3297765049581994,-0.646990319903537,0.9999996812670034
939,129.41899441340783,21.692737430167597,66064.43575418994,0.36829106145251395,0.7877094972067039,0.3452837,13,0,-0.2857096330167598,0.6497144537430167,-0.3763781749441341,0.4046100039106145,-1.1695930216201118,0.4795514399441341,-0.2948761291821229,0.3655978877430167,-0.0391952461905028,0.21105096951731844,-0.7228043308938548,-0.5180897310502793,-0.23629734832402233,0.7087645289385475,-0.6685710179888268,-0.2432406806536313,-0.16206621031955307,0.5156255840223464,-0.6758125948603352,-0.2536811463575419,-0.6170444586592179,-0.42173654645251396,0.6113623974301676,1.0805605111731844,0.23788678095810056,-0.41685208011173186,0.20942376694636872,-1.3510194402234637,0.8740413627374302,0.495631830726257,-0.024522621080782122,0.016797915517318435,0.24464874409553072,-0.4531022372067039,0.007655657168156425,-0.7692382249162011,-0.5139644082905028,0.871648129329609,-0.12820646502234637,-1.1274293701675977,-0.4495860362346369,0.28018571511731843,0.20787873922346367,-0.1669606454603352,0.3187369373743017,-0.048078605372625705,-0.328024272698324,-0.7316190804469274,0.32111019662011175,-0.5881385475418994,0.9999992708977149
940,21.285714285714285,4.571428571428571,111910.0,-0.00950952380952381,0.7619047619047619,0.5556374,14,1,-0.3627060242857143,0.8188389114285715,-0.5374193671428571,0.27072608333333337,-1.1393364942857143,0.4460600238095238,-0.36648707,0.49826975809523805,-0.23762425919047617,0.16266233352380952,-0.8487590804761905,-0.3296140285714286,-0.2734354571428571,0.7617515109523809,-0.795464131904762,-0.12639091457142856,-0.015023119742857142,0.6094751504761904,-0.679927360952381,-0.2499724495238095,-0.602219861904762,-0.3697442319047619,0.8542146942857143,1.1931987047619048,0.035363410428571426,-0.420551759047619,0.35106770857142855,-1.3413734523809524,0.9444366285714286,0.6424135885714286,-0.012245656238095239,-0.034082640223809524,0.3155837064761905,-0.4711859742857143,0.14501960838095238,-0.7726829661904763,-0.5406036904761905,0.7898390509523809,-0.33789366761904766,-1.2241446666666667,-0.39615167999999995,0.2508106976190476,0.19845504238095238,-0.19874680523809524,0.25141032380952383,0.3016029885714286,-0.30188141761904763,-0.6295582771428572,0.37011634952380956,-0.69971809,0.9999998290694238
942,25.951612903225808,5.139784946236559,84669.21505376344,0.10738225806451612,0.6881720430107527,0.43615463,14,1,-0.4302836525591398,0.828322269032258,-0.4431760511344086,0.30154047483870966,-1.132251999623656,0.39398325362903225,-0.3223671755591398,0.49273745408602154,-0.12033876875333333,0.1523722542795699,-0.7023267375268817,-0.31271870634946236,-0.29954821672043014,0.7109209537634408,-0.7439514002688172,-0.10984091376881722,0.050635472238172045,0.5665026265053763,-0.6342082413978495,-0.2108838833548387,-0.5355245425268816,-0.3842987535483871,0.7755566673655914,1.1058027379032258,0.09849325592688173,-0.48829211516129034,0.3437565071290323,-1.2706255365591397,0.8804902347311827,0.6087453360215054,-0.023305714499999998,-0.008499977690860217,0.30000399784946236,-0.44235949104301076,0.07877501583064517,-0.7355837215134408,-0.4865870223655914,0.7761717315053763,-0.2540498632956989,-1.0681502665591398,-0.35576015720430104,0.2528951707258064,0.15856109427419354,-0.17208513126881722,0.3070831847311828,0.2874538919623656,-0.3554325556344086,-0.6780613047849462,0.35553830605537634,-0.60761488,0.9999998911601107
943,6.0,1.0,37722.0,0.0,0.3333333333333333,0.06666667,0,4,-0.6089549033333334,0.9562465666666666,-0.3549439266666667,0.10277051433333334,-0.837069,0.28117682666666666,0.024494626000000002,0.5498529466666667,-0.08806849666666666,0.35478922333333335,-0.5565678066666667,-0.35966729,-0.4492513066666666,0.8202756266666666,-0.7447241533333333,-0.34885265,-0.025100850000000008,0.8123835866666665,-0.49791980999999996,-0.148008594,-0.6017458666666667,-0.7219922033333334,0.95287451,1.3022096666666667,0.11973641933333334,-0.6349287233333333,0.245091798,-1.3799232666666665,1.0087326,0.5914524833333333,0.09268084966666668,-0.22437564333333335,0.23959381999999999,-0.42801287000000005,-0.15311915880000002,-1.0028079,-0.6981392833333334,1.0444754333333333,-0.14983385666666668,-1.1601102666666667,-0.44891986333333334,0.47093501000000004,0.23244169333333334,-0.30433807,0.2440644306666667,0.26459554,-0.6581109333333334,-0.7485863933333333,0.4317929633333333,-0.5663077733333334,0.9999998069288226
944,81.35526315789474,16.05263157894737,56472.44736842105,0.30899342105263156,0.4868421052631579,0.4187041,11,1,-0.2850602465263158,0.7070817755263158,-0.474328950131579,0.3595953297368421,-1.2150434915789474,0.46927220763157895,-0.3687264000526316,0.3848024477631579,-0.12558588490131578,0.1892966170131579,-0.8113793360526316,-0.438975735131579,-0.2540820234210526,0.7013229621052632,-0.7233201436842105,-0.14601708069736843,-0.10506980424078947,0.540662472631579,-0.7322756978947368,-0.2729713313157895,-0.6007539886842105,-0.3713804923684211,0.7139640855263159,1.1247277013157895,0.15532867981578946,-0.42534339118421055,0.32571788078947367,-1.3542597592105263,0.9492602484210526,0.5031171489473685,-0.014727717879342106,0.04775615714210526,0.31105353542105263,-0.4845679777631579,0.09772739504473685,-0.7397337369736842,-0.4944095256578947,0.8430842618421052,-0.2896865382631579,-1.147153882368421,-0.40094214618421053,0.22206302788157894,0.19342806817105263,-0.17910158836842105,0.2920974197368421,0.09301660914473685,-0.28247831039473686,-0.6661162805263158,0.3180924752631579,-0.6604990253947368,0.9999997618977132
945,32.8974358974359,6.056980056980057,222486.76638176639,0.022194301994301995,0.603988603988604,0.39343092,12,1,-0.3832810471794872,0.7609047627350427,-0.4663378693561253,0.3336774776068376,-1.2290249845299146,0.4694980827065527,-0.36463349547008544,0.4455584341880342,-0.1931199894102564,0.13107949267236468,-0.7897528923076922,-0.39141811263247867,-0.26559030822792024,0.7450540462962963,-0.7192370188034188,-0.09464799564703705,-0.017107652593888887,0.5464836219088319,-0.6972525147293447,-0.231860320419943,-0.5870461412250713,-0.4064481987464387,0.760590176894587,1.131586499145299,0.12909196741752704,-0.4715415487948718,0.3913512678632478,-1.2978521136752137,0.9504038960968662,0.5027209487464388,-0.004624303193475783,-0.02552272224672365,0.3424644673105413,-0.4732631128860399,0.08028909226210826,-0.7330907866666666,-0.5220020797435898,0.874368067122507,-0.34757101663954415,-1.1272956901139601,-0.3971517997435898,0.2543685744635328,0.17508335734387465,-0.20900435170085468,0.3126584026495726,0.20139186125641023,-0.31387050937321936,-0.6674361233048434,0.3536871222222222,-0.6418601556695156,0.9999998019001445
946,50.33312645461598,9.057098525989138,2298895.5700543057,0.2743348487199379,0.7446082234290148,0.40219113,14,1,-0.3549390995692785,0.7543048541641583,-0.4236223042364624,0.3665216702071373,-1.1708686488580295,0.4514517573300233,-0.3522440116755904,0.41046321318076023,-0.10107746684759349,0.1398054473474104,-0.7673837529123352,-0.43194098019993793,-0.2728755932547712,0.7406581559604345,-0.7026351464359969,-0.1785036552297373,-0.06328607835418215,0.5568114126733903,-0.6925766298991466,-0.25674465204667185,-0.608332230672149,-0.42521588084432893,0.7229010388750969,1.1353836813607447,0.13755318760931187,-0.45958399218774243,0.3493393455893561,-1.3273852716369277,0.9160730660139642,0.5471933726454615,0.016703987177554152,-0.005842666549197517,0.3059852070761986,-0.443014458231187,0.08090224353982158,-0.7626612082553919,-0.5194653289104733,0.8559653242318077,-0.28526732051188053,-1.1584166075280682,-0.4200985255325058,0.29504014445740884,0.20413738133267184,-0.20699121425500697,0.3342032353309542,0.12377586201740419,-0.3074409756406517,-0.701217983191156,0.3209348954644841,-0.6244798569357641,0.9999997124803947
947,45.766435986159166,8.875432525951558,36739.64359861592,0.15219826989619378,0.486159169550173,0.4294116,11,1,-0.3381185910956747,0.756476489567474,-0.4762635819688581,0.32661781922785466,-1.150600880565744,0.4547430998269896,-0.34270138129620414,0.4235245078252595,-0.1322302208513789,0.16155062574394463,-0.7829375350865052,-0.3979701163961938,-0.2917706800432526,0.7392651939100345,-0.7359811645674741,-0.15123166328892731,-0.05505914436737024,0.5730713957785467,-0.6917255960963667,-0.2446918591385294,-0.5957187494948096,-0.37763701683910034,0.7506403258650519,1.1433306457612458,0.11044399955761246,-0.44976188494809693,0.34170552859740483,-1.3391510958477508,0.9498406401038062,0.5697958599204153,-0.012268732506262975,-0.012461227256031143,0.3020619197742215,-0.44576528151038064,0.1078364778817301,-0.761033564982699,-0.5086043648442907,0.8136105828626298,-0.3113826329065744,-1.1654715539446368,-0.4037079073737024,0.26639578707093425,0.17985063948719723,-0.2051527377249135,0.3098330112724913,0.17074177598719725,-0.3066927313875432,-0.669342875051903,0.3346643868581315,-0.631147277766436,0.9999998781016073
948,22.747826086956522,4.321739130434783,33121.026086956525,0.1313391304347826,0.7739130434782608,0.5171699,4,1,-0.43214380226086957,0.8541312879999999,-0.5045505224347826,0.3078104823217391,-1.1501269499130435,0.4060225615652174,-0.34188223681739127,0.5028040765217391,-0.24513924234695653,0.14032418944260872,-0.8052753793913043,-0.3425351300869566,-0.26990995747826085,0.7457442563478262,-0.759268105652174,-0.15888389667826086,0.01288215256173913,0.6041392947826086,-0.591368646173913,-0.2269224744347826,-0.634601748347826,-0.45963394034782606,0.9145179222608695,1.2359773446956521,0.034612627350434785,-0.46926803095652175,0.36353228857391306,-1.2580573695652175,0.8893104478260869,0.6562078326956522,0.03184072752956522,-0.07164143841391304,0.3346956222973913,-0.44732228373913047,0.07331152168173913,-0.7747939408695652,-0.6455945510434783,0.8217457246086957,-0.35960047837391307,-1.1994798713043477,-0.40916668147826085,0.2832964462434783,0.19355796817391305,-0.19621926813043478,0.27436932321739127,0.29543357715652174,-0.33654772299130437,-0.6751005661739131,0.42458843399999996,-0.7070916270434782,0.9999999937764419
950,44.45953002610966,8.148825065274151,101689.4412532637,0.4300780678851175,0.8485639686684073,0.36304802,14,1,-0.3201539145953003,0.7868540651436031,-0.5357911733681462,0.2928697268146214,-1.1779314709138382,0.4562552972845953,-0.39722166919060053,0.421340711305483,-0.1740288007911227,0.14762593897127937,-0.82138106537859,-0.37537267229765015,-0.26892224490861616,0.7237597544908616,-0.7399151678067886,-0.13147755563994779,-0.016591883244386426,0.5574042156396867,-0.723418382532637,-0.27445540232375976,-0.5979195133681462,-0.3731705189295039,0.7649064952741514,1.1362802256657962,0.10158624533420364,-0.4221862052219321,0.4035645762924282,-1.3435300514360313,0.9469232443342037,0.5393808177023499,-0.018366883139947783,0.02010821623394256,0.3232167357441253,-0.45770042101827674,0.1583944198224543,-0.7213076725065275,-0.5000486340469974,0.8350569252219321,-0.35448351618798957,-1.1600097485639687,-0.3697372771801567,0.2252912638563969,0.18524266163446476,-0.21635721893994778,0.2878976891383812,0.17645772620887729,-0.2796564530287206,-0.62429249845953,0.285476069921671,-0.7011594038903395,0.9999999440134939
951,47.170731707317074,8.926829268292684,168736.65040650408,0.21638861788617886,0.6910569105691057,0.48892757,12,1,-0.3709170307317073,0.7862065223577236,-0.4727437112682927,0.3336306749837399,-1.1553174905691057,0.46584213817073167,-0.3525084306178862,0.4438234677235772,-0.1448480188617886,0.13524643112601625,-0.7976395639024391,-0.3956067961788618,-0.288525141707317,0.7556344211382113,-0.7489502035772357,-0.1484759351065041,-0.04219833279463415,0.5771029741463415,-0.7029331328455284,-0.2519369811138211,-0.5983950796747968,-0.37873791959349595,0.7611208995934959,1.1547874646341465,0.11258957470813008,-0.4486659212195122,0.37224814813008134,-1.3570421539837398,0.9523012847154471,0.5827009442276423,-0.006859247015447155,-0.014320751423577235,0.32433486462601624,-0.45594932276422767,0.10290945572560976,-0.7592531893495935,-0.5021586216260163,0.8381291176422764,-0.319901713699187,-1.1636702377235772,-0.4143367446341463,0.2797302809105691,0.18707968769430894,-0.22270638578048782,0.31387641414634143,0.1883915416211382,-0.3261016294308943,-0.6759965885365854,0.3165192865284553,-0.6519392485365854,0.9999998774104731
952,25.721698113207548,4.90566037735849,302882.36320754717,0.13267735849056606,0.6792452830188679,0.38957447,0,1,-0.3921218327830189,0.8276783111320755,-0.4707168842216981,0.3430331745943396,-1.091883833962264,0.4535835139528302,-0.28642065905990566,0.4835504437735849,-0.1404741676820755,0.19578527182075472,-0.7512912244339623,-0.39719084579245284,-0.3019959207783019,0.7557747306132075,-0.7678393255660376,-0.2300832782754717,-0.02385010313726415,0.6157100633490565,-0.6445264055660377,-0.24346353805660378,-0.6041661912830188,-0.41764503683679244,0.7743828016509434,1.1916870802830188,0.11765204848018869,-0.45761258636792457,0.3131792953490566,-1.3427764224056604,0.8941181219339622,0.6636892799056604,0.0006580133133962261,-0.07080616418962264,0.3035771507,-0.44649243301886793,0.04768848250853774,-0.8151414622169811,-0.5438668271698114,0.8500687263915094,-0.2537317673768868,-1.1918673453773585,-0.4611449542688679,0.3077919222688679,0.1978499483188679,-0.21072502203113208,0.33110018722169815,0.18482358306603772,-0.39728493127358494,-0.719399555990566,0.3342941740235849,-0.6212899676650944,0.9999997595304952
960,38.87179487179487,8.256410256410257,55358.02564102564,0.33994615384615384,0.5641025641025641,0.47894347,14,1,-0.3435849353846154,0.7932412487179488,-0.5178064746153846,0.30103646505128207,-1.1913588300000002,0.4355977723076923,-0.3827601361025641,0.449644757948718,-0.17056385533333332,0.16045895861538462,-0.8422569302564102,-0.34742592615384615,-0.28172251564102563,0.7020276033333334,-0.7720469771794871,-0.13557587451282052,-0.011374746222051282,0.606615945897436,-0.7260531825641026,-0.3028810566666667,-0.5766355094871795,-0.36519914333333336,0.7745046892307693,1.1654034666666666,0.08251517625641026,-0.4542931923076923,0.3816479451282051,-1.3481513974358974,0.9335798761538462,0.5899653935897435,0.018208287622051282,0.023635583282051283,0.3552873869230769,-0.49365443307692314,0.13419851707692307,-0.7514856633333333,-0.4883685523076923,0.8430632548717949,-0.36766126153846157,-1.1521356266666667,-0.35351833487179485,0.233162994025641,0.22724468155641026,-0.21583783228205128,0.2840915661538461,0.2201441854102564,-0.3323722976923077,-0.6438752751282052,0.2974178604102564,-0.6537275082051283,0.999999997566058
961,28.490412076703386,5.787025703794369,464135.8049775602,0.09754475724194206,0.5222358221134231,0.45064414,11,1,-0.39151063673831094,0.7804660530722154,-0.4661836189375765,0.31778917494361486,-1.1253870481354549,0.4330378655425541,-0.3380678744767034,0.4387977439139127,-0.14820321728383926,0.1408014569791024,-0.7615050965687474,-0.3717333035267238,-0.29677145255650755,0.7319370992117503,-0.7221842328641371,-0.15311730288044878,-0.04243611503331701,0.5710564927662178,-0.6648825692835577,-0.23532717556478988,-0.6080516050693594,-0.4042195242971032,0.783957035618115,1.1593132778416972,0.10201624871051816,-0.48180118710730313,0.36614856263900447,-1.3098989197796818,0.9367784111872705,0.570238642502652,0.006966489577086902,-0.02484521499125745,0.31222712420766624,-0.4312891782799266,0.09419885861149571,-0.772754169887393,-0.5241722433961649,0.824186036416483,-0.3228323629700938,-1.1403143440554877,-0.414803947376581,0.27955943271762546,0.17201684247006122,-0.19658542345318442,0.3019754004357527,0.20922408271521825,-0.311161430403264,-0.6671167870412077,0.34878409070223176,-0.6475734044047328,0.9999997425409775
962,11.201754385964913,2.081140350877193,44803.11403508772,0.010673026315789473,0.36403508771929827,0.25372022,0,0,-0.477749955497807,0.8754289919078947,-0.4107648314671053,0.33106514654758773,-1.0067316984868422,0.43791224004385965,-0.18529294711798244,0.5083082387412281,-0.10668524048742545,0.20570670513070174,-0.6716299322368421,-0.3912247280469298,-0.38649611452850874,0.7883311039035088,-0.7560936092763157,-0.2664316006857456,0.005599095413438596,0.6749471150438596,-0.5771105843289474,-0.18973974355855264,-0.6091803562938596,-0.4821099759122807,0.8484486961622807,1.2293442975219298,0.10488425876513158,-0.5255489697149123,0.32025639766688596,-1.3424252243201753,0.869157523486842,0.6973814394517543,0.04297144688739035,-0.1175070421389693,0.3500888959539474,-0.41539055837938593,-0.06765025582074562,-0.8569420546710527,-0.5904974241951755,0.8495160721504386,-0.2549146152894737,-1.1751476084385966,-0.5199867980701754,0.390504648872807,0.1926345152236842,-0.23723046187083335,0.38248577162061403,0.2523330527366228,-0.5153612428179825,-0.7831252224122807,0.4119869821008772,-0.5762041926140351,0.9999998614631898
963,54.09444444444444,10.794444444444444,29431.094444444443,0.24923277777777778,0.6833333333333333,0.43873358,6,1,-0.33414410483333334,0.7501791228888889,-0.46167336305555556,0.33632519083333334,-1.1910317216666666,0.4669471144444444,-0.3865993093333333,0.4077954555,-0.1488938841722222,0.14161032869777776,-0.8207879127222223,-0.39944094966666666,-0.2753657855,0.7323249554444444,-0.7344208094444444,-0.123082944375,-0.06656307591722223,0.5533287858333333,-0.7161698089444444,-0.26695346244444446,-0.5842030255,-0.3834596922222222,0.7390911,1.1288729918333333,0.11695075153777777,-0.44333914588888895,0.3768802902222222,-1.348100543888889,0.9430012766111111,0.5398432382777778,0.0063441300293333325,0.011929156293888887,0.3423555801388889,-0.4636419578888889,0.12121928178888888,-0.7371653427222223,-0.5012527453333333,0.8459143584444444,-0.3310231555,-1.1561743697222222,-0.4105074276666667,0.26043471459444445,0.19498850999999998,-0.20727824917944446,0.3053771162444444,0.1698473304888889,-0.2775953694166667,-0.6635690774999999,0.3126477985555555,-0.6589184152777778,0.9999993959156549
965,64.53156822810591,12.698574338085539,19557.48268839104,0.13615417515274947,0.5213849287169042,0.41163737,11,1,-0.32124197911812624,0.7069427831568228,-0.4521131554317719,0.35770687014989816,-1.2065236818126273,0.4884899569857434,-0.35190308334541753,0.40344394238289205,-0.13203366368940936,0.168751034896945,-0.8036518163951121,-0.44369440230142565,-0.2709091818940937,0.7172436575356415,-0.7402160368431773,-0.15246920291568228,-0.09912661417871692,0.5487867989002037,-0.7064740453564154,-0.2581617960468432,-0.593112903095723,-0.38405613898167,0.7196262340936863,1.1265521386965376,0.1532520973727495,-0.43666060898167003,0.3208741034555927,-1.3672154219959267,0.9486386737678209,0.5347317493075356,-0.0022873419068392053,0.02569652666846232,0.32089175084317717,-0.4801139084521385,0.10032919809395112,-0.7454438696334013,-0.5052137430346232,0.858775946089613,-0.2846658140081466,-1.1463114273523423,-0.41936665763747455,0.24797184672912426,0.19430126039103868,-0.19449204787576377,0.2939008639185336,0.11807141593441955,-0.30114528395112017,-0.6827561725458248,0.3262196867474542,-0.6433565548472504,0.9999966488394669
966,45.98193036579991,8.29792860290877,688306.1820185103,0.16770074922873512,0.74394006170119,0.42777508,13,1,-0.31373453507316,0.682359935405465,-0.44020094804160426,0.3706893668717056,-1.1963855983252534,0.4707610361679154,-0.31928418115482593,0.4064263466632878,-0.10545031291839577,0.19858675768676068,-0.7643408030850595,-0.4792163247613486,-0.27194080391229614,0.7332528254808286,-0.7290939232040546,-0.1975047595413217,-0.09952855255003307,0.5663590054051565,-0.6876351581313354,-0.25132960172322605,-0.625292342203614,-0.4101284306698987,0.704423295068312,1.1147384268752754,0.16869874643786248,-0.44559912016394887,0.25982084980903486,-1.3440523863860732,0.9151404287430587,0.5440743663948876,-0.006965557188118114,-0.021552590059814896,0.2864267008406302,-0.4738870452767739,0.07390351759654208,-0.7857157121727633,-0.5287098123256941,0.8572870732657558,-0.22781920005688852,-1.1523393476773909,-0.43529486270736006,0.2596197257087263,0.18978859935187306,-0.18622353007379902,0.28611640519656234,0.07008954004795064,-0.3398273338545615,-0.7067342288483913,0.33839531384178057,-0.6139881929881005,0.9999997461716461
967,21.97480574523193,4.143866258535437,326354.69562828663,0.0472879758260733,0.38011145122046935,0.29955447,0,1,-0.3798028222095361,0.7998955417162311,-0.4655388100481281,0.23594285609836418,-0.9598845536777334,0.4208851291860136,-0.2596824630884784,0.42884264573120634,-0.09600875044823834,0.17341168391911232,-0.7186886765752296,-0.32065213329476966,-0.38030503272546895,0.7098930137780394,-0.7219685699717447,-0.2348369216794399,-0.10163076939850664,0.5784771829216702,-0.5618465839741622,-0.2063697985172098,-0.5853445741674907,-0.3751860949500431,0.7199668424721765,1.2072600149148418,0.10745513070505454,-0.46234229137124244,0.3068942414773574,-1.334741687406797,0.9121955686158951,0.6499457792260811,-0.06985687718299247,-0.054173108845381984,0.3017179990165913,-0.3718663423894074,-0.0006392077619551451,-0.7760823391458284,-0.5451227969878345,0.7405154485537242,-0.2780744677597716,-1.1656349616046622,-0.42612503666115925,0.33631005205329095,0.16090300398806373,-0.2173739373846877,0.31544909134069576,0.15972785605978998,-0.36370266517044186,-0.6685465608961463,0.3699874437132564,-0.5983518226151008,0.9999997468852234
97,35.719298245614034,7.2631578947368425,11717.859649122807,0.031210526315789473,0.49122807017543857,0.4180263,13,1,-0.360400671122807,0.7629806338070175,-0.5029131266666667,0.33845894087719297,-1.1657108545614034,0.47028888784210526,-0.33264459698245613,0.45844068578947367,-0.17291163766666665,0.16247822426315792,-0.7803734024561403,-0.40569282228070175,-0.31817143789473684,0.729788235614035,-0.7498354664912281,-0.12800351309649122,-0.02893519384210526,0.6222096745614035,-0.7347185145614035,-0.25972453794736844,-0.5878093678947369,-0.4001104701754386,0.7420477873333333,1.1483057308771931,0.1275064678526316,-0.5008074856140351,0.35624175794736845,-1.341997811754386,0.9759297703508772,0.5708048014035088,0.024981074161403508,-0.01349665004385965,0.3639945636842105,-0.4722517666140351,0.10142375364561404,-0.788995258245614,-0.5081248678947369,0.8769438936842106,-0.3471072601754386,-1.1563272915789473,-0.4446610149122807,0.25476727677192984,0.1967479868245614,-0.19651795280701756,0.2957473510526316,0.21779507478947369,-0.34335324035087716,-0.7181087554385965,0.31702419491228073,-0.5986964438596492,0.9999972348232251
974,45.1,8.421052631578947,44672.163157894734,0.1481578947368421,0.4789473684210526,0.44254762,8,1,-0.34198114254210527,0.7499224999473684,-0.4594773885789474,0.33980850013684205,-1.1575090946263158,0.4505775377105263,-0.3397985742789474,0.4319697475789474,-0.12963773030752632,0.15910825573684212,-0.7861256293157894,-0.4287783529157895,-0.27604208742105263,0.7308936661578948,-0.7509168287894736,-0.16303434480526316,-0.060779663049999995,0.5871846408421052,-0.7005062410315789,-0.258222745631579,-0.6049870212105263,-0.4023647669263158,0.7200088321052632,1.1254212154210526,0.13070415460173684,-0.45203158927526316,0.31591060596052634,-1.3414060732105264,0.9354778287368422,0.596345767368421,0.00974424372336842,-0.017543442200526314,0.2947396795036842,-0.45911006970526314,0.0992391073105263,-0.7563817436315788,-0.5094456443684211,0.8676944236315789,-0.2677820178752632,-1.141970762736842,-0.4315748668421053,0.2680679916052632,0.20423551138421053,-0.19768914577052635,0.286510137968421,0.14983921359157895,-0.31748772111578943,-0.6875988685263158,0.3146480070631579,-0.6326896307894737,0.9999999684166582
975,37.13559322033898,7.27683615819209,77834.76836158193,0.08379689265536723,0.5677966101694916,0.41177437,0,1,-0.4185035281242938,0.8048461048305084,-0.4606772280367232,0.32806669067881356,-1.124137830141243,0.44459620355367235,-0.3110085600084746,0.44366973035875706,-0.13895699483785312,0.1440176233838983,-0.7628086429943502,-0.37211729932203386,-0.30247842008474574,0.7630449984745763,-0.7385403416666666,-0.17397645453841806,-0.015540320731398305,0.5878408290677966,-0.6605905601666667,-0.2469671685056497,-0.5933788906327684,-0.42198167070661013,0.7946867523446328,1.1675692970056497,0.10646487682542373,-0.46989672110169495,0.38073883114124296,-1.346188011016949,0.9350911607909604,0.5912308854237288,0.022110847125310733,-0.009742920302259888,0.32806000792090395,-0.44281772494067795,0.08104800844322034,-0.7770925650564972,-0.5361679665932204,0.8200147178943502,-0.3244964204754237,-1.1631234589548023,-0.4102727006355932,0.2922116837881356,0.20338290191242936,-0.20893628148728813,0.31591339656497175,0.19836272386694914,-0.3549564340508474,-0.6978650606497175,0.32259407193220335,-0.6502112832485876,0.9999999571081215
976,77.27460249247959,14.553072625698324,2664221.0085947574,0.24908607649333905,0.6484744305973357,0.374772,8,1,-0.31918231789987106,0.7247954472024065,-0.40534725805844435,0.38860186752428016,-1.1913432241727546,0.47223315324495063,-0.34039472152501077,0.3834172003566824,-0.08359486656727633,0.198156403697731,-0.7853505617060593,-0.46734419313364844,-0.27582926996948864,0.7071019356080791,-0.7391334399742158,-0.2036857948004426,-0.1094022416971156,0.5656417816845725,-0.6724659734035239,-0.2501520892494628,-0.6092648739707778,-0.4073099032531156,0.7099162099871078,1.1447392157627847,0.16502641125842715,-0.4478404823678556,0.31199777465195533,-1.3543752206231199,0.90144686398367,0.5795728380446927,0.010318478944149978,0.003798153926006446,0.3213388269022776,-0.4756861190141813,0.042030267609325316,-0.7610055946454662,-0.5349141976347228,0.8595968009686291,-0.2408981764683283,-1.156950351611517,-0.47074408343446494,0.28317804884056724,0.20260636604413407,-0.1840903373637731,0.31730400569187794,0.06223620397938547,-0.31886683731413834,-0.6888119292479588,0.32923352217404384,-0.6574824258530296,0.9999997179400592
98,70.93055555555556,13.12326388888889,449365.15972222225,0.14740347222222225,0.7013888888888888,0.3982665,11,1,-0.2975118142621528,0.6923740397656251,-0.4356382578732639,0.38528498046440973,-1.1844070443576389,0.48798798791232634,-0.3403318638105903,0.39871357375868055,-0.10715345599961372,0.1826965959221354,-0.7671705836076389,-0.4594721881590278,-0.23584161718229169,0.7050805980208333,-0.7155642706857639,-0.1737546730263021,-0.11033784517543403,0.52961746125,-0.6822598865505208,-0.25546966302048607,-0.5946889773567708,-0.3748386418315972,0.6704530086371528,1.093375621840278,0.18362049160069444,-0.4318040545052083,0.2627491394355035,-1.3505505995486111,0.9120307603038194,0.5404610170746528,-0.019425165583170746,0.01765421736128646,0.2742879069606771,-0.45423332208159717,0.08467094038088542,-0.7506837512152778,-0.49685874894965276,0.8489580917013888,-0.21181167807676216,-1.1313281412760416,-0.4313383039201389,0.2506501327109375,0.18538862599234374,-0.17768608678958334,0.29640756006944446,0.06737347965243055,-0.29710238330208333,-0.6958493285069445,0.32113376764001733,-0.625501403029514,0.999999807879961
983,42.84909974278365,8.70848813946842,1515500.5564446985,0.16713380965990282,0.649042583595313,0.44158822,14,1,-0.3609667048253787,0.777297193521006,-0.4728870892863676,0.3394287275128608,-1.1893809513260931,0.46347817455415835,-0.36579227800222924,0.43173745997427837,-0.15231177080907832,0.14845219256830808,-0.7987724032866533,-0.38770975209994285,-0.2742565369865676,0.7488082257084882,-0.7366464549356959,-0.1318607035691226,-0.033314157526321234,0.563119337179194,-0.7033777635718776,-0.25467370329922834,-0.5876641113118034,-0.39036911010231495,0.7679286737267791,1.1462519012643613,0.10667075022681909,-0.44937535362960845,0.3791194848315233,-1.339133259096885,0.9458937778136611,0.5485613131294655,-0.001580434232002572,0.0044513893401769075,0.32591127352317806,-0.4621449538920263,0.11561839730064304,-0.7514489106030294,-0.5044652115415833,0.827542840637325,-0.33226959798190914,-1.1698310588682481,-0.39544888533609607,0.2652090819098028,0.1912254302970277,-0.2093533450098714,0.31527957178308086,0.19438358629317518,-0.3038250679799943,-0.6715040502257787,0.3261597273489569,-0.6519006351214632,0.9999997174976042
984,64.79310344827586,12.413793103448276,98164.8275862069,0.18578275862068966,0.7931034482758621,0.4246177,5,1,-0.2962774793103448,0.7223345458620689,-0.45769430275862066,0.38825015827586207,-1.1875111310344828,0.46464286000000005,-0.38125826034482757,0.39982467862068966,-0.12341221789655173,0.15522645599999998,-0.8015627917241379,-0.4474174327586207,-0.2521170196551724,0.7127351955172414,-0.7276037955172413,-0.13903065934482758,-0.10537462193793104,0.5543804458620689,-0.7181974220689655,-0.26301004379310344,-0.6054520172413793,-0.3801392355172414,0.7156043517241378,1.1144205931034483,0.1326469337586207,-0.43774921931034483,0.3142500017241379,-1.3388153551724138,0.9246681186206896,0.53962283,-0.007022740079310346,0.010868800810344827,0.29021025044827586,-0.43531467103448274,0.1288017563448276,-0.7577082237931034,-0.5061713289655172,0.8605920293103447,-0.2779683979310345,-1.138254896551724,-0.43718852310344825,0.2661868929310345,0.20401501913793105,-0.19035415886206894,0.3188766786206897,0.1284519782413793,-0.2543633796551724,-0.6870518379310345,0.31454280517241384,-0.6510620613793103,0.999999994196968
985,28.943607641440117,6.0213078618662745,1230389.9184423217,0.23132159257898605,0.5802718589272594,0.4054695,11,1,-0.3776641410425101,0.8194966158840925,-0.4949834396133266,0.34420538842508264,-1.166911821472263,0.4587729097759919,-0.3376106387708798,0.45256073962160176,-0.14258437474735508,0.17048249289202735,-0.7814795063905218,-0.3788245771116826,-0.30041086761028657,0.7289759428123163,-0.7540692774412197,-0.15319104480510898,-0.0021207395953686072,0.6028301105386481,-0.6829127437717304,-0.2491897668229427,-0.5877640919804831,-0.3811698443375239,0.7987074197061903,1.1773985111994858,0.09843866258819754,-0.46598715483456093,0.38107575030602503,-1.3395611814943056,0.9264620829514144,0.5916040956148971,-0.00855963091771611,0.003126791156493112,0.347170363833018,-0.4604650344597309,0.08384817745771941,-0.7769214223328436,-0.5165895237133082,0.8165579695139052,-0.33824330231841754,-1.1646946872742467,-0.4024309569469691,0.2752672367815926,0.1924541786275689,-0.21857269161748716,0.3317505996335783,0.20944265092477773,-0.35422738241489715,-0.6813895278941955,0.32733016711054375,-0.6468041648785819,0.9999997138984923
986,53.06976744186046,10.767441860465116,70270.72093023256,0.31689767441860467,0.6046511627906976,0.46835363,5,1,-0.32939185720930236,0.7640306495348838,-0.47915363069767436,0.3398260558139535,-1.1932444302325582,0.4695601655813953,-0.3932476958139535,0.4099690006976744,-0.17981495723255814,0.1398233789023256,-0.8298940086046511,-0.3888955093023256,-0.24637276209302325,0.7368388095348837,-0.7281577125581395,-0.11352029829069767,-0.07379528089069767,0.540887036511628,-0.7020970562790698,-0.27061375209302324,-0.5844584595348837,-0.384740431627907,0.752612195116279,1.1434357279069767,0.1130355288139535,-0.44034400558139536,0.3669583169767442,-1.3456129441860465,0.9517939993023256,0.539677561627907,-0.0007912754337209305,0.02397737274883721,0.3291262020930233,-0.4589084760465116,0.13353721304651162,-0.7289548858139535,-0.5168583697674418,0.8233849225581396,-0.3359862445116279,-1.1849354325581396,-0.3846894451162791,0.25171004662790697,0.19217938567441858,-0.20813618418604649,0.27553937744186047,0.1784613278139535,-0.25531729883720927,-0.6661829869767442,0.3307974093023256,-0.6715083158139535,0.9999999997774022
988,49.541162227602904,9.868038740920097,18777.406779661018,0.15706259079903148,0.585956416464891,0.42084923,1,1,-0.3519364477663438,0.7505056970653754,-0.45604198216222763,0.33562903213631967,-1.1902301391767554,0.45876053468523,-0.35253522428341405,0.42989035324455205,-0.1289846242349431,0.156344061147046,-0.7789390024273608,-0.40041603109806295,-0.27415042452784505,0.7350833060157386,-0.7281901472033898,-0.15006788262493947,-0.04680800030268765,0.5642618078450363,-0.7115834297978209,-0.2566381937506053,-0.5912856847739709,-0.39959070044394673,0.734108986349879,1.1303757618280872,0.13110822069891043,-0.45592037259079904,0.3567719777300242,-1.3390280598910411,0.941711389527845,0.5330167868159806,0.0032692203096246976,0.0053915922665012115,0.3083663570858354,-0.46717535417191286,0.10004209570387408,-0.7505913205811138,-0.4891839667493947,0.8524961041283293,-0.3063695559544068,-1.151323541150121,-0.3994114120096852,0.2655540652184625,0.2042299891754237,-0.19978956664382566,0.31223854370823245,0.16509111899455206,-0.31999083410532686,-0.6741495828268765,0.3158907396743342,-0.6333737751392252,0.9999981593475267
99,101.39240506329114,19.18354430379747,15327.841772151898,0.3813506329113924,0.6075949367088608,0.36824518,6,1,-0.32809972724683545,0.6872431894810127,-0.4109022347721519,0.3611638196202532,-1.1802584176582278,0.4782505037341772,-0.3541212228291139,0.3739370988607595,-0.1161937233063291,0.13314566420063292,-0.7858961274873417,-0.44106810670886076,-0.25240660107594937,0.7277305750632912,-0.7028822574050633,-0.14952812408227847,-0.12007721048734177,0.5285752764556962,-0.7068691943037975,-0.2599197901265823,-0.583538459556962,-0.3796942410886076,0.6892042078481013,1.0989646142405063,0.17816293551898735,-0.4517080289873418,0.337007372606962,-1.362226301265823,0.9349903194303797,0.5190855034810127,0.012880616900632911,0.020255847823734175,0.32436143837974685,-0.44862642322784807,0.08756393725379746,-0.7125850849367089,-0.5057864989873417,0.8426070706329114,-0.2961067651329114,-1.1373828579746834,-0.4248113562658228,0.2722351613544304,0.20299686518987342,-0.19581745842848103,0.2811362766772152,0.07018066984367088,-0.2707162318860759,-0.672183282278481,0.2966265370253165,-0.6501119198101266,0.9999822564902092
992,67.15228758169934,12.38169934640523,57336.08758169934,0.20182607843137254,0.5875816993464053,0.41257653,11,1,-0.32530907203464055,0.7142050811019608,-0.427238820660915,0.3728291626986275,-1.1778032845633988,0.4729712350078431,-0.33983144514764707,0.3884604304026144,-0.09739842079487582,0.1693648482817647,-0.7691331793908497,-0.44819899282745096,-0.27054854108928106,0.722178330640523,-0.7243309391895425,-0.18277156532538563,-0.10065578237424248,0.5371586417633987,-0.6764560382617647,-0.2483298959477124,-0.5977727389346406,-0.39076586562418303,0.704430992564706,1.1149485926013072,0.16433983317377776,-0.43168306618300656,0.3097056188980392,-1.347476474614379,0.9082920467686275,0.5455604506470588,-0.011060484777205098,0.0033741653464156862,0.2947005044256863,-0.4507119864738562,0.07944993406657516,-0.7491825995013073,-0.5200033429281046,0.8451214743031373,-0.24804052837999999,-1.1330155814248366,-0.43289318415947714,0.2694785297137255,0.18448484397777778,-0.18779655120431374,0.3176200504745098,0.08490013043234379,-0.30851936061764706,-0.6917489538745097,0.3159578711509804,-0.6397025401372549,0.9999999149178176
993,322.0869565217391,61.43478260869565,186772.78260869565,0.5672521739130435,0.391304347826087,0.31246704,13,1,-0.31792590130434784,0.7282769634782609,-0.4428806634782608,0.35280198826086956,-1.2154686217391304,0.47478286913043477,-0.4055637313043478,0.37571282173913045,-0.14149901817391305,0.12841291960869566,-0.8294772565217391,-0.41678809478260875,-0.2491721869565217,0.7384456360869566,-0.7215737391304348,-0.09622223230434783,-0.08956387334782608,0.5186777582608696,-0.74041468,-0.27216483521739127,-0.5691981613043479,-0.37681657652173917,0.7213589113043478,1.1021108260869565,0.1343353075652174,-0.4302386991304348,0.38573797217391304,-1.3695050739130434,0.9689938013043479,0.48775890739130434,0.00530259626521739,0.0553145234826087,0.33194308652173915,-0.4624722952173913,0.14656709504347826,-0.71529186,-0.48404535347826083,0.8449714013043478,-0.3255368830434783,-1.1434727652173913,-0.39599329304347824,0.24556529347826087,0.1937941604347826,-0.20235237652173912,0.30057957217391307,0.14134007739130433,-0.23187669521739132,-0.6583292660869565,0.2967796604347826,-0.6804946369565217,0.9999995224630345
995,49.415,8.626666666666667,20671.903333333332,0.08211083333333334,0.59,0.4372575,14,1,-0.35793735956,0.7396923999833334,-0.3900571295633333,0.3692894876033333,-1.1682466211,0.47427806548333334,-0.3120029897746,0.42394205283333336,-0.0932044690214,0.19485153114598333,-0.7502250601499999,-0.44841918386833335,-0.2526593413591667,0.73279376745,-0.71143220005,-0.22052751875811666,-0.08842272729201667,0.5639773817666667,-0.65220586545,-0.2500298612333333,-0.6075487137833333,-0.44306117614999996,0.7223861255999999,1.1390252319333334,0.17386816989133333,-0.46679082246666664,0.29038002416816666,-1.3509585587333333,0.8876455507333333,0.5524124056666667,0.018008052998583334,-0.026527476134083332,0.28955237515649995,-0.4598013978333334,0.03853558791823333,-0.7844274466333333,-0.5264120462666667,0.8904867324166665,-0.21605914933554998,-1.1609239575666668,-0.4349739538833333,0.3109150515433333,0.21551783853701081,-0.2206634870833333,0.31979460186666664,0.08897736820955,-0.3623762810166667,-0.7046400077666667,0.3502748038683333,-0.6187275148333333,0.9999986318433461
996,63.3177366702938,12.80739934711643,61007.4428726877,0.22855549510337322,0.5125136017410229,0.41385633,1,1,-0.3294215126006529,0.7419497313928183,-0.48338397406855277,0.342505901616975,-1.186642611490751,0.4655407908422198,-0.3700614787529924,0.41079563612622416,-0.15550030185571273,0.15269671056447226,-0.8105177979434168,-0.4071209800435256,-0.2683564598226333,0.714531009085963,-0.7270720015451577,-0.1262169511381393,-0.08425778095464635,0.5474711436887921,-0.7117416342981502,-0.2606721613025027,-0.594534978618063,-0.3761800574134929,0.7426798839281827,1.1423830680522307,0.12858839641917302,-0.44148697723612623,0.3556835512072905,-1.3421861831991295,0.9637497798803047,0.5328045650924919,-0.00927679039305767,0.028428079912487487,0.33286207894559305,-0.4659798111741023,0.10603887256982046,-0.738777582491839,-0.5085982623503809,0.83131921351469,-0.3291035019510337,-1.1608943557453755,-0.41157069985854194,0.24360244578998913,0.18306725063242654,-0.1868106937215234,0.28614485403264417,0.15400453388137106,-0.27436530055495106,-0.6692618684004353,0.31945748485745373,-0.6647026738193689,0.9999999604731861
997,86.02875399361022,16.68370607028754,113659.92012779553,0.27734600638977636,0.5207667731629393,0.3962674,6,1,-0.3272786187220447,0.7200422533226837,-0.4555451738146965,0.33880928653035147,-1.201167423003195,0.4661642780191693,-0.3687112713035144,0.40485412856230035,-0.1232785275223642,0.15395155632217253,-0.7950110877955272,-0.41353155355271565,-0.270074594456869,0.7102071038338659,-0.7297523709265176,-0.12952187090964856,-0.07071824269,0.5453521506581469,-0.7118416367731629,-0.2632807490623003,-0.577352100255591,-0.37317446549520766,0.7094208482747604,1.102775334600639,0.14588377473067093,-0.4441077116613419,0.3414906360031949,-1.3461615534504794,0.9421160266645366,0.5285959012460064,-0.006021921636421725,0.028184639134547284,0.32192004640255595,-0.47276336846645367,0.1151061946568051,-0.7330862925239617,-0.4873285122364217,0.8429185448881789,-0.29363366816613423,-1.126396263514377,-0.3947286885303514,0.24117200550159745,0.1895128298115016,-0.19125247313226837,0.29034539063897763,0.1350949482086262,-0.29024252562300323,-0.6651891957188498,0.3025187108626198,-0.6396226817252396,0.9999999997630222
998,30.316901408450704,6.154929577464789,51466.09859154929,0.0507,0.6619718309859155,0.43115643,4,1,-0.44289374964788736,0.8966082783802817,-0.5240998675352113,0.28947913566901406,-1.0948445820422534,0.38091825452112676,-0.3132689548239436,0.5060773768309859,-0.22975989783309858,0.16172785300633802,-0.7825431720422534,-0.29422936666901406,-0.31203570485915494,0.7268128564084507,-0.7745304004929577,-0.11792420594225352,0.022938457585915492,0.6299005216901408,-0.5867073653521127,-0.20900491167605637,-0.5860087733521127,-0.40784272329577465,0.9043754126056338,1.242405981056338,0.01944277119394366,-0.48967313514084504,0.3607478693661972,-1.2639979971830986,0.9310120288732394,0.6825596892253522,-0.0025113416093661975,-0.04036666344204226,0.35608750684507046,-0.4443680875352113,0.04520342771619718,-0.7920362302816901,-0.6164208719718309,0.7610153679577465,-0.3594483587816902,-1.1782585432394366,-0.40718091500000003,0.271772892112676,0.15033057207042252,-0.17265263753521126,0.26483031250704225,0.34137938869295775,-0.34348601964788733,-0.6774110693661972,0.40985964558450705,-0.6822619223943661,0.9999999835840528
